OTU;Domain;Phylum;Class;Order;Family;Genus;Species;unique;;;;Phylum;Class;Order;Family;Genus;Species;;Family;;;Genus;;;Species;
Otu0001;Bacteria;Bacteroidota;Bacteroidia;Bacteroidales;Bacteroidaceae;Prevotella;Prevotella copri_E;Otu0001;;;Otu0523;Bacillota_A;Clostridia;Lachnospirales;Lachnospiraceae;Lachnospiraceae;Lachnospiraceae;;Lachnospiraceae;86;49.7;Lachnospiraceae;39;;Lachnospiraceae;39
Otu0002;Bacteria;Bacillota_A;Clostridia;Lachnospirales;Lachnospiraceae;Agathobacter;Agathobacter rectalis;Otu0002;;;Otu0646;Bacillota_A;Clostridia;Christensenellales;CAG-917;CAG-349;CAG-349 sp003539515;;Oscillospiraceae;16;9.2;Oscillospiraceae;6;;Oscillospiraceae;6
Otu0003;Bacteria;Bacteroidota;Bacteroidia;Bacteroidales;Bacteroidaceae;Phocaeicola;Phocaeicola sp959599425;Otu0003;;;Otu0680;Bacillota_A;Clostridia;Oscillospirales;Oscillospiraceae;Oscillospiraceae;Oscillospiraceae;;Bacteroidaceae;14;8.1;Phocaeicola;6;;Bacteroides;4
Otu0004;Bacteria;Bacillota_A;Clostridia;Oscillospirales;Ruminococcaceae;Faecalibacterium;Faecalibacterium prausnitzii_D;Otu0004;;;Otu0724;Bacillota_A;Clostridia;Lachnospirales;Lachnospiraceae;Roseburia_D;Roseburia_D yibonii;;Ruminococcaceae;14;8.1;Bacteroides;5;;Roseburia_C amylophila;4
Otu0005;Bacteria;Bacillota_A;Clostridia;Lachnospirales;Lachnospiraceae;Blautia_A;Blautia_A sp003471165;Otu0005;;;Otu0854;Bacillota_A;Clostridia;Christensenellales;CAG-138;SFEL01;SFEL01 sp004557245;;UBA660;5;2.9;Agathobacter;4;;Blautia_A;4
Otu0006;Bacteria;Bacillota_I;Bacilli_A;Erysipelotrichales;Coprobacillaceae;Catenibacterium;Catenibacterium faecis;Otu0006;;;Otu0867;Bacillota_A;Clostridia;Christensenellales;Aristaeellaceae;UBA11524;UBA11524 sp000437595;;Aristaeellaceae;4;2.3;Roseburia_C;4;;UBA11524 sp000437595;3
Otu0007;Bacteria;Bacteroidota;Bacteroidia;Bacteroidales;Bacteroidaceae;Bacteroides;Bacteroides stercoris;Otu0007;;;Otu0900;Bacteroidota;Bacteroidia;Bacteroidales;Bacteroidaceae;Prevotella;Prevotella ruminicola;;Acutalibacteraceae;4;2.3;Lachnospira;4;;Ruminococcus_C callidus;3
Otu0009;Bacteria;Actinomycetota;Actinomycetes;Actinomycetales;Bifidobacteriaceae;Bifidobacterium;Bifidobacterium adolescentis;Otu0009;;;Otu0921;Bacillota_A;Clostridia;Lachnospirales;Lachnospiraceae;Mediterraneibacter;Mediterraneibacter;;Anaerotignaceae;3;1.7;Blautia_A;4;;Faecalibacillus intestinalis;3
Otu0010;Bacteria;Bacillota_C;Negativicutes;Selenomonadales;Selenomonadaceae;Megamonas;Megamonas funiformis;Otu0010;;;Otu0931;Bacillota_I;Bacilli_A;RF39;UBA660;UMGS1498;UMGS1498 sp934153945;;Coprobacillaceae;3;1.7;UBA11524;3;;Oscillospirales;3
Otu0011;Bacteria;Bacteroidota;Bacteroidia;Bacteroidales;Bacteroidaceae;Prevotella;Prevotella hominis;Otu0011;;;Otu0968;Bacillota_A;Clostridia;Lachnospirales;Lachnospiraceae;Lachnospiraceae;Lachnospiraceae;;Elusimicrobiaceae;3;1.7;Prevotella;3;;Ruminococcaceae;3
Otu0012;Bacteria;Bacteroidota;Bacteroidia;Bacteroidales;Bacteroidaceae;Phocaeicola;Phocaeicola plebeius_A;Otu0012;;;Otu0973;Bacillota_A;Clostridia;Lachnospirales;Anaerotignaceae;Fimicola;Fimicola cottocaccae;;Oscillospirales;3;1.7;Mediterraneibacter;3;;Phocaeicola vulgatus;3
Otu0013;Bacteria;Bacillota_A;Clostridia;Lachnospirales;Lachnospiraceae;Fusicatenibacter;Fusicatenibacter saccharivorans;Otu0013;;;Otu0988;Bacillota_A;Clostridia;Lachnospirales;Lachnospiraceae;Lachnospiraceae;Lachnospiraceae;;CAG-272;3;1.7;Ruminococcus_C;3;;CAG-349 sp003539515;2
Otu0014;Bacteria;Bacillota_A;Clostridia;Lachnospirales;Lachnospiraceae;Blautia_A;Blautia_A fusiformis;Otu0014;;;Otu1016;Bacillota_A;Clostridia;Oscillospirales;Ruminococcaceae;Ruminococcus_C;Ruminococcus_C callidus;;Clostridia;3;1.7;Faecalibacillus;3;;UMGS1498 sp934153945;2
Otu0015;Bacteria;Bacillota_A;Clostridia;Oscillospirales;Acutalibacteraceae;Ruminococcus_E;Ruminococcus_E intestinalis;Otu0015;;;Otu1064;Bacillota_I;Bacilli_A;Erysipelotrichales;Coprobacillaceae;Faecalibacillus;Faecalibacillus intestinalis;;CAG-917;2;1.2;Avelusimicrobium;3;;Fimicola cottocaccae;2
Otu0016;Bacteria;Bacteroidota;Bacteroidia;Bacteroidales;Bacteroidaceae;Phocaeicola;Phocaeicola massiliensis;Otu0016;;;Otu1066;Elusimicrobiota;Elusimicrobia;Elusimicrobiales;Elusimicrobiaceae;Avelusimicrobium;Avelusimicrobium sp002329395;;CAG-508;2;1.2;Oscillospirales;3;;Eubacterium_G segne;2
Otu0017;Bacteria;Bacteroidota;Bacteroidia;Bacteroidales;Bacteroidaceae;Bacteroides;Bacteroides uniformis;Otu0017;;;Otu1069;Bacillota_A;Clostridia;Lachnospirales;Lachnospiraceae;Lachnospiraceae;Lachnospiraceae;;Clostridiaceae;2;1.2;Eubacterium_F;3;;Lachnospira;2
Otu0018;Bacteria;Bacillota_A;Clostridia;Lachnospirales;Lachnospiraceae;Anaerobutyricum;Anaerobutyricum hallii;Otu0018;;;Otu1084;Bacillota_A;Clostridia;Lachnospirales;Lachnospiraceae;Agathobacter;Agathobacter rectalis;;Dialisteraceae;2;1.2;Eubacterium_G;3;;Agathobacter;2
Otu0019;Bacteria;Bacillota_A;Clostridia;Oscillospirales;Ruminococcaceae;Gemmiger;Gemmiger qucibialis;Otu0019;;;Otu1155;Bacillota_A;Clostridia;Lachnospirales;Lachnospiraceae;Lachnospiraceae;Lachnospiraceae;;CAG-138;1;0.6;Ruminococcus_E;3;;Roseburia_D yibonii;1
Otu0020;Bacteria;Bacillota_A;Clostridia;Oscillospirales;Ruminococcaceae;Ruminococcaceae;Ruminococcaceae;Otu0020;;;Otu1161;Bacillota_A;Clostridia;Oscillospirales;Ruminococcaceae;Ruminococcus_F;Ruminococcus_F champanellensis;;Erysipelotrichaceae;1;0.6;Ruminococcaceae;3;;SFEL01 sp004557245;1
Otu0021;Bacteria;Bacteroidota;Bacteroidia;Bacteroidales;Bacteroidaceae;Phocaeicola;Phocaeicola sp959599425;Otu0021;;;Otu1163;Bacillota_A;Clostridia;Lachnospirales;Lachnospiraceae;Lachnospiraceae;Lachnospiraceae;;SK-Y3;1;0.6;CAG-349;2;;Prevotella ruminicola;1
Otu0022;Bacteria;Bacillota_A;Clostridia;Lachnospirales;Lachnospiraceae;Dorea_A;Dorea_A longicatena;Otu0022;;;Otu1191;Bacillota_A;Clostridia;Lachnospirales;Lachnospiraceae;Fusicatenibacter;Fusicatenibacter saccharivorans;;Syntrophomonadaceae;1;0.6;UMGS1498;2;;Mediterraneibacter;1
Otu0023;Bacteria;Bacillota_A;Clostridia;Lachnospirales;Lachnospiraceae;Mediterraneibacter;Mediterraneibacter faecis;Otu0023;;;Otu1206;Bacillota_A;Clostridia;Oscillospirales;Oscillospirales;Oscillospirales;Oscillospirales;;Eggerthellaceae;1;0.6;Fimicola;2;;Avelusimicrobium sp002329395;1
Otu0024;Bacteria;Bacillota_A;Clostridia;Oscillospirales;Acutalibacteraceae;CAG-177;CAG-177 sp003514385;Otu0024;;;Otu1238;Bacillota_A;Clostridia;Lachnospirales;Lachnospiraceae;Eubacterium_F;Eubacterium_F sp000433735;;Rikenellaceae;1;0.6;Enterocloster;2;;Agathobacter rectalis;1
Otu0025;Bacteria;Pseudomonadota;Gammaproteobacteria;Enterobacterales;Enterobacteriaceae;Escherichia;Escherichia marmotae;Otu0025;;;Otu1244;Bacillota_A;Clostridia;Christensenellales;Aristaeellaceae;UBA11524;UBA11524 sp000437595;;;;;Coprococcus_A;2;;Ruminococcus_F champanellensis;1
Otu0026;Bacteria;Bacillota_A;Clostridia;Lachnospirales;Lachnospiraceae;Blautia_A;Blautia_A faecis;Otu0026;;;Otu1259;Bacillota_I;Bacilli_A;Erysipelotrichales;Erysipelotrichaceae;Faecalicoccus;Faecalicoccus pleomorphus;;;;;Roseburia_D;1;;Fusicatenibacter saccharivorans;1
Otu0027;Bacteria;Bacillota_A;Clostridia;Christensenellales;Aristaeellaceae;UBA11524;UBA11524 sp000437595;Otu0027;;;Otu1260;Bacillota_I;Bacilli_A;RF39;UBA660;UMGS1498;UMGS1498 sp934153945;;;;;SFEL01;1;;Eubacterium_F sp000433735;1
Otu0028;Bacteria;Bacillota_A;Clostridia;Lachnospirales;Lachnospiraceae;Anaerostipes;Anaerostipes hadrus;Otu0028;;;Otu1266;Bacillota_A;Clostridia;Lachnospirales;Lachnospiraceae;Acetatifactor;Acetatifactor;;;;;Ruminococcus_F;1;;Faecalicoccus pleomorphus;1
Otu0029;Bacteria;Bacillota_A;Clostridia;Oscillospirales;Oscillospiraceae;Vescimonas;Vescimonas sp000435555;Otu0029;;;Otu1288;Bacteroidota;Bacteroidia;Bacteroidales;Bacteroidaceae;Bacteroides;Bacteroides;;;;;Fusicatenibacter;1;;Acetatifactor;1
Otu0030;Bacteria;Bacillota_A;Clostridia;Lachnospirales;Lachnospiraceae;Oliverpabstia;Oliverpabstia intestinalis;Otu0030;;;Otu1302;Bacillota_A;Clostridia;Lachnospirales;Lachnospiraceae;Eubacterium_G;Eubacterium_G segne;;;;;Faecalicoccus;1;;Mediterraneibacter torques;1
Otu0031;Bacteria;Bacteroidota;Bacteroidia;Bacteroidales;Bacteroidaceae;Bacteroides;Bacteroides faecis;Otu0031;;;Otu1329;Bacillota_A;Clostridia;Lachnospirales;Lachnospiraceae;Mediterraneibacter;Mediterraneibacter torques;;;;;Acetatifactor;1;;Ruminococcus_E bromii;1
Otu0032;Bacteria;Fusobacteriota;Fusobacteriia;Fusobacteriales;Fusobacteriaceae;Fusobacterium_A;Fusobacterium_A sp900543175;Otu0032;;;Otu1353;Bacillota_A;Clostridia;Oscillospirales;Acutalibacteraceae;Ruminococcus_E;Ruminococcus_E bromii;;;;;SK-Y3;1;;SK-Y3;1
Otu0033;Bacteria;Bacillota_A;Clostridia;Lachnospirales;Lachnospiraceae;Blautia_A;Blautia_A obeum;Otu0033;;;Otu1450;Bacillota_A;Clostridia;SK-Y3;SK-Y3;SK-Y3;SK-Y3;;;;;CAG-245;1;;CAG-245 sp000435175;1
Otu0034;Bacteria;Bacillota_A;Clostridia;Lachnospirales;Lachnospiraceae;Roseburia;Roseburia inulinivorans;Otu0034;;;Otu1461;Bacillota_A;Clostridia;Lachnospirales;Lachnospiraceae;Roseburia_C;Roseburia_C amylophila;;;;;UBA3402;1;;Enterocloster sp000431375;1
Otu0035;Bacteria;Bacteroidota;Bacteroidia;Bacteroidales;Bacteroidaceae;Prevotella;Prevotella sp002265625;Otu0035;;;Otu1473;Bacillota_A;Clostridia;Oscillospirales;Oscillospiraceae;Oscillospiraceae;Oscillospiraceae;;;;;Roseburia;1;;UBA3402 sp003478355;1
Otu0036;Bacteria;Bacillota_A;Clostridia;Lachnospirales;Lachnospiraceae;Bariatricus;Bariatricus comes;Otu0036;;;Otu1498;Bacillota_A;Clostridia;TANB77;CAG-508;CAG-245;CAG-245 sp000435175;;;;;UMGS1696;1;;Eubacterium_F sp003491505;1
Otu0037;Bacteria;Bacillota_A;Clostridia;Oscillospirales;Oscillospiraceae;Hominicoprocola;Hominicoprocola fusiformis;Otu0037;;;Otu1564;Bacillota_A;Clostridia;Oscillospirales;Oscillospiraceae;Oscillospiraceae;Oscillospiraceae;;;;;Merdicola;1;;Agathobacter sp900543445;1
Otu0038;Bacteria;Bacteroidota;Bacteroidia;Bacteroidales;Bacteroidaceae;Bacteroides;Bacteroides caccae;Otu0038;;;Otu1587;Bacillota_A;Clostridia;Lachnospirales;Lachnospiraceae;Lachnospiraceae;Lachnospiraceae;;;;;Vescimonas;1;;Roseburia;1
Otu0039;Bacteria;Bacillota_A;Clostridia;Lachnospirales;Lachnospiraceae;Dorea;Dorea formicigenerans;Otu0039;;;Otu1588;Bacillota_A;Clostridia;Lachnospirales;Lachnospiraceae;Eubacterium_G;Eubacterium_G segne;;;;;V9D3004;1;;UMGS1696 sp900753285;1
Otu0040;Bacteria;Bacteroidota;Bacteroidia;Bacteroidales;Bacteroidaceae;Bacteroides;Bacteroides sp902362375;Otu0040;;;Otu1616;Bacillota_A;Clostridia;Lachnospirales;Lachnospiraceae;Enterocloster;Enterocloster sp000431375;;;;;Aristaeellaceae;1;;Coprococcus_A;1
Otu0041;Bacteria;Bacillota_A;Clostridia;Oscillospirales;Acutalibacteraceae;Fimenecus;Fimenecus sp000432435;Otu0041;;;Otu1646;Bacillota_A;Clostridia;Lachnospirales;Lachnospiraceae;Lachnospiraceae;Lachnospiraceae;;;;;CAG-272;;;Merdicola sp900552655;1
Otu0042;Bacteria;Bacillota_A;Clostridia;Lachnospirales;Lachnospiraceae;Acetatifactor;Acetatifactor intestinalis;Otu0042;;;Otu1650;Bacillota_A;Clostridia;Lachnospirales;Lachnospiraceae;UBA3402;UBA3402 sp003478355;;;;;CAG-628;;;Vescimonas fastidiosa;1
Otu0043;Bacteria;Bacteroidota;Bacteroidia;Bacteroidales;Rikenellaceae;Alistipes;Alistipes putredinis;Otu0043;;;Otu1675;Bacillota_A;Clostridia;Oscillospirales;Ruminococcaceae;Ruminococcaceae;Ruminococcaceae;;;;;Butyribacter;;;V9D3004 sp948472945;1
Otu0044;Bacteria;Bacillota_A;Clostridia;Peptostreptococcales;Peptostreptococcaceae;Romboutsia_E;Romboutsia_E sp900066495;Otu0044;;;Otu1687;Bacillota_A;Clostridia;Lachnospirales;Lachnospiraceae;Lachnospiraceae;Lachnospiraceae;;;;;Butyrivibrio_A;;;Coprococcus_A catus;1
Otu0045;Bacteria;Bacillota_A;Clostridia;Oscillospirales;Ruminococcaceae;Gemmiger;Gemmiger formicilis;Otu0045;;;Otu1785;Bacillota_A;Clostridia;Lachnospirales;Lachnospiraceae;Lachnospiraceae;Lachnospiraceae;;;;;Jutongia;;;Aristaeellaceae;1
Otu0046;Bacteria;Bacillota_A;Clostridia;Lachnospirales;Lachnospiraceae;Butyrivibrio_A;Butyrivibrio_A crossotus;Otu0046;;;Otu1852;Bacillota_A;Clostridia;Lachnospirales;Lachnospiraceae;Roseburia_C;Roseburia_C amylophila;;;;;Hominiventricola;;;CAG-272;1
Otu0047;Bacteria;Bacillota_A;Clostridia;Oscillospirales;Ruminococcaceae;Faecalibacterium;Faecalibacterium prausnitzii_D;Otu0047;;;Otu1874;Bacillota_A;Clostridia;Oscillospirales;Oscillospiraceae;Oscillospiraceae;Oscillospiraceae;;;;;Wujia;;;Avelusimicrobium sp900541355;1
Otu0048;Bacteria;Bacteroidota;Bacteroidia;Bacteroidales;Muribaculaceae;Limisoma;Limisoma sp000437795;Otu0048;;;Otu1897;Bacteroidota;Bacteroidia;Bacteroidales;Bacteroidaceae;Phocaeicola;Phocaeicola vulgatus;;;;;Hominicoprocola;;;Prevotella ruminicola_A;1
Otu0049;Bacteria;Fusobacteriota;Fusobacteriia;Fusobacteriales;Fusobacteriaceae;Fusobacterium_B;Fusobacterium_B sp900541465;Otu0049;;;Otu1901;Bacillota_A;Clostridia;Lachnospirales;Lachnospiraceae;Eubacterium_F;Eubacterium_F sp003491505;;;;;Blautia;;;CAG-628 sp934085635;1
Otu0050;Bacteria;Bacillota_A;Clostridia;Lachnospirales;Lachnospiraceae;Mediterraneibacter;Mediterraneibacter torques;Otu0050;;;Otu1909;Bacillota_A;Clostridia;Lachnospirales;Lachnospiraceae;Agathobacter;Agathobacter sp900543445;;;;;Clostridium;;;Butyribacter sp003529475;1
Otu0051;Bacteria;Bacillota_I;Bacilli_A;Erysipelotrichales;Erysipelotrichaceae;Holdemanella;Holdemanella sp900556915;Otu0051;;;Otu1924;Bacillota_A;Clostridia;Lachnospirales;Lachnospiraceae;Lachnospiraceae;Lachnospiraceae;;;;;Dialister;;;Butyrivibrio_A sp000431815;1
Otu0052;Bacteria;Bacillota_A;Clostridia;Oscillospirales;Ruminococcaceae;Huintestinicola;Huintestinicola butyrica;Otu0052;;;Otu1928;Bacillota_A;Clostridia;Lachnospirales;Lachnospiraceae;Roseburia;Roseburia;;;;;Acutalibacter;;;Jutongia huaianensis;1
Otu0053;Bacteria;Bacillota_A;Clostridia;Oscillospirales;Ruminococcaceae;Faecalibacterium;Faecalibacterium prausnitzii_I;Otu0053;;;Otu1939;Bacillota_A;Clostridia;Lachnospirales;Lachnospiraceae;Lachnospira;Lachnospira;;;;;CAG-390;;;Hominiventricola sp003480725;1
Otu0054;Bacteria;Bacillota_A;Clostridia;Lachnospirales;Lachnospiraceae;Hominisplanchenecus;Hominisplanchenecus faecis;Otu0054;;;Otu1970;Bacillota_A;Clostridia;Lachnospirales;Lachnospiraceae;Lachnospiraceae;Lachnospiraceae;;;;;Faecalibacterium;;;Wujia;1
Otu0055;Bacteria;Bacteroidota;Bacteroidia;Bacteroidales;Tannerellaceae;Parabacteroides;Parabacteroides merdae;Otu0055;;;Otu1992;Bacillota_A;Clostridia;Oscillospirales;CAG-272;UMGS1696;UMGS1696 sp900753285;;;;;Faecousia;;;Hominicoprocola sp900317525;1
Otu0056;Bacteria;Bacillota_C;Negativicutes;Veillonellales;Dialisteraceae;Dialister;Dialister hominis;Otu0056;;;Otu1993;Bacillota_A;Clostridia;Lachnospirales;Lachnospiraceae;Coprococcus_A;Coprococcus_A;;;;;Ruminiclostridium_E;;;Blautia stercoris;
Otu0057;Bacteria;Bacillota_A;Clostridia;Lachnospirales;Lachnospiraceae;Lachnospira;Lachnospira eligens_A;Otu0057;;;Otu2003;Bacillota_I;Bacilli_A;Erysipelotrichales;Coprobacillaceae;Faecalibacillus;Faecalibacillus intestinalis;;;;;Anaerotruncus;;;Clostridium lentum;
Otu0058;Bacteria;Bacteroidota;Bacteroidia;Bacteroidales;Bacteroidaceae;Bacteroides;Bacteroides xylanisolvens;Otu0058;;;Otu2057;Bacillota_A;Clostridia;Lachnospirales;Lachnospiraceae;Lachnospiraceae;Lachnospiraceae;;;;;CAG-170;;;Dialister invisus;
Otu0059;Bacteria;Bacteroidota;Bacteroidia;Bacteroidales;Bacteroidaceae;Paraprevotella;Paraprevotella clara;Otu0059;;;Otu2092;Bacillota_A;Clostridia;Lachnospirales;Lachnospiraceae;Agathobacter;Agathobacter;;;;;Anaerotignum;;;Lachnospira hominis;
Otu0060;Bacteria;Bacillota_A;Clostridia;Oscillospirales;Ruminococcaceae;Hominimerdicola;Hominimerdicola aceti;Otu0060;;;Otu2135;Bacillota_A;Clostridia;TANB77;CAG-508;Merdicola;Merdicola sp900552655;;;;;F23-B02;;;Acutalibacter;
Otu0061;Bacteria;Bacillota_A;Clostridia;Christensenellales;Aristaeellaceae;Ventricola;Ventricola sp900542395;Otu0061;;;Otu2141;Bacillota_A;Clostridia;Oscillospirales;Oscillospiraceae;Vescimonas;Vescimonas fastidiosa;;;;;Petralouisia;;;Enterocloster;
Otu0062;Bacteria;Bacillota_A;Clostridia;Lachnospirales;Lachnospiraceae;Blautia_A;Blautia_A intestinalis;Otu0062;;;Otu2142;Bacillota_A;Clostridia;Lachnospirales;Lachnospiraceae;V9D3004;V9D3004 sp948472945;;;;;Syntrophomonas_B;;;CAG-390;
Otu0063;Bacteria;Bacillota_A;Clostridia;Lachnospirales;Lachnospiraceae;Eubacterium_I;Eubacterium_I ramulus;Otu0063;;;Otu2153;Bacillota_A;Clostridia;Lachnospirales;Lachnospiraceae;Blautia_A;Blautia_A;;;;;Anaerotardibacter;;;Faecalibacterium;
Otu0064;Bacteria;Actinomycetota;Coriobacteriia;Coriobacteriales;Coriobacteriaceae;Collinsella;Collinsella sp003466125;Otu0064;;;Otu2169;Bacillota_A;Clostridia;Oscillospirales;Oscillospirales;Oscillospirales;Oscillospirales;;;;;Alitiscatomonas;;;Faecousia sp000434635;
Otu0065;Bacteria;Bacillota_I;Bacilli_A;Erysipelotrichales;Coprobacillaceae;Faecalibacillus;Faecalibacillus faecis;Otu0065;;;Otu2173;Bacillota_A;Clostridia;Lachnospirales;Lachnospiraceae;Coprococcus_A;Coprococcus_A catus;;;;;Onthocola_B;;;Ruminiclostridium_E siraeum;
Otu0066;Bacteria;Bacteroidota;Bacteroidia;Bacteroidales;Rikenellaceae;Alistipes;Alistipes shahii;Otu0066;;;Otu2316;Bacillota_A;Clostridia;Christensenellales;Aristaeellaceae;Aristaeellaceae;Aristaeellaceae;;;;;Clostridia;;;Anaerotruncus massiliensis;
Otu0067;Bacteria;Bacillota_A;Clostridia;Oscillospirales;Oscillospiraceae;Vescimonas;Vescimonas coprocola;Otu0067;;;Otu2332;Bacillota_A;Clostridia;Oscillospirales;CAG-272;CAG-272;CAG-272;;;;;Fimivivens;;;Eubacterium_G;
Otu0068;Bacteria;Bacillota_A;Clostridia;Lachnospirales;Lachnospiraceae;Otoolea;Otoolea fessa;Otu0068;;;Otu2333;Elusimicrobiota;Elusimicrobia;Elusimicrobiales;Elusimicrobiaceae;Avelusimicrobium;Avelusimicrobium sp900541355;;;;;Alistipes;;;Ruminococcus_E;
Otu0069;Bacteria;Bacteroidota;Bacteroidia;Bacteroidales;Bacteroidaceae;Bacteroides;Bacteroides;Otu0069;;;Otu2335;Bacillota_A;Clostridia;Lachnospirales;Lachnospiraceae;Lachnospiraceae;Lachnospiraceae;;;;;Oliverpabstia;;;CAG-170 sp000432135;
Otu0070;Bacteria;Bacteroidota;Bacteroidia;Bacteroidales;Bacteroidaceae;Paraprevotella;Paraprevotella clara;Otu0070;;;Otu2390;Bacteroidota;Bacteroidia;Bacteroidales;Bacteroidaceae;Prevotella;Prevotella ruminicola_A;;;;;Schaedlerella;;;Anaerotignum faecicola;
Otu0071;Bacteria;Bacillota_A;Clostridia;Lachnospirales;Lachnospiraceae;Anthropogastromicrobium;Anthropogastromicrobium aceti;Otu0071;;;Otu2400;Bacillota_I;Bacilli_A;RF39;UBA660;CAG-628;CAG-628 sp934085635;;;;;CAG-533;;;F23-B02 sp001916715;
Otu0072;Bacteria;Bacillota_A;Clostridia;Oscillospirales;Oscillospiraceae;Faecousia;Faecousia sp000434635;Otu0072;;;Otu2401;Bacillota_A;Clostridia;Lachnospirales;Lachnospiraceae;Butyribacter;Butyribacter sp003529475;;;;;Gallintestinimicrobium;;;Bacteroides sp900765785;
Otu0073;Bacteria;Bacillota_A;Clostridia;Lachnospirales;Lachnospiraceae;Roseburia_C;Roseburia_C amylophila;Otu0073;;;Otu2412;Bacillota_A;Clostridia;Lachnospirales;Lachnospiraceae;Butyrivibrio_A;Butyrivibrio_A sp000431815;;;;;;;;Petralouisia sp001940225;
Otu0074;Bacteria;Bacteroidota;Bacteroidia;Bacteroidales;Tannerellaceae;Parabacteroides;Parabacteroides distasonis;Otu0074;;;Otu2570;Bacillota_A;Clostridia;Lachnospirales;Lachnospiraceae;Lachnospiraceae;Lachnospiraceae;;;;;;;;Phocaeicola;
Otu0075;Bacteria;Bacillota_A;Clostridia;Clostridiales;Clostridiaceae;Clostridium;Clostridium saudiense;Otu0075;;;Otu2645;Bacteroidota;Bacteroidia;Bacteroidales;Bacteroidaceae;Phocaeicola;Phocaeicola vulgatus;;;;;;;;Syntrophomonas_B zehnderi;
Otu0076;Bacteria;Bacillota_A;Clostridia;Oscillospirales;Acutalibacteraceae;Hominenteromicrobium;Hominenteromicrobium mulieris;Otu0076;;;Otu2649;Bacillota_A;Clostridia;Lachnospirales;Lachnospiraceae;Lachnospira;Lachnospira;;;;;;;;Faecousia sp003525905;
Otu0077;Bacteria;Bacillota_A;Clostridia;Lachnospirales;Lachnospiraceae;Roseburia;Roseburia hominis;Otu0077;;;Otu2739;Bacillota_A;Clostridia;Lachnospirales;Lachnospiraceae;Jutongia;Jutongia huaianensis;;;;;;;;Anaerotardibacter sp000436075;
Otu0078;Bacteria;Bacillota_A;Clostridia;Lachnospirales;Lachnospiraceae;Blautia;Blautia celeris;Otu0078;;;Otu2751;Bacillota_A;Clostridia;Lachnospirales;Lachnospiraceae;Hominiventricola;Hominiventricola sp003480725;;;;;;;;Alitiscatomonas sp900541255;
Otu0079;Bacteria;Bacillota_A;Clostridia;Lachnospirales;Lachnospiraceae;Wujia;Wujia chipingensis;Otu0079;;;Otu2847;Bacillota_A;Clostridia;Lachnospirales;Lachnospiraceae;Wujia;Wujia;;;;;;;;Onthocola_B sp000438075;
Otu0080;Bacteria;Verrucomicrobiota;Verrucomicrobiae;Verrucomicrobiales;Akkermansiaceae;Akkermansia;Akkermansia muciniphila_A;Otu0080;;;Otu2992;Bacteroidota;Bacteroidia;Bacteroidales;Bacteroidaceae;Bacteroides;Bacteroides;;;;;;;;Clostridia;
Otu0081;Bacteria;Bacillota_A;Clostridia;Lachnospirales;Lachnospiraceae;Lachnospira;Lachnospira pectinoschiza_A;Otu0081;;;Otu3126;Bacteroidota;Bacteroidia;Bacteroidales;Bacteroidaceae;Bacteroides;Bacteroides;;;;;;;;Fimivivens sp900113995;
Otu0082;Bacteria;Bacteroidota;Bacteroidia;Bacteroidales;Bacteroidaceae;Bacteroides;Bacteroides eggerthii;Otu0082;;;Otu3174;Bacillota_A;Clostridia;Lachnospirales;Lachnospiraceae;Lachnospiraceae;Lachnospiraceae;;;;;;;;Lachnospira pectinoschiza_A;
Otu0083;Bacteria;Bacillota_A;Clostridia;Oscillospirales;Acutalibacteraceae;CAG-217;CAG-217 sp000436335;Otu0083;;;Otu3192;Bacillota_A;Clostridia;Lachnospirales;Lachnospiraceae;Blautia_A;Blautia_A;;;;;;;;Phocaeicola massiliensis;
Otu0084;Bacteria;Bacillota_A;Clostridia;Oscillospirales;Oscillospiraceae;Hominicoprocola;Hominicoprocola sp900317525;Otu0084;;;Otu3203;Bacillota_A;Clostridia;Christensenellales;Aristaeellaceae;UBA11524;UBA11524 sp000437595;;;;;;;;Eubacterium_F;
Otu0085;Bacteria;Bacteroidota;Bacteroidia;Bacteroidales;Bacteroidaceae;Alloprevotella;Alloprevotella timonensis;Otu0085;;;Otu3224;Bacteroidota;Bacteroidia;Bacteroidales;Bacteroidaceae;Bacteroides;Bacteroides;;;;;;;;Faecousia sp000435995;
Otu0086;Bacteria;Bacillota_C;Negativicutes;Veillonellales;Megasphaeraceae;Megasphaera;Megasphaera elsdenii;Otu0086;;;Otu3321;Bacillota_A;Clostridia;Oscillospirales;Oscillospiraceae;Hominicoprocola;Hominicoprocola sp900317525;;;;;;;;Alistipes putredinis;
Otu0087;Bacteria;Bacillota;Bacilli;Lactobacillales;Streptococcaceae;Streptococcus;Streptococcus thermophilus;Otu0087;;;Otu3340;Bacillota_A;Clostridia;Lachnospirales;Lachnospiraceae;Lachnospiraceae;Lachnospiraceae;;;;;;;;Mediterraneibacter sp934309345;
Otu0088;Bacteria;Bacillota_A;Clostridia;Lachnospirales;Lachnospiraceae;Gallintestinimicrobium;Gallintestinimicrobium propionicum;Otu0088;;;Otu3390;Bacillota_A;Clostridia;Lachnospirales;Lachnospiraceae;Lachnospiraceae;Lachnospiraceae;;;;;;;;Oliverpabstia faecicola;
Otu0089;Bacteria;Pseudomonadota;Gammaproteobacteria;Burkholderiales;Burkholderiaceae;Parasutterella;Parasutterella excrementihominis;Otu0089;;;Otu3463;Bacillota_A;Clostridia;Lachnospirales;Lachnospiraceae;Lachnospiraceae;Lachnospiraceae;;;;;;;;Faecalibacterium sp900758465;
Otu0090;Bacteria;Bacillota_A;Clostridia;Lachnospirales;Lachnospiraceae;Enterocloster;Enterocloster sp000431375;Otu0090;;;Otu3468;Bacillota_A;Clostridia;Lachnospirales;Lachnospiraceae;Blautia;Blautia stercoris;;;;;;;;Faecalibacterium prausnitzii_E;
Otu0091;Bacteria;Bacillota_A;Clostridia;Oscillospirales;Acutalibacteraceae;Pseudoruminococcus;Pseudoruminococcus massiliensis;Otu0091;;;Otu3491;Bacillota_A;Clostridia;Lachnospirales;Lachnospiraceae;Lachnospiraceae;Lachnospiraceae;;;;;;;;Schaedlerella;
Otu0092;Bacteria;Bacillota_A;Clostridia;Lachnospirales;Lachnospiraceae;Alitiscatomonas;Alitiscatomonas sp900066535;Otu0092;;;Otu3603;Bacillota_A;Clostridia;Lachnospirales;Lachnospiraceae;Blautia_A;Blautia_A;;;;;;;;CAG-533 sp900551105;
Otu0093;Bacteria;Bacillota_A;Clostridia;Lachnospirales;Lachnospiraceae;Lachnospiraceae;Lachnospiraceae;Otu0093;;;Otu3629;Bacillota_A;Clostridia;Clostridiales;Clostridiaceae;Clostridium;Clostridium lentum;;;;;;;;Phocaeicola sp948566455;
Otu0094;Bacteria;Bacillota_A;Clostridia;Lachnospirales;Lachnospiraceae;Eubacterium_F;Eubacterium_F sp003491505;Otu0094;;;Otu3650;Bacillota_C;Negativicutes;Veillonellales;Dialisteraceae;Dialister;Dialister invisus;;;;;;;;Gallintestinimicrobium propionicum;
Otu0095;Bacteria;Bacteroidota;Bacteroidia;Bacteroidales;Bacteroidaceae;Phocaeicola;Phocaeicola;Otu0095;;;Otu3671;Bacillota_A;Clostridia;Oscillospirales;Ruminococcaceae;Ruminococcus_C;Ruminococcus_C callidus;;;;;;;;CAG-170;
Otu0096;Bacteria;Bacteroidota;Bacteroidia;Bacteroidales;Bacteroidaceae;Prevotella;Prevotella copri_E;Otu0096;;;Otu3679;Bacillota_A;Clostridia;Lachnospirales;Lachnospiraceae;Agathobacter;Agathobacter;;;;;;;;Avelusimicrobium;
Otu0097;Bacteria;Bacillota_A;Clostridia;Lachnospirales;Lachnospiraceae;Ruminococcus_B;Ruminococcus_B gnavus;Otu0097;;;Otu3729;Bacillota_A;Clostridia;Lachnospirales;Lachnospiraceae;Lachnospira;Lachnospira hominis;;;;;;;;Prevotella;
Otu0098;Bacteria;Bacillota_A;Clostridia;Lachnospirales;Lachnospiraceae;Hominiventricola;Hominiventricola sp003480725;Otu0098;;;Otu3752;Bacillota_A;Clostridia;Oscillospirales;Acutalibacteraceae;Acutalibacter;Acutalibacter;;;;;;;;Jutongia;
Otu0099;Bacteria;Bacteroidota;Bacteroidia;Bacteroidales;Bacteroidaceae;Phocaeicola;Phocaeicola;Otu0099;;;Otu3770;Bacillota_A;Clostridia;Lachnospirales;Lachnospiraceae;Enterocloster;Enterocloster;;;;;;;;;
Otu0100;Bacteria;Bacillota_A;Clostridia;Christensenellales;CAG-138;SFEL01;SFEL01 sp004557245;Otu0100;;;Otu3803;Bacillota_A;Clostridia;Oscillospirales;CAG-272;CAG-390;CAG-390;;;;;;;;;
Otu0101;Bacteria;Bacillota_A;Clostridia;Oscillospirales;Ruminococcaceae;Ruminococcaceae;Ruminococcaceae;Otu0101;;;Otu3946;Bacillota_A;Clostridia;Oscillospirales;Ruminococcaceae;Faecalibacterium;Faecalibacterium;;;;;;;;;
Otu0102;Bacteria;Bacteroidota;Bacteroidia;Bacteroidales;Bacteroidaceae;Prevotella;Prevotella;Otu0102;;;Otu4043;Bacillota_A;Clostridia;Oscillospirales;Ruminococcaceae;Ruminococcus_C;Ruminococcus_C callidus;;;;;;;;;
Otu0103;Bacteria;Bacteroidota;Bacteroidia;Bacteroidales;Barnesiellaceae;Barnesiella;Barnesiella intestinihominis;Otu0103;;;Otu4050;Bacillota_A;Clostridia;Oscillospirales;Oscillospiraceae;Faecousia;Faecousia sp000434635;;;;;;;;;
Otu0104;Bacteria;Bacillota_A;Clostridia;Oscillospirales;Oscillospiraceae;CAG-103;CAG-103 sp000432375;Otu0104;;;Otu4051;Bacillota_A;Clostridia;Lachnospirales;Anaerotignaceae;Fimicola;Fimicola cottocaccae;;;;;;;;;
Otu0105;Bacteria;Bacteroidota;Bacteroidia;Bacteroidales;Bacteroidaceae;Bacteroides;Bacteroides stercoris;Otu0105;;;Otu4087;Bacillota_A;Clostridia;Oscillospirales;Oscillospiraceae;Oscillospiraceae;Oscillospiraceae;;;;;;;;;
Otu0106;Bacteria;Bacillota_A;Clostridia;Clostridiales;Clostridiaceae;Clostridium;Clostridium lentum;Otu0106;;;Otu4090;Bacillota_A;Clostridia;Oscillospirales;Ruminococcaceae;Ruminiclostridium_E;Ruminiclostridium_E siraeum;;;;;;;;;
Otu0107;Bacteria;Pseudomonadota;Gammaproteobacteria;Burkholderiales;Burkholderiaceae;Sutterella;Sutterella wadsworthensis_A;Otu0107;;;Otu4103;Bacillota_A;Clostridia;Oscillospirales;Ruminococcaceae;Anaerotruncus;Anaerotruncus massiliensis;;;;;;;;;
Otu0108;Bacteria;Bacillota_A;Clostridia;Lachnospirales;Lachnospiraceae;Lachnospira;Lachnospira sp000437735;Otu0108;;;Otu4105;Bacillota_A;Clostridia;Lachnospirales;Lachnospiraceae;Eubacterium_G;Eubacterium_G;;;;;;;;;
Otu0109;Bacteria;Bacillota_A;Clostridia;Oscillospirales;Ruminococcaceae;Faecalibacterium;Faecalibacterium;Otu0109;;;Otu4133;Bacillota_A;Clostridia;Oscillospirales;Acutalibacteraceae;Ruminococcus_E;Ruminococcus_E;;;;;;;;;
Otu0110;Bacteria;Bacteroidota;Bacteroidia;Bacteroidales;Bacteroidaceae;Bacteroides;Bacteroides cellulosilyticus;Otu0110;;;Otu4147;Bacillota_A;Clostridia;Lachnospirales;Lachnospiraceae;Lachnospiraceae;Lachnospiraceae;;;;;;;;;
Otu0111;Bacteria;Bacillota_A;Clostridia;Lachnospirales;Lachnospiraceae;Agathobacter;Agathobacter;Otu0111;;;Otu4177;Bacillota_A;Clostridia;Oscillospirales;Oscillospiraceae;CAG-170;CAG-170 sp000432135;;;;;;;;;
Otu0112;Bacteria;Bacteroidota;Bacteroidia;Bacteroidales;Bacteroidaceae;Phocaeicola;Phocaeicola sp959599425;Otu0112;;;Otu4247;Bacillota_A;Clostridia;Lachnospirales;Lachnospiraceae;Lachnospiraceae;Lachnospiraceae;;;;;;;;;
Otu0113;Bacteria;Bacillota_A;Clostridia;Lachnospirales;Lachnospiraceae;Agathobacter;Agathobacter rectalis;Otu0113;;;Otu4304;Bacillota_A;Clostridia;Christensenellales;CAG-917;CAG-349;CAG-349 sp003539515;;;;;;;;;
Otu0114;Bacteria;Bacillota_A;Clostridia;Oscillospirales;Butyricicoccaceae;Agathobaculum;Agathobaculum butyriciproducens;Otu0114;;;Otu4327;Bacillota_A;Clostridia;Lachnospirales;Anaerotignaceae;Anaerotignum;Anaerotignum faecicola;;;;;;;;;
Otu0115;Bacteria;Bacillota_A;Clostridia;Oscillospirales;Ruminococcaceae;Ruminococcus_C;Ruminococcus_C callidus;Otu0115;;;Otu4358;Bacillota_A;Clostridia;Oscillospirales;Oscillospiraceae;F23-B02;F23-B02 sp001916715;;;;;;;;;
Otu0116;Bacteria;Bacillota_A;Clostridia;Lachnospirales;Lachnospiraceae;Suilimivivens;Suilimivivens sp021628825;Otu0116;;;Otu4406;Bacillota_A;Clostridia;Oscillospirales;Oscillospirales;Oscillospirales;Oscillospirales;;;;;;;;;
Otu0117;Bacteria;Bacillota_A;Clostridia;Oscillospirales;Acutalibacteraceae;Eubacterium_R;Eubacterium_R sp000436835;Otu0117;;;Otu4414;Bacteroidota;Bacteroidia;Bacteroidales;Bacteroidaceae;Bacteroides;Bacteroides sp900765785;;;;;;;;;
Otu0118;Bacteria;Bacteroidota;Bacteroidia;Bacteroidales;Bacteroidaceae;Bacteroides;Bacteroides;Otu0118;;;Otu4425;Bacillota_A;Clostridia;Lachnospirales;Lachnospiraceae;Lachnospiraceae;Lachnospiraceae;;;;;;;;;
Otu0119;Bacteria;Bacillota_A;Clostridia;UBA1381;UBA1381;Hominilimicola;Hominilimicola fabiformis;Otu0119;;;Otu4457;Bacillota_A;Clostridia;Lachnospirales;Lachnospiraceae;Petralouisia;Petralouisia sp001940225;;;;;;;;;
Otu0120;Bacteria;Bacillota_A;Clostridia;Lachnospirales;Lachnospiraceae;Eubacterium_G;Eubacterium_G ventriosum;Otu0120;;;Otu4666;Bacteroidota;Bacteroidia;Bacteroidales;Bacteroidaceae;Phocaeicola;Phocaeicola;;;;;;;;;
Otu0121;Bacteria;Bacillota_A;Clostridia;Oscillospirales;Oscillospiraceae;Dysosmobacter;Dysosmobacter segnis;Otu0121;;;Otu4674;Bacillota_A;Clostridia;Lachnospirales;Lachnospiraceae;Lachnospiraceae;Lachnospiraceae;;;;;;;;;
Otu0122;Bacteria;Bacillota_A;Clostridia;Lachnospirales;Lachnospiraceae;Coprococcus;Coprococcus ammoniilyticus;Otu0122;;;Otu4741;Bacillota_A;Clostridia;Oscillospirales;Acutalibacteraceae;Ruminococcus_E;Ruminococcus_E;;;;;;;;;
Otu0123;Bacteria;Bacillota_A;Clostridia;Lachnospirales;Lachnospiraceae;CAG-194;CAG-194 sp018917935;Otu0123;;;Otu4777;Bacillota_B;Syntrophomonadia;Syntrophomonadales;Syntrophomonadaceae;Syntrophomonas_B;Syntrophomonas_B zehnderi;;;;;;;;;
Otu0124;Bacteria;Bacillota_A;Clostridia;Lachnospirales;Lachnospiraceae;Butyribacter;Butyribacter sp003529475;Otu0124;;;Otu4791;Bacillota_A;Clostridia;Oscillospirales;Oscillospiraceae;Faecousia;Faecousia sp003525905;;;;;;;;;
Otu0125;Bacteria;Bacillota_C;Negativicutes;Veillonellales;Dialisteraceae;Dialister;Dialister invisus;Otu0125;;;Otu4809;Actinomycetota;Coriobacteriia;Coriobacteriales;Eggerthellaceae;Anaerotardibacter;Anaerotardibacter sp000436075;;;;;;;;;
Otu0126;Bacteria;Bacillota_A;Clostridia;Oscillospirales;Oscillospiraceae;CAG-170;CAG-170 sp900549635;Otu0126;;;Otu4925;Bacillota_A;Clostridia;Lachnospirales;Lachnospiraceae;Alitiscatomonas;Alitiscatomonas sp900541255;;;;;;;;;
Otu0127;Bacteria;Bacillota_A;Clostridia;Lachnospirales;Lachnospiraceae;Coprococcus_A;Coprococcus_A catus_A;Otu0127;;;Otu4932;Bacillota_A;Clostridia;Lachnospirales;Lachnospiraceae;Lachnospiraceae;Lachnospiraceae;;;;;;;;;
Otu0129;Bacteria;Bacteroidota;Bacteroidia;Bacteroidales;Bacteroidaceae;Phocaeicola;Phocaeicola;Otu0129;;;Otu5021;Bacillota_I;Bacilli_A;RF39;UBA660;Onthocola_B;Onthocola_B sp000438075;;;;;;;;;
Otu0130;Bacteria;Bacteroidota;Bacteroidia;Bacteroidales;Bacteroidaceae;Phocaeicola;Phocaeicola;Otu0130;;;Otu5038;Bacillota_A;Clostridia;Oscillospirales;Ruminococcaceae;Ruminococcaceae;Ruminococcaceae;;;;;;;;;
Otu0131;Bacteria;Bacillota_A;Clostridia;Lachnospirales;Lachnospiraceae;Blautia_A;Blautia_A;Otu0131;;;Otu5077;Bacillota_A;Clostridia;Lachnospirales;Lachnospiraceae;Lachnospiraceae;Lachnospiraceae;;;;;;;;;
Otu0133;Bacteria;Bacillota_A;Clostridia;Oscillospirales;Oscillospiraceae;CAG-170;CAG-170 sp000432135;Otu0133;;;Otu5143;Bacillota_A;Clostridia;Clostridia;Clostridia;Clostridia;Clostridia;;;;;;;;;
Otu0134;Bacteria;Bacillota_A;Clostridia;Lachnospirales;Lachnospiraceae;Agathobacter;Agathobacter rectalis;Otu0134;;;Otu5152;Bacillota_A;Clostridia;Lachnospirales;Lachnospiraceae;Lachnospiraceae;Lachnospiraceae;;;;;;;;;
Otu0135;Bacteria;Bacillota_A;Clostridia;Lachnospirales;Lachnospiraceae;Anaerobutyricum;Anaerobutyricum soehngenii;Otu0135;;;Otu5175;Bacillota_A;Clostridia;Clostridia;Clostridia;Clostridia;Clostridia;;;;;;;;;
Otu0136;Bacteria;Bacteroidota;Bacteroidia;Bacteroidales;Bacteroidaceae;Phocaeicola;Phocaeicola sp959599425;Otu0136;;;Otu5222;Bacillota_A;Clostridia;Lachnospirales;Lachnospiraceae;Lachnospiraceae;Lachnospiraceae;;;;;;;;;
Otu0138;Bacteria;Bacillota_A;Clostridia;Lachnospirales;Lachnospiraceae;Mediterraneibacter;Mediterraneibacter lactaris;Otu0138;;;Otu5239;Bacillota_A;Clostridia;Lachnospirales;Lachnospiraceae;Lachnospiraceae;Lachnospiraceae;;;;;;;;;
Otu0139;Bacteria;Bacteroidota;Bacteroidia;Bacteroidales;Bacteroidaceae;Phocaeicola;Phocaeicola;Otu0139;;;Otu5260;Bacillota_A;Clostridia;Oscillospirales;Ruminococcaceae;Fimivivens;Fimivivens sp900113995;;;;;;;;;
Otu0140;Bacteria;Bacillota_A;Clostridia;TANB77;CAG-508;CAG-245;CAG-245 sp000435175;Otu0140;;;Otu5271;Bacillota_A;Clostridia;Lachnospirales;Lachnospiraceae;Lachnospiraceae;Lachnospiraceae;;;;;;;;;
Otu0141;Bacteria;Bacillota_A;Clostridia;Lachnospirales;Lachnospiraceae;Lachnospiraceae;Lachnospiraceae;Otu0141;;;Otu5363;Bacillota_A;Clostridia;Clostridiales;Clostridiaceae;Clostridium;Clostridium lentum;;;;;;;;;
Otu0143;Bacteria;Bacillota_A;Clostridia;Lachnospirales;Lachnospiraceae;Blautia_A;Blautia_A acetigignens;Otu0143;;;Otu5373;Bacillota_A;Clostridia;Lachnospirales;Lachnospiraceae;Lachnospiraceae;Lachnospiraceae;;;;;;;;;
Otu0144;Bacteria;Bacillota_A;Clostridia;Lachnospirales;Lachnospiraceae;Butyribacter;Butyribacter intestini;Otu0144;;;Otu5411;Bacillota_A;Clostridia;Lachnospirales;Lachnospiraceae;Lachnospira;Lachnospira pectinoschiza_A;;;;;;;;;
Otu0145;Bacteria;Bacillota_A;Clostridia;Lachnospirales;Lachnospiraceae;Limivivens;Limivivens faecihominis;Otu0145;;;Otu5432;Bacillota_I;Bacilli_A;Erysipelotrichales;Coprobacillaceae;Faecalibacillus;Faecalibacillus intestinalis;;;;;;;;;
Otu0146;Bacteria;Bacillota_A;Clostridia;Lachnospirales;Lachnospiraceae;Agathobacter;Agathobacter rectalis;Otu0146;;;Otu5487;Bacteroidota;Bacteroidia;Bacteroidales;Bacteroidaceae;Phocaeicola;Phocaeicola massiliensis;;;;;;;;;
Otu0148;Bacteria;Bacteroidota;Bacteroidia;Bacteroidales;Bacteroidaceae;Phocaeicola;Phocaeicola sp000434735;Otu0148;;;Otu5489;Bacillota_A;Clostridia;Lachnospirales;Lachnospiraceae;Eubacterium_F;Eubacterium_F;;;;;;;;;
Otu0149;Bacteria;Bacillota_A;Clostridia;Oscillospirales;Oscillospiraceae;Faecousia;Faecousia sp000434635;Otu0149;;;Otu5543;Bacillota_A;Clostridia;Lachnospirales;Lachnospiraceae;Lachnospiraceae;Lachnospiraceae;;;;;;;;;
Otu0150;Bacteria;Bacillota_A;Clostridia;Oscillospirales;Oscillospiraceae;Limivicinus;Limivicinus sp002320035;Otu0150;;;Otu5562;Bacillota_A;Clostridia;Clostridia;Clostridia;Clostridia;Clostridia;;;;;;;;;
Otu0151;Bacteria;Bacillota_A;Clostridia;Oscillospirales;Oscillospiraceae;Oscillospiraceae;Oscillospiraceae;Otu0151;;;Otu5583;Bacillota_A;Clostridia;Oscillospirales;Oscillospiraceae;Faecousia;Faecousia sp000435995;;;;;;;;;
Otu0152;Bacteria;Bacteroidota;Bacteroidia;Bacteroidales;Bacteroidaceae;Phocaeicola;Phocaeicola;Otu0152;;;Otu5670;Bacteroidota;Bacteroidia;Bacteroidales;Rikenellaceae;Alistipes;Alistipes putredinis;;;;;;;;;
Otu0153;Bacteria;Pseudomonadota;Gammaproteobacteria;Enterobacterales;Enterobacteriaceae;Enterobacter;Enterobacter;Otu0153;;;Otu5693;Bacillota_A;Clostridia;Lachnospirales;Lachnospiraceae;Mediterraneibacter;Mediterraneibacter sp934309345;;;;;;;;;
Otu0154;Bacteria;Bacillota_A;Clostridia;Lachnospirales;Lachnospiraceae;Coprococcus;Coprococcus eutactus;Otu0154;;;Otu5732;Bacillota_A;Clostridia;Lachnospirales;Lachnospiraceae;Roseburia_C;Roseburia_C amylophila;;;;;;;;;
Otu0155;Bacteria;Bacteroidota;Bacteroidia;Bacteroidales;Bacteroidaceae;Bacteroides;Bacteroides;Otu0155;;;Otu5739;Bacillota_A;Clostridia;Oscillospirales;Ruminococcaceae;Faecalibacterium;Faecalibacterium;;;;;;;;;
Otu0156;Bacteria;Bacteroidota;Bacteroidia;Bacteroidales;Bacteroidaceae;Prevotella;Prevotella;Otu0156;;;Otu5823;Bacillota_A;Clostridia;Lachnospirales;Lachnospiraceae;Lachnospiraceae;Lachnospiraceae;;;;;;;;;
Otu0157;Bacteria;Bacillota_A;Clostridia;Lachnospirales;Lachnospiraceae;Lachnospiraceae;Lachnospiraceae;Otu0157;;;Otu5842;Bacillota_A;Clostridia;Lachnospirales;Lachnospiraceae;Oliverpabstia;Oliverpabstia faecicola;;;;;;;;;
Otu0158;Bacteria;Bacillota_C;Negativicutes;Acidaminococcales;Acidaminococcaceae;Phascolarctobacterium;Phascolarctobacterium faecium;Otu0158;;;Otu5887;Bacillota_A;Clostridia;Oscillospirales;Oscillospiraceae;CAG-170;CAG-170 sp000432135;;;;;;;;;
Otu0159;Bacteria;Bacteroidota;Bacteroidia;Bacteroidales;Bacteroidaceae;Bacteroides;Bacteroides;Otu0159;;;Otu5889;Bacillota_A;Clostridia;Lachnospirales;Lachnospiraceae;Blautia_A;Blautia_A;;;;;;;;;
Otu0160;Bacteria;Bacillota_A;Clostridia;Lachnospirales;Lachnospiraceae;Lachnospiraceae;Lachnospiraceae;Otu0160;;;Otu5924;Bacillota_A;Clostridia;Oscillospirales;Ruminococcaceae;Faecalibacterium;Faecalibacterium sp900758465;;;;;;;;;
Otu0161;Bacteria;Bacillota_A;Clostridia;Lachnospirales;Anaerotignaceae;Anaerotignum;Anaerotignum faecicola;Otu0161;;;Otu5945;Bacillota_A;Clostridia;Oscillospirales;Ruminococcaceae;Faecalibacterium;Faecalibacterium prausnitzii_E;;;;;;;;;
Otu0162;Bacteria;Bacteroidota;Bacteroidia;Bacteroidales;Bacteroidaceae;Bacteroides;Bacteroides salyersiae;Otu0162;;;Otu5956;Bacillota_A;Clostridia;Lachnospirales;Lachnospiraceae;Lachnospiraceae;Lachnospiraceae;;;;;;;;;
Otu0163;Bacteria;Bacillota_A;Clostridia;Oscillospirales;Ruminococcaceae;Ruminococcus_C;Ruminococcus_C sp000433635;Otu0163;;;Otu5963;Bacillota_A;Clostridia;Oscillospirales;Oscillospiraceae;Faecousia;Faecousia sp000434635;;;;;;;;;
Otu0164;Bacteria;Bacillota_A;Clostridia;Lachnospirales;Lachnospiraceae;Brotaphodocola;Brotaphodocola sp003478505;Otu0164;;;Otu6038;Bacillota_A;Clostridia;Lachnospirales;Lachnospiraceae;Lachnospiraceae;Lachnospiraceae;;;;;;;;;
Otu0165;Bacteria;Bacillota_A;Clostridia;Lachnospirales;Lachnospiraceae;Roseburia_D;Roseburia_D yibonii;Otu0165;;;Otu6159;Bacillota_A;Clostridia;Oscillospirales;Oscillospiraceae;Oscillospiraceae;Oscillospiraceae;;;;;;;;;
Otu0166;Bacteria;Bacillota_A;Clostridia;Oscillospirales;Ruminococcaceae;Negativibacillus;Negativibacillus sp905197685;Otu0166;;;Otu6179;Bacillota_A;Clostridia;Lachnospirales;Lachnospiraceae;Roseburia_C;Roseburia_C amylophila;;;;;;;;;
Otu0167;Bacteria;Bacillota_A;Clostridia;Lachnospirales;Lachnospiraceae;Enterocloster;Enterocloster sp900541315;Otu0167;;;Otu6212;Bacillota_A;Clostridia;Lachnospirales;Lachnospiraceae;Schaedlerella;Schaedlerella;;;;;;;;;
Otu0168;Bacteria;Bacteroidota;Bacteroidia;Bacteroidales;Rikenellaceae;Alistipes;Alistipes communis;Otu0168;;;Otu6253;Bacillota_A;Clostridia;Lachnospirales;Lachnospiraceae;Lachnospiraceae;Lachnospiraceae;;;;;;;;;
Otu0169;Bacteria;Bacillota_A;Clostridia;Lachnospirales;Lachnospiraceae;Lachnospiraceae;Lachnospiraceae;Otu0169;;;Otu6292;Bacillota_I;Bacilli_A;RF39;UBA660;CAG-533;CAG-533 sp900551105;;;;;;;;;
Otu0170;Bacteria;Bacillota_A;Clostridia;TANB77;CAG-508;CAG-508;CAG-508;Otu0170;;;Otu6331;Bacillota_C;Negativicutes;Veillonellales;Dialisteraceae;Dialister;Dialister invisus;;;;;;;;;
Otu0171;Bacteria;Bacillota_A;Clostridia;Lachnospirales;Lachnospiraceae;Lachnospira;Lachnospira hominis;Otu0171;;;Otu6347;Bacteroidota;Bacteroidia;Bacteroidales;Bacteroidaceae;Phocaeicola;Phocaeicola sp948566455;;;;;;;;;
Otu0172;Bacteria;Bacteroidota;Bacteroidia;Bacteroidales;Bacteroidaceae;Bacteroides;Bacteroides;Otu0172;;;Otu6352;Bacillota_A;Clostridia;Lachnospirales;Lachnospiraceae;Gallintestinimicrobium;Gallintestinimicrobium propionicum;;;;;;;;;
Otu0173;Bacteria;Bacillota_A;Clostridia;Lachnospirales;Lachnospiraceae;Schaedlerella;Schaedlerella hominis;Otu0173;;;Otu6366;Bacillota_A;Clostridia;Oscillospirales;Oscillospiraceae;CAG-170;CAG-170;;;;;;;;;
Otu0174;Archaea;Methanobacteriota;Methanobacteria;Methanobacteriales;Methanobacteriaceae;Methanobrevibacter_A;Methanobrevibacter_A smithii;Otu0174;;;Otu6380;Elusimicrobiota;Elusimicrobia;Elusimicrobiales;Elusimicrobiaceae;Avelusimicrobium;Avelusimicrobium;;;;;;;;;
Otu0175;Bacteria;Bacillota_A;Clostridia;Oscillospirales;Ruminococcaceae;Gemmiger;Gemmiger;Otu0175;;;Otu6446;Bacillota_A;Clostridia;Lachnospirales;Lachnospiraceae;Lachnospiraceae;Lachnospiraceae;;;;;;;;;
Otu0176;Bacteria;Bacillota_A;Clostridia;Christensenellales;CAG-138;PeH17;PeH17 sp000435055;Otu0176;;;Otu6457;Bacillota_A;Clostridia;Oscillospirales;Ruminococcaceae;Ruminococcaceae;Ruminococcaceae;;;;;;;;;
Otu0177;Bacteria;Bacillota_A;Clostridia;Lachnospirales;Lachnospiraceae;Laedolimicola;Laedolimicola ammoniilytica;Otu0177;;;Otu6542;Bacteroidota;Bacteroidia;Bacteroidales;Bacteroidaceae;Phocaeicola;Phocaeicola vulgatus;;;;;;;;;
Otu0178;Bacteria;Pseudomonadota;Gammaproteobacteria;Enterobacterales;Pasteurellaceae;Haemophilus_D;Haemophilus_D parainfluenzae;Otu0178;;;Otu6552;Bacillota_A;Clostridia;Lachnospirales;Lachnospiraceae;Lachnospiraceae;Lachnospiraceae;;;;;;;;;
Otu0179;Bacteria;Bacillota_A;Clostridia;TANB77;CAG-508;CAG-273;CAG-273 sp003534295;Otu0179;;;Otu6574;Bacteroidota;Bacteroidia;Bacteroidales;Bacteroidaceae;Prevotella;Prevotella;;;;;;;;;
Otu0180;Bacteria;Bacillota_A;Clostridia;Lachnospirales;Lachnospiraceae;Blautia_A;Blautia_A ammoniilytica;Otu0180;;;Otu6616;Bacillota_A;Clostridia;Lachnospirales;Lachnospiraceae;Lachnospiraceae;Lachnospiraceae;;;;;;;;;
Otu0181;Bacteria;Bacillota_C;Negativicutes;Selenomonadales;Selenomonadaceae;Mitsuokella;Mitsuokella multacida;Otu0181;;;Otu6710;Bacillota_A;Clostridia;Lachnospirales;Lachnospiraceae;Jutongia;Jutongia;;;;;;;;;
Otu0182;Bacteria;Bacillota_A;Clostridia;Lachnospirales;Lachnospiraceae;Agathobacter;Agathobacter rectalis;Otu0182;;;;;;;;;;;;;;;;;;
Otu0183;Bacteria;Bacteroidota;Bacteroidia;Bacteroidales;Bacteroidaceae;Phocaeicola;Phocaeicola;Otu0183;;;;;;;;;;;;;;;;;;
Otu0184;Bacteria;Bacillota_A;Clostridia;Lachnospirales;Lachnospiraceae;Lachnospiraceae;Lachnospiraceae;Otu0184;;;;;;;;;;;;;;;;;;
Otu0185;Bacteria;Desulfobacterota;Desulfovibrionia;Desulfovibrionales;Desulfovibrionaceae;Bilophila;Bilophila wadsworthia;Otu0185;;;;;;;;;;;;;;;;;;
Otu0186;Bacteria;Bacillota_A;Clostridia;Oscillospirales;Acutalibacteraceae;Ruminococcus_E;Ruminococcus_E bromii_B;Otu0186;;;;;;;;;;;;;;;;;;
Otu0187;Bacteria;Bacillota_A;Clostridia;Lachnospirales;Lachnospiraceae;Anaerostipes;Anaerostipes amylophilus;Otu0187;;;;;;;;;;;;;;;;;;
Otu0188;Bacteria;Bacillota_A;Clostridia;TANB77;CAG-508;CAG-269;CAG-269 sp003525075;Otu0188;;;;;;;;;;;;;;;;;;
Otu0189;Bacteria;Bacillota_A;Clostridia;Lachnospirales;Lachnospiraceae;Jutongia;Jutongia huaianensis;Otu0189;;;;;;;;;;;;;;;;;;
Otu0190;Bacteria;Bacteroidota;Bacteroidia;Bacteroidales;Bacteroidaceae;Bacteroides;Bacteroides stercoris;Otu0190;;;;;;;;;;;;;;;;;;
Otu0191;Bacteria;Bacillota_A;Clostridia;Oscillospirales;Ruminococcaceae;Ruminiclostridium_E;Ruminiclostridium_E siraeum;Otu0191;;;;;;;;;;;;;;;;;;
Otu0192;Bacteria;Bacteroidota;Bacteroidia;Bacteroidales;Marinifilaceae;Odoribacter;Odoribacter splanchnicus;Otu0192;;;;;;;;;;;;;;;;;;
Otu0193;Bacteria;Bacillota_A;Clostridia;Oscillospirales;Ruminococcaceae;Ruminococcus_F;Ruminococcus_F champanellensis;Otu0193;;;;;;;;;;;;;;;;;;
Otu0194;Bacteria;Bacillota_A;Clostridia;Lachnospirales;Lachnospiraceae;Lachnospiraceae;Lachnospiraceae;Otu0194;;;;;;;;;;;;;;;;;;
Otu0195;Bacteria;Bacillota_A;Clostridia;Oscillospirales;Oscillospiraceae;Onthomonas;Onthomonas sp900545815;Otu0195;;;;;;;;;;;;;;;;;;
Otu0197;Bacteria;Bacillota_A;Clostridia;Peptostreptococcales;Anaerovoracaceae;Lentihominibacter;Lentihominibacter faecis;Otu0197;;;;;;;;;;;;;;;;;;
Otu0198;Bacteria;Bacillota_A;Clostridia;Lachnospirales;Lachnospiraceae;UBA3402;UBA3402 sp003478355;Otu0198;;;;;;;;;;;;;;;;;;
Otu0199;Bacteria;Bacillota_A;Clostridia;Oscillospirales;Acutalibacteraceae;CAG-488;CAG-488 sp000434915;Otu0199;;;;;;;;;;;;;;;;;;
Otu0201;Bacteria;Bacteroidota;Bacteroidia;Bacteroidales;Bacteroidaceae;Phocaeicola;Phocaeicola massiliensis;Otu0201;;;;;;;;;;;;;;;;;;
Otu0202;Bacteria;Bacillota_A;Clostridia;Oscillospirales;Acutalibacteraceae;Clostridium_A;Clostridium_A leptum;Otu0202;;;;;;;;;;;;;;;;;;
Otu0203;Bacteria;Bacillota_A;Clostridia;Lachnospirales;Lachnospiraceae;Lachnospiraceae;Lachnospiraceae;Otu0203;;;;;;;;;;;;;;;;;;
Otu0204;Bacteria;Bacillota_I;Bacilli_A;RF39;UBA660;CAG-302;CAG-302 sp900543825;Otu0204;;;;;;;;;;;;;;;;;;
Otu0205;Bacteria;Bacillota_A;Clostridia;Lachnospirales;Lachnospiraceae;Mediterraneibacter;Mediterraneibacter torques;Otu0205;;;;;;;;;;;;;;;;;;
Otu0206;Bacteria;Bacillota_A;Clostridia;Lachnospirales;Lachnospiraceae;Dorea_D;Dorea_D hominis;Otu0206;;;;;;;;;;;;;;;;;;
Otu0208;Bacteria;Desulfobacterota;Desulfovibrionia;Desulfovibrionales;Desulfovibrionaceae;Mailhella;Mailhella sp900553065;Otu0208;;;;;;;;;;;;;;;;;;
Otu0209;Bacteria;Bacillota_C;Negativicutes;Acidaminococcales;Acidaminococcaceae;Phascolarctobacterium_A;Phascolarctobacterium_A succinatutens;Otu0209;;;;;;;;;;;;;;;;;;
Otu0210;Bacteria;Bacillota_A;Clostridia;Lachnospirales;Lachnospiraceae;Agathobacter;Agathobacter;Otu0210;;;;;;;;;;;;;;;;;;
Otu0211;Bacteria;Bacillota_A;Clostridia;Lachnospirales;Lachnospiraceae;Blautia_A;Blautia_A;Otu0211;;;;;;;;;;;;;;;;;;
Otu0212;Bacteria;Bacteroidota;Bacteroidia;Bacteroidales;Bacteroidaceae;Bacteroides;Bacteroides stercoris;Otu0212;;;;;;;;;;;;;;;;;;
Otu0213;Bacteria;Bacillota_A;Clostridia;Oscillospirales;Oscillospiraceae;Oscillospiraceae;Oscillospiraceae;Otu0213;;;;;;;;;;;;;;;;;;
Otu0214;Bacteria;Bacteroidota;Bacteroidia;Bacteroidales;Bacteroidaceae;Prevotella;Prevotella sp002251385;Otu0214;;;;;;;;;;;;;;;;;;
Otu0216;Bacteria;Bacillota_A;Clostridia;Oscillospirales;Butyricicoccaceae;Agathobaculum;Agathobaculum hominis;Otu0216;;;;;;;;;;;;;;;;;;
Otu0217;Bacteria;Bacillota_A;Clostridia;Lachnospirales;Lachnospiraceae;Lachnoclostridium_B;Lachnoclostridium_B ammoniilytica;Otu0217;;;;;;;;;;;;;;;;;;
Otu0218;Bacteria;Bacillota_A;Clostridia;Lachnospirales;Lachnospiraceae;Roseburia;Roseburia intestinalis;Otu0218;;;;;;;;;;;;;;;;;;
Otu0219;Bacteria;Bacillota_A;Clostridia;Lachnospirales;Lachnospiraceae;Blautia_A;Blautia_A sp003471165;Otu0219;;;;;;;;;;;;;;;;;;
Otu0220;Bacteria;Bacillota_A;Clostridia;Lachnospirales;Lachnospiraceae;Faecalimonas;Faecalimonas phoceensis;Otu0220;;;;;;;;;;;;;;;;;;
Otu0221;Bacteria;Bacteroidota;Bacteroidia;Bacteroidales;Bacteroidaceae;Bacteroides;Bacteroides uniformis;Otu0221;;;;;;;;;;;;;;;;;;
Otu0222;Bacteria;Actinomycetota;Coriobacteriia;Coriobacteriales;Eggerthellaceae;Senegalimassilia;Senegalimassilia anaerobia;Otu0222;;;;;;;;;;;;;;;;;;
Otu0223;Bacteria;Bacteroidota;Bacteroidia;Bacteroidales;Bacteroidaceae;Bacteroides;Bacteroides;Otu0223;;;;;;;;;;;;;;;;;;
Otu0224;Bacteria;Bacillota_A;Clostridia;Lachnospirales;Lachnospiraceae;Blautia_A;Blautia_A;Otu0224;;;;;;;;;;;;;;;;;;
Otu0225;Bacteria;Bacillota_A;Clostridia;Oscillospirales;Acutalibacteraceae;Fimenecus;Fimenecus;Otu0225;;;;;;;;;;;;;;;;;;
Otu0226;Bacteria;Bacteroidota;Bacteroidia;Bacteroidales;Bacteroidaceae;Phocaeicola;Phocaeicola vulgatus;Otu0226;;;;;;;;;;;;;;;;;;
Otu0227;Bacteria;Bacillota_A;Clostridia;Lachnospirales;Lachnospiraceae;Muricoprocola;Muricoprocola aceti;Otu0227;;;;;;;;;;;;;;;;;;
Otu0228;Bacteria;Bacillota_A;Clostridia;Lachnospirales;Lachnospiraceae;Agathobacter;Agathobacter rectalis;Otu0228;;;;;;;;;;;;;;;;;;
Otu0229;Bacteria;Bacillota_A;Clostridia;Lachnospirales;Lachnospiraceae;Oliverpabstia;Oliverpabstia intestinalis;Otu0229;;;;;;;;;;;;;;;;;;
Otu0230;Bacteria;Bacillota_A;Clostridia;Lachnospirales;Lachnospiraceae;Blautia_A;Blautia_A caecimuris;Otu0230;;;;;;;;;;;;;;;;;;
Otu0231;Bacteria;Bacteroidota;Bacteroidia;Bacteroidales;Bacteroidaceae;Bacteroides;Bacteroides;Otu0231;;;;;;;;;;;;;;;;;;
Otu0232;Bacteria;Bacteroidota;Bacteroidia;Bacteroidales;Marinifilaceae;Butyricimonas;Butyricimonas faecalis;Otu0232;;;;;;;;;;;;;;;;;;
Otu0234;Bacteria;Bacillota_A;Clostridia;Lachnospirales;Lachnospiraceae;JAGTTR01;JAGTTR01 sp018223385;Otu0234;;;;;;;;;;;;;;;;;;
Otu0235;Bacteria;Bacillota_A;Clostridia;Lachnospirales;Lachnospiraceae;Blautia_A;Blautia_A;Otu0235;;;;;;;;;;;;;;;;;;
Otu0237;Bacteria;Bacillota_A;Clostridia;Peptostreptococcales;Anaerovoracaceae;Mogibacterium_A;Mogibacterium_A kristiansenii;Otu0237;;;;;;;;;;;;;;;;;;
Otu0238;Bacteria;Bacteroidota;Bacteroidia;Bacteroidales;Bacteroidaceae;Bacteroides;Bacteroides;Otu0238;;;;;;;;;;;;;;;;;;
Otu0239;Bacteria;Actinomycetota;Coriobacteriia;Coriobacteriales;Eggerthellaceae;Anaerotardibacter;Anaerotardibacter sp900753095;Otu0239;;;;;;;;;;;;;;;;;;
Otu0240;Bacteria;Bacillota_A;Clostridia;Oscillospirales;Ruminococcaceae;Porcipelethomonas;Porcipelethomonas ammoniilytica;Otu0240;;;;;;;;;;;;;;;;;;
Otu0241;Bacteria;Bacteroidota;Bacteroidia;Bacteroidales;Bacteroidaceae;Phocaeicola;Phocaeicola;Otu0241;;;;;;;;;;;;;;;;;;
Otu0242;Bacteria;Bacillota_A;Clostridia;Lachnospirales;Lachnospiraceae;Lachnospiraceae;Lachnospiraceae;Otu0242;;;;;;;;;;;;;;;;;;
Otu0243;Bacteria;Bacteroidota;Bacteroidia;Bacteroidales;Bacteroidaceae;Bacteroides;Bacteroides stercoris;Otu0243;;;;;;;;;;;;;;;;;;
Otu0244;Bacteria;Bacillota_A;Clostridia;Peptostreptococcales;Anaerovoracaceae;Lentihominibacter;Lentihominibacter butyrica;Otu0244;;;;;;;;;;;;;;;;;;
Otu0245;Bacteria;Pseudomonadota;Gammaproteobacteria;Burkholderiales;Burkholderiaceae;Turicimonas;Turicimonas muris;Otu0245;;;;;;;;;;;;;;;;;;
Otu0246;Bacteria;Bacillota_C;Negativicutes;Selenomonadales;Selenomonadaceae;Megamonas;Megamonas funiformis;Otu0246;;;;;;;;;;;;;;;;;;
Otu0247;Bacteria;Bacillota_A;Clostridia;Lachnospirales;Lachnospiraceae;Agathobacter;Agathobacter rectalis;Otu0247;;;;;;;;;;;;;;;;;;
Otu0248;Bacteria;Bacillota_A;Clostridia;Oscillospirales;Oscillospiraceae;F23-B02;F23-B02 sp001916715;Otu0248;;;;;;;;;;;;;;;;;;
Otu0249;Bacteria;Bacillota_A;Clostridia;Oscillospirales;Oscillospiraceae;Flavonifractor;Flavonifractor plautii;Otu0249;;;;;;;;;;;;;;;;;;
Otu0250;Bacteria;Bacillota_A;Clostridia;Lachnospirales;Lachnospiraceae;Mediterraneibacter;Mediterraneibacter faecis;Otu0250;;;;;;;;;;;;;;;;;;
Otu0251;Bacteria;Bacillota_A;Clostridia;Oscillospirales;Ruminococcaceae;Ruminococcaceae;Ruminococcaceae;Otu0251;;;;;;;;;;;;;;;;;;
Otu0252;Bacteria;Bacillota_A;Clostridia;Oscillospirales;Oscillospiraceae;Faecousia;Faecousia sp000434635;Otu0252;;;;;;;;;;;;;;;;;;
Otu0253;Bacteria;Bacillota_I;Bacilli_A;RF39;UBA660;CAG-710;CAG-710 sp000432595;Otu0253;;;;;;;;;;;;;;;;;;
Otu0254;Bacteria;Bacillota_A;Clostridia;Lachnospirales;Anaerotignaceae;Anaerotignum;Anaerotignum sp001304995;Otu0254;;;;;;;;;;;;;;;;;;
Otu0255;Bacteria;Bacillota_A;Clostridia;Lachnospirales;Lachnospiraceae;Fusicatenibacter;Fusicatenibacter saccharivorans;Otu0255;;;;;;;;;;;;;;;;;;
Otu0256;Bacteria;Bacillota_A;Clostridia;Christensenellales;CAG-138;Phil1;Phil1 sp001940855;Otu0256;;;;;;;;;;;;;;;;;;
Otu0257;Bacteria;Bacillota_A;Clostridia;Peptostreptococcales;Anaerovoracaceae;CAG-238;CAG-238 sp900542245;Otu0257;;;;;;;;;;;;;;;;;;
Otu0258;Bacteria;Bacteroidota;Bacteroidia;Bacteroidales;Bacteroidaceae;Phocaeicola;Phocaeicola coprophilus;Otu0258;;;;;;;;;;;;;;;;;;
Otu0259;Bacteria;Bacillota_A;Clostridia;Lachnospirales;Lachnospiraceae;Agathobacter;Agathobacter rectalis;Otu0259;;;;;;;;;;;;;;;;;;
Otu0260;Bacteria;Bacillota_A;Clostridia;Lachnospirales;Lachnospiraceae;Blautia_A;Blautia_A obeum;Otu0260;;;;;;;;;;;;;;;;;;
Otu0261;Bacteria;Bacteroidota;Bacteroidia;Bacteroidales;Bacteroidaceae;Prevotella;Prevotella;Otu0261;;;;;;;;;;;;;;;;;;
Otu0262;Bacteria;Bacillota_A;Clostridia;Lachnospirales;Lachnospiraceae;Agathobacter;Agathobacter rectalis;Otu0262;;;;;;;;;;;;;;;;;;
Otu0263;Bacteria;Bacillota_A;Clostridia;Oscillospirales;Oscillospiraceae;Vescimonas;Vescimonas sp000435555;Otu0263;;;;;;;;;;;;;;;;;;
Otu0264;Bacteria;Bacillota_A;Clostridia;Peptostreptococcales;Anaerovoracaceae;Anaerovoracaceae;Anaerovoracaceae;Otu0264;;;;;;;;;;;;;;;;;;
Otu0265;Bacteria;Bacteroidota;Bacteroidia;Bacteroidales;Bacteroidaceae;Phocaeicola;Phocaeicola;Otu0265;;;;;;;;;;;;;;;;;;
Otu0267;Bacteria;Bacillota_A;Clostridia;Lachnospirales;Lachnospiraceae;Otoolea;Otoolea sp000435655;Otu0267;;;;;;;;;;;;;;;;;;
Otu0268;Bacteria;Bacillota_A;Clostridia;Lachnospirales;Lachnospiraceae;Lachnospiraceae;Lachnospiraceae;Otu0268;;;;;;;;;;;;;;;;;;
Otu0269;Bacteria;Bacillota_A;Clostridia;Oscillospirales;Ruminococcaceae;Ruthenibacterium;Ruthenibacterium lactatiformans;Otu0269;;;;;;;;;;;;;;;;;;
Otu0270;Bacteria;Bacillota_A;Clostridia;Oscillospirales;Ruminococcaceae;Ruminococcus;Ruminococcus sp900540005;Otu0270;;;;;;;;;;;;;;;;;;
Otu0271;Bacteria;Bacillota_A;Clostridia;Lachnospirales;Lachnospiraceae;Kineothrix;Kineothrix alysoides;Otu0271;;;;;;;;;;;;;;;;;;
Otu0272;Bacteria;Bacillota_A;Clostridia;Lachnospirales;Lachnospiraceae;Blautia_A;Blautia_A wexlerae;Otu0272;;;;;;;;;;;;;;;;;;
Otu0273;Bacteria;Bacillota_A;Clostridia;Lachnospirales;Lachnospiraceae;Blautia_A;Blautia_A fusiformis;Otu0273;;;;;;;;;;;;;;;;;;
Otu0274;Bacteria;Bacillota_A;Clostridia;Lachnospirales;Lachnospiraceae;Enterocloster;Enterocloster bolteae;Otu0274;;;;;;;;;;;;;;;;;;
Otu0275;Bacteria;Bacillota_A;Clostridia;Lachnospirales;Lachnospiraceae;Blautia_A;Blautia_A;Otu0275;;;;;;;;;;;;;;;;;;
Otu0276;Bacteria;Bacteroidota;Bacteroidia;Bacteroidales;Bacteroidaceae;Alloprevotella;Alloprevotella timonensis;Otu0276;;;;;;;;;;;;;;;;;;
Otu0277;Bacteria;Bacillota_A;Clostridia;Christensenellales;Aristaeellaceae;Aristaeellaceae;Aristaeellaceae;Otu0277;;;;;;;;;;;;;;;;;;
Otu0278;Bacteria;Bacillota_A;Clostridia;Lachnospirales;CAG-274;CAG-274;CAG-274 sp000432155;Otu0278;;;;;;;;;;;;;;;;;;
Otu0279;Bacteria;Bacillota_A;Clostridia;Oscillospirales;Oscillospiraceae;Dysosmobacter;Dysosmobacter welbionis;Otu0279;;;;;;;;;;;;;;;;;;
Otu0280;Bacteria;Bacillota_A;Clostridia;Christensenellales;UBA1750;Spyradocola;Spyradocola merdavium;Otu0280;;;;;;;;;;;;;;;;;;
Otu0281;Bacteria;Bacillota_A;Clostridia;Oscillospirales;Ruminococcaceae;Avimicrobium;Avimicrobium caecorum;Otu0281;;;;;;;;;;;;;;;;;;
Otu0282;Bacteria;Bacillota_A;Clostridia;Oscillospirales;Acutalibacteraceae;Ruminococcus_E;Ruminococcus_E sp934476515;Otu0282;;;;;;;;;;;;;;;;;;
Otu0283;Bacteria;Bacillota_A;Clostridia;Oscillospirales;Butyricicoccaceae;Butyricicoccus_A;Butyricicoccus_A intestinisimiae;Otu0283;;;;;;;;;;;;;;;;;;
Otu0284;Bacteria;Bacillota_A;Clostridia;Oscillospirales;Ruminococcaceae;Faecalibacterium;Faecalibacterium prausnitzii_D;Otu0284;;;;;;;;;;;;;;;;;;
Otu0286;Bacteria;Bacteroidota;Bacteroidia;Bacteroidales;Bacteroidaceae;Bacteroides;Bacteroides;Otu0286;;;;;;;;;;;;;;;;;;
Otu0287;Bacteria;Bacteroidota;Bacteroidia;Bacteroidales;Bacteroidaceae;Phocaeicola;Phocaeicola;Otu0287;;;;;;;;;;;;;;;;;;
Otu0288;Bacteria;Bacillota_A;Clostridia;Lachnospirales;Lachnospiraceae;Lachnospiraceae;Lachnospiraceae;Otu0288;;;;;;;;;;;;;;;;;;
Otu0289;Bacteria;Bacteroidota;Bacteroidia;Bacteroidales;Bacteroidaceae;Bacteroides;Bacteroides;Otu0289;;;;;;;;;;;;;;;;;;
Otu0290;Bacteria;Bacillota_A;Clostridia;Oscillospirales;CAG-272;CAG-390;CAG-390 sp900753295;Otu0290;;;;;;;;;;;;;;;;;;
Otu0291;Bacteria;Bacillota_A;Clostridia;Oscillospirales;Ruminococcaceae;Faecalibacterium;Faecalibacterium;Otu0291;;;;;;;;;;;;;;;;;;
Otu0292;Bacteria;Bacillota_A;Clostridia;Lachnospirales;Lachnospiraceae;Enterocloster;Enterocloster sp001517625;Otu0292;;;;;;;;;;;;;;;;;;
Otu0293;Bacteria;Bacillota_A;Clostridia;Lachnospirales;Lachnospiraceae;Mediterraneibacter;Mediterraneibacter faecis;Otu0293;;;;;;;;;;;;;;;;;;
Otu0294;Bacteria;Bacillota_A;Clostridia;Lachnospirales;Lachnospiraceae;Lachnospiraceae;Lachnospiraceae;Otu0294;;;;;;;;;;;;;;;;;;
Otu0297;Bacteria;Bacillota_A;Clostridia;Lachnospirales;Lachnospiraceae;Blautia_A;Blautia_A;Otu0297;;;;;;;;;;;;;;;;;;
Otu0298;Bacteria;Bacillota_A;Clostridia;Lachnospirales;Lachnospiraceae;Lachnospiraceae;Lachnospiraceae;Otu0298;;;;;;;;;;;;;;;;;;
Otu0299;Bacteria;Bacteroidota;Bacteroidia;Bacteroidales;Bacteroidaceae;Phocaeicola;Phocaeicola massiliensis;Otu0299;;;;;;;;;;;;;;;;;;
Otu0300;Bacteria;Bacillota_A;Clostridia;Lachnospirales;Lachnospiraceae;Lachnospiraceae;Lachnospiraceae;Otu0300;;;;;;;;;;;;;;;;;;
Otu0301;Bacteria;Bacillota_A;Clostridia;Christensenellales;Aristaeellaceae;Aristaeella;Aristaeella;Otu0301;;;;;;;;;;;;;;;;;;
Otu0302;Bacteria;Bacillota;Bacilli;Lactobacillales;Streptococcaceae;Streptococcus;Streptococcus parasanguinis;Otu0302;;;;;;;;;;;;;;;;;;
Otu0303;Bacteria;Bacillota_A;Clostridia;Peptostreptococcales;Anaerovoracaceae;Anaerovoracaceae;Anaerovoracaceae;Otu0303;;;;;;;;;;;;;;;;;;
Otu0304;Bacteria;Bacteroidota;Bacteroidia;Bacteroidales;Bacteroidaceae;Bacteroidaceae;Bacteroidaceae;Otu0304;;;;;;;;;;;;;;;;;;
Otu0305;Bacteria;Bacillota_A;Clostridia;Lachnospirales;Lachnospiraceae;Anthropogastromicrobium;Anthropogastromicrobium aceti;Otu0305;;;;;;;;;;;;;;;;;;
Otu0306;Bacteria;Bacillota_A;Clostridia;Christensenellales;Aristaeellaceae;Aristaeellaceae;Aristaeellaceae;Otu0306;;;;;;;;;;;;;;;;;;
Otu0307;Bacteria;Bacillota_A;Clostridia;Lachnospirales;Lachnospiraceae;Blautia_A;Blautia_A obeum;Otu0307;;;;;;;;;;;;;;;;;;
Otu0308;Bacteria;Bacillota_A;Clostridia;Lachnospirales;Lachnospiraceae;Blautia_A;Blautia_A;Otu0308;;;;;;;;;;;;;;;;;;
Otu0309;Bacteria;Bacteroidota;Bacteroidia;Bacteroidales;Bacteroidaceae;Prevotella;Prevotella;Otu0309;;;;;;;;;;;;;;;;;;
Otu0310;Bacteria;Bacillota_A;Clostridia;Lachnospirales;Lachnospiraceae;Eubacterium_I;Eubacterium_I;Otu0310;;;;;;;;;;;;;;;;;;
Otu0312;Bacteria;Bacillota_A;Clostridia;Christensenellales;Aristaeellaceae;Aristaeella;Aristaeella sp017569285;Otu0312;;;;;;;;;;;;;;;;;;
Otu0313;Bacteria;Bacteroidota;Bacteroidia;Bacteroidales;Bacteroidaceae;Phocaeicola;Phocaeicola vulgatus;Otu0313;;;;;;;;;;;;;;;;;;
Otu0314;Bacteria;Bacillota_I;Bacilli_A;Erysipelotrichales;Coprobacillaceae;Coprobacillus;Coprobacillus cateniformis;Otu0314;;;;;;;;;;;;;;;;;;
Otu0315;Bacteria;Bacillota_A;Clostridia;Lachnospirales;Lachnospiraceae;Blautia_A;Blautia_A;Otu0315;;;;;;;;;;;;;;;;;;
Otu0317;Bacteria;Bacillota_A;Clostridia;Lachnospirales;Lachnospiraceae;UBA4285;UBA4285 sp902775895;Otu0317;;;;;;;;;;;;;;;;;;
Otu0318;Bacteria;Bacteroidota;Bacteroidia;Bacteroidales;Bacteroidaceae;Bacteroides;Bacteroides;Otu0318;;;;;;;;;;;;;;;;;;
Otu0320;Bacteria;Bacteroidota;Bacteroidia;Bacteroidales;Bacteroidaceae;Phocaeicola;Phocaeicola sp959599425;Otu0320;;;;;;;;;;;;;;;;;;
Otu0321;Bacteria;Bacillota_A;Clostridia;Lachnospirales;Lachnospiraceae;Blautia_A;Blautia_A faecis;Otu0321;;;;;;;;;;;;;;;;;;
Otu0322;Bacteria;Bacillota_A;Clostridia;Oscillospirales;Ruminococcaceae;Faecalibacterium;Faecalibacterium;Otu0322;;;;;;;;;;;;;;;;;;
Otu0323;Bacteria;Bacillota_A;Clostridia;Oscillospirales;Acutalibacteraceae;Caproiciproducens;Caproiciproducens;Otu0323;;;;;;;;;;;;;;;;;;
Otu0324;Bacteria;Bacteroidota;Bacteroidia;Bacteroidales;Bacteroidaceae;Phocaeicola;Phocaeicola vulgatus;Otu0324;;;;;;;;;;;;;;;;;;
Otu0326;Bacteria;Bacteroidota;Bacteroidia;Bacteroidales;Bacteroidaceae;Phocaeicola;Phocaeicola dorei;Otu0326;;;;;;;;;;;;;;;;;;
Otu0327;Bacteria;Bacteroidota;Bacteroidia;Bacteroidales;Bacteroidaceae;Bacteroidaceae;Bacteroidaceae;Otu0327;;;;;;;;;;;;;;;;;;
Otu0328;Bacteria;Bacteroidota;Bacteroidia;Bacteroidales;Bacteroidaceae;Prevotella;Prevotella;Otu0328;;;;;;;;;;;;;;;;;;
Otu0329;Bacteria;Bacillota_A;Clostridia;Oscillospirales;CAG-272;UMGS911;UMGS911 sp900546695;Otu0329;;;;;;;;;;;;;;;;;;
Otu0330;Bacteria;Bacillota_A;Clostridia;Oscillospirales;Oscillospiraceae;CAG-170;CAG-170 sp900549635;Otu0330;;;;;;;;;;;;;;;;;;
Otu0332;Bacteria;Bacillota_A;Clostridia;Oscillospirales;Ruminococcaceae;Hominimerdicola;Hominimerdicola aceti;Otu0332;;;;;;;;;;;;;;;;;;
Otu0333;Bacteria;Bacillota_C;Negativicutes;Veillonellales;Megasphaeraceae;Megasphaera;Megasphaera sp000417505;Otu0333;;;;;;;;;;;;;;;;;;
Otu0334;Bacteria;Bacillota_A;Clostridia;Oscillospirales;Ruminococcaceae;RGIG8773;RGIG8773 sp910584715;Otu0334;;;;;;;;;;;;;;;;;;
Otu0336;Bacteria;Bacillota_C;Negativicutes;Selenomonadales;Selenomonadaceae;Megamonas;Megamonas funiformis;Otu0336;;;;;;;;;;;;;;;;;;
Otu0337;Bacteria;Bacteroidota;Bacteroidia;Bacteroidales;Bacteroidaceae;Bacteroides;Bacteroides clarus;Otu0337;;;;;;;;;;;;;;;;;;
Otu0338;Bacteria;Bacillota_A;Clostridia;Christensenellales;CAG-138;SFEL01;SFEL01 sp004557245;Otu0338;;;;;;;;;;;;;;;;;;
Otu0339;Bacteria;Bacteroidota;Bacteroidia;Bacteroidales;Bacteroidaceae;Bacteroides;Bacteroides ovatus;Otu0339;;;;;;;;;;;;;;;;;;
Otu0340;Bacteria;Pseudomonadota;Gammaproteobacteria;Burkholderiales;Burkholderiaceae;Sutterella;Sutterella faecalis;Otu0340;;;;;;;;;;;;;;;;;;
Otu0341;Bacteria;Bacillota_A;Clostridia;Lachnospirales;Lachnospiraceae;Otoolea;Otoolea fessa;Otu0341;;;;;;;;;;;;;;;;;;
Otu0343;Bacteria;Bacillota;Bacilli;Lactobacillales;Streptococcaceae;Streptococcus;Streptococcus;Otu0343;;;;;;;;;;;;;;;;;;
Otu0345;Bacteria;Bacillota_A;Clostridia;Lachnospirales;Lachnospiraceae;Lachnospiraceae;Lachnospiraceae;Otu0345;;;;;;;;;;;;;;;;;;
Otu0346;Bacteria;Bacteroidota;Bacteroidia;Bacteroidales;Bacteroidaceae;Prevotella;Prevotella;Otu0346;;;;;;;;;;;;;;;;;;
Otu0347;Bacteria;Bacteroidota;Bacteroidia;Bacteroidales;Bacteroidaceae;Bacteroides;Bacteroides salyersiae;Otu0347;;;;;;;;;;;;;;;;;;
Otu0348;Bacteria;Bacillota_A;Clostridia;Lachnospirales;Lachnospiraceae;Mediterraneibacter;Mediterraneibacter torques;Otu0348;;;;;;;;;;;;;;;;;;
Otu0349;Bacteria;Bacteroidota;Bacteroidia;Bacteroidales;Bacteroidaceae;Bacteroides;Bacteroides sp900552405;Otu0349;;;;;;;;;;;;;;;;;;
Otu0350;Bacteria;Pseudomonadota;Gammaproteobacteria;Burkholderiales;Burkholderiaceae;Duodenibacillus;Duodenibacillus intestinigallinarum;Otu0350;;;;;;;;;;;;;;;;;;
Otu0351;Bacteria;Bacillota_A;Clostridia;Oscillospirales;Acutalibacteraceae;Acutalibacteraceae;Acutalibacteraceae;Otu0351;;;;;;;;;;;;;;;;;;
Otu0352;Bacteria;Bacteroidota;Bacteroidia;Bacteroidales;Bacteroidaceae;Bacteroides;Bacteroides sp900552405;Otu0352;;;;;;;;;;;;;;;;;;
Otu0355;Bacteria;Pseudomonadota;Gammaproteobacteria;Burkholderiales;Burkholderiaceae;Duodenibacillus;Duodenibacillus massiliensis;Otu0355;;;;;;;;;;;;;;;;;;
Otu0356;Bacteria;Bacteroidota;Bacteroidia;Bacteroidales;Bacteroidaceae;Bacteroides;Bacteroides caccae;Otu0356;;;;;;;;;;;;;;;;;;
Otu0357;Bacteria;Bacteroidota;Bacteroidia;Bacteroidales;Bacteroidaceae;Phocaeicola;Phocaeicola;Otu0357;;;;;;;;;;;;;;;;;;
Otu0358;Bacteria;Pseudomonadota;Alphaproteobacteria;RF32;CAG-239;51-20;51-20 sp910577095;Otu0358;;;;;;;;;;;;;;;;;;
Otu0359;Bacteria;Bacillota_A;Clostridia;Oscillospirales;Oscillospirales;Oscillospirales;Oscillospirales;Otu0359;;;;;;;;;;;;;;;;;;
Otu0360;Bacteria;Bacteroidota;Bacteroidia;Bacteroidales;Muribaculaceae;Sodaliphilus;Sodaliphilus sp004557565;Otu0360;;;;;;;;;;;;;;;;;;
Otu0361;Bacteria;Bacteroidota;Bacteroidia;Bacteroidales;Bacteroidaceae;Bacteroides;Bacteroides caccae;Otu0361;;;;;;;;;;;;;;;;;;
Otu0362;Bacteria;Bacillota_A;Clostridia;Lachnospirales;Lachnospiraceae;Mediterraneibacter;Mediterraneibacter torques;Otu0362;;;;;;;;;;;;;;;;;;
Otu0363;Bacteria;Bacillota_A;Clostridia;Lachnospirales;Lachnospiraceae;Blautia_A;Blautia_A;Otu0363;;;;;;;;;;;;;;;;;;
Otu0364;Bacteria;Bacteroidota;Bacteroidia;Bacteroidales;Bacteroidaceae;Bacteroides;Bacteroides intestinalis;Otu0364;;;;;;;;;;;;;;;;;;
Otu0365;Bacteria;Actinomycetota;Coriobacteriia;Coriobacteriales;Eggerthellaceae;Slackia;Slackia isoflavoniconvertens;Otu0365;;;;;;;;;;;;;;;;;;
Otu0366;Bacteria;Bacillota_A;Clostridia;Lachnospirales;Lachnospiraceae;Lachnospira;Lachnospira;Otu0366;;;;;;;;;;;;;;;;;;
Otu0367;Bacteria;Bacillota_A;Clostridia;Oscillospirales;Oscillospiraceae;Hominicoprocola;Hominicoprocola fusiformis;Otu0367;;;;;;;;;;;;;;;;;;
Otu0368;Bacteria;Bacillota_A;Clostridia;Lachnospirales;Lachnospiraceae;Hominifimenecus;Hominifimenecus microfluidus;Otu0368;;;;;;;;;;;;;;;;;;
Otu0369;Bacteria;Bacillota_A;Clostridia;Clostridia;Clostridia;Clostridia;Clostridia;Otu0369;;;;;;;;;;;;;;;;;;
Otu0370;Bacteria;Bacillota_A;Clostridia;Lachnospirales;Lachnospiraceae;Blautia_A;Blautia_A;Otu0370;;;;;;;;;;;;;;;;;;
Otu0371;Bacteria;Bacillota_C;Negativicutes;Veillonellales;Veillonellaceae;Veillonella;Veillonella;Otu0371;;;;;;;;;;;;;;;;;;
Otu0372;Bacteria;Bacillota_A;Clostridia;Lachnospirales;Lachnospiraceae;Lachnospiraceae;Lachnospiraceae;Otu0372;;;;;;;;;;;;;;;;;;
Otu0373;Bacteria;Bacillota_C;Negativicutes;Acidaminococcales;Acidaminococcaceae;Phascolarctobacterium;Phascolarctobacterium faecium;Otu0373;;;;;;;;;;;;;;;;;;
Otu0374;Bacteria;Bacillota_A;Clostridia;Oscillospirales;CAG-272;CAG-272;CAG-272;Otu0374;;;;;;;;;;;;;;;;;;
Otu0375;Bacteria;Bacillota_A;Clostridia;Lachnospirales;Lachnospiraceae;Lachnospiraceae;Lachnospiraceae;Otu0375;;;;;;;;;;;;;;;;;;
Otu0376;Bacteria;Bacteroidota;Bacteroidia;Bacteroidales;UBA932;Cryptobacteroides;Cryptobacteroides sp000433355;Otu0376;;;;;;;;;;;;;;;;;;
Otu0377;Bacteria;Bacillota_A;Clostridia;Lachnospirales;Lachnospiraceae;Roseburia;Roseburia;Otu0377;;;;;;;;;;;;;;;;;;
Otu0378;Bacteria;Bacillota_A;Clostridia;Lachnospirales;Lachnospiraceae;Suilimivivens;Suilimivivens aceti;Otu0378;;;;;;;;;;;;;;;;;;
Otu0379;Bacteria;Bacillota_A;Clostridia;Oscillospirales;CAG-382;UBA1206;UBA1206 sp002310055;Otu0379;;;;;;;;;;;;;;;;;;
Otu0380;Bacteria;Pseudomonadota;Alphaproteobacteria;RF32;CAG-239;CAZU01;CAZU01 sp000432275;Otu0380;;;;;;;;;;;;;;;;;;
Otu0382;Bacteria;Bacillota_A;Clostridia;Lachnospirales;Lachnospiraceae;Lachnospiraceae;Lachnospiraceae;Otu0382;;;;;;;;;;;;;;;;;;
Otu0383;Bacteria;Bacteroidota;Bacteroidia;Bacteroidales;Bacteroidaceae;Bacteroides;Bacteroides;Otu0383;;;;;;;;;;;;;;;;;;
Otu0385;Bacteria;Bacteroidota;Bacteroidia;Bacteroidales;Bacteroidaceae;Phocaeicola;Phocaeicola massiliensis;Otu0385;;;;;;;;;;;;;;;;;;
Otu0386;Bacteria;Bacillota_A;Clostridia;Oscillospirales;Oscillospiraceae;Vermiculatibacterium;Vermiculatibacterium agrestimuris;Otu0386;;;;;;;;;;;;;;;;;;
Otu0388;Bacteria;Bacillota_A;Clostridia;Oscillospirales;Ruminococcaceae;Faecalibacterium;Faecalibacterium;Otu0388;;;;;;;;;;;;;;;;;;
Otu0389;Bacteria;Bacillota_A;Clostridia;Lachnospirales;Lachnospiraceae;Otoolea;Otoolea symbiosa;Otu0389;;;;;;;;;;;;;;;;;;
Otu0390;Bacteria;Bacillota_A;Clostridia;Oscillospirales;Ruminococcaceae;Faecalibacterium;Faecalibacterium duncaniae;Otu0390;;;;;;;;;;;;;;;;;;
Otu0391;Bacteria;Bacillota_A;Clostridia;Oscillospirales;Butyricicoccaceae;Pseudobutyricicoccus;Pseudobutyricicoccus sp003477405;Otu0391;;;;;;;;;;;;;;;;;;
Otu0392;Bacteria;Bacillota_A;Clostridia;Lachnospirales;Lachnospiraceae;Scatomonas;Scatomonas hejianensis;Otu0392;;;;;;;;;;;;;;;;;;
Otu0393;Bacteria;Bacillota;Bacilli;MOL361;Turicibacteraceae;Turicibacter;Turicibacter bilis;Otu0393;;;;;;;;;;;;;;;;;;
Otu0394;Bacteria;Bacillota_A;Clostridia;Lachnospirales;Lachnospiraceae;Limivivens;Limivivens sp900066135;Otu0394;;;;;;;;;;;;;;;;;;
Otu0395;Bacteria;Bacillota_A;Clostridia;Oscillospirales;Ruminococcaceae;Angelakisella;Angelakisella massiliensis;Otu0395;;;;;;;;;;;;;;;;;;
Otu0396;Bacteria;Actinomycetota;Coriobacteriia;Coriobacteriales;Eggerthellaceae;Adlercreutzia;Adlercreutzia equolifaciens;Otu0396;;;;;;;;;;;;;;;;;;
Otu0397;Bacteria;Bacillota_A;Clostridia;Lachnospirales;Lachnospiraceae;Roseburia;Roseburia inulinivorans;Otu0397;;;;;;;;;;;;;;;;;;
Otu0398;Bacteria;Bacillota_A;Clostridia;Lachnospirales;Lachnospiraceae;Blautia_A;Blautia_A obeum;Otu0398;;;;;;;;;;;;;;;;;;
Otu0400;Bacteria;Bacteroidota;Bacteroidia;Bacteroidales;Bacteroidaceae;Bacteroides;Bacteroides stercoris;Otu0400;;;;;;;;;;;;;;;;;;
Otu0401;Bacteria;Bacillota_A;Clostridia;TANB77;CAG-508;CAG-508;CAG-508;Otu0401;;;;;;;;;;;;;;;;;;
Otu0402;Bacteria;Bacillota_A;Clostridia;Lachnospirales;Lachnospiraceae;Blautia_A;Blautia_A;Otu0402;;;;;;;;;;;;;;;;;;
Otu0403;Bacteria;Bacillota;Bacilli;Lactobacillales;Streptococcaceae;Lactococcus;Lactococcus lactis;Otu0403;;;;;;;;;;;;;;;;;;
Otu0404;Bacteria;Bacillota_A;Clostridia;Lachnospirales;Lachnospiraceae;Lachnospiraceae;Lachnospiraceae;Otu0404;;;;;;;;;;;;;;;;;;
Otu0405;Bacteria;Bacillota_A;Clostridia;Oscillospirales;Oscillospiraceae;Lawsonibacter;Lawsonibacter faecis;Otu0405;;;;;;;;;;;;;;;;;;
Otu0406;Bacteria;Bacillota_A;Clostridia;Lachnospirales;Lachnospiraceae;Blautia_A;Blautia_A faecis;Otu0406;;;;;;;;;;;;;;;;;;
Otu0407;Bacteria;Bacillota_A;Clostridia;Lachnospirales;Lachnospiraceae;Lachnospiraceae;Lachnospiraceae;Otu0407;;;;;;;;;;;;;;;;;;
Otu0408;Bacteria;Desulfobacterota;Desulfovibrionia;Desulfovibrionales;Desulfovibrionaceae;Desulfovibrio;Desulfovibrio;Otu0408;;;;;;;;;;;;;;;;;;
Otu0409;Bacteria;Pseudomonadota;Gammaproteobacteria;Xanthomonadales;Xanthomonadaceae;Stenotrophomonas;Stenotrophomonas maltophilia_AJ;Otu0409;;;;;;;;;;;;;;;;;;
Otu0410;Bacteria;Bacillota_A;Clostridia;Lachnospirales;Lachnospiraceae;Lachnospiraceae;Lachnospiraceae;Otu0410;;;;;;;;;;;;;;;;;;
Otu0411;Bacteria;Bacteroidota;Bacteroidia;Bacteroidales;Bacteroidaceae;Phocaeicola;Phocaeicola;Otu0411;;;;;;;;;;;;;;;;;;
Otu0413;Bacteria;Bacillota_A;Clostridia;Lachnospirales;Lachnospiraceae;Blautia_A;Blautia_A;Otu0413;;;;;;;;;;;;;;;;;;
Otu0414;Bacteria;Bacillota_A;Clostridia;Lachnospirales;Lachnospiraceae;Agathobacter;Agathobacter rectalis;Otu0414;;;;;;;;;;;;;;;;;;
Otu0415;Bacteria;Bacillota_A;Clostridia;Lachnospirales;Lachnospiraceae;Alitiscatomonas;Alitiscatomonas;Otu0415;;;;;;;;;;;;;;;;;;
Otu0416;Bacteria;Bacillota_A;Clostridia;Oscillospirales;Oscillospiraceae;Dysosmobacter;Dysosmobacter;Otu0416;;;;;;;;;;;;;;;;;;
Otu0417;Bacteria;Bacteroidota;Bacteroidia;Bacteroidales;Bacteroidaceae;Bacteroides;Bacteroides;Otu0417;;;;;;;;;;;;;;;;;;
Otu0418;Bacteria;Bacillota_I;Bacilli_A;Erysipelotrichales;Erysipelotrichaceae;Longicatena;Longicatena caecimuris;Otu0418;;;;;;;;;;;;;;;;;;
Otu0419;Bacteria;Bacillota_A;Clostridia;Lachnospirales;Lachnospiraceae;Butyrivibrio_A;Butyrivibrio_A crossotus;Otu0419;;;;;;;;;;;;;;;;;;
Otu0420;Bacteria;Bacteroidota;Bacteroidia;Bacteroidales;Bacteroidaceae;Bacteroides;Bacteroides;Otu0420;;;;;;;;;;;;;;;;;;
Otu0421;Bacteria;Bacillota_A;Clostridia;Lachnospirales;Lachnospiraceae;Blautia_A;Blautia_A wexlerae;Otu0421;;;;;;;;;;;;;;;;;;
Otu0422;Bacteria;Bacillota_A;Clostridia;Oscillospirales;Acutalibacteraceae;Avimonas;Avimonas sp012839705;Otu0422;;;;;;;;;;;;;;;;;;
Otu0423;Bacteria;Bacillota_A;Clostridia;Clostridia;Clostridia;Clostridia;Clostridia;Otu0423;;;;;;;;;;;;;;;;;;
Otu0424;Bacteria;Bacillota_A;Clostridia;TANB77;CAG-508;CAG-508;CAG-508;Otu0424;;;;;;;;;;;;;;;;;;
Otu0425;Bacteria;Bacillota_A;Clostridia;UBA1381;UBA1381;Hominilimicola;Hominilimicola fabiformis;Otu0425;;;;;;;;;;;;;;;;;;
Otu0427;Bacteria;Pseudomonadota;Gammaproteobacteria;Enterobacterales;Succinivibrionaceae;Succinivibrio;Succinivibrio sp000431835;Otu0427;;;;;;;;;;;;;;;;;;
Otu0428;Bacteria;Bacillota_A;Clostridia;Oscillospirales;Oscillospiraceae;Vescimonas;Vescimonas coprocola;Otu0428;;;;;;;;;;;;;;;;;;
Otu0429;Bacteria;Bacillota_A;Clostridia;Lachnospirales;Lachnospiraceae;Lachnospiraceae;Lachnospiraceae;Otu0429;;;;;;;;;;;;;;;;;;
Otu0430;Bacteria;Bacillota_A;Clostridia;Oscillospirales;Ruminococcaceae;Ruminiclostridium_E;Ruminiclostridium_E;Otu0430;;;;;;;;;;;;;;;;;;
Otu0431;Bacteria;Bacillota_A;Clostridia;Peptostreptococcales;Peptostreptococcaceae;Intestinibacter;Intestinibacter bartlettii;Otu0431;;;;;;;;;;;;;;;;;;
Otu0432;Bacteria;Bacillota_A;Clostridia;Christensenellales;Borkfalkiaceae;Scatosoma;Scatosoma sp900542935;Otu0432;;;;;;;;;;;;;;;;;;
Otu0433;Bacteria;Bacillota_I;Bacilli_A;RF39;UBA660;CAG-302;CAG-302 sp000431795;Otu0433;;;;;;;;;;;;;;;;;;
Otu0434;Bacteria;Bacillota_I;Bacilli_A;RF39;UBA660;CAG-628;CAG-628 sp934085635;Otu0434;;;;;;;;;;;;;;;;;;
Otu0436;Bacteria;Bacillota_I;Bacilli_A;RF39;UBA660;UBA6448;UBA6448 sp000437315;Otu0436;;;;;;;;;;;;;;;;;;
Otu0438;Bacteria;Bacillota_A;Clostridia;Lachnospirales;Lachnospiraceae;Lachnospiraceae;Lachnospiraceae;Otu0438;;;;;;;;;;;;;;;;;;
Otu0439;Bacteria;Bacteroidota;Bacteroidia;Bacteroidales;Bacteroidaceae;Phocaeicola;Phocaeicola;Otu0439;;;;;;;;;;;;;;;;;;
Otu0440;Bacteria;Bacillota_A;Clostridia;Oscillospirales;Oscillospiraceae;Dysosmobacter;Dysosmobacter faecalis;Otu0440;;;;;;;;;;;;;;;;;;
Otu0441;Bacteria;Bacillota_A;Clostridia;Lachnospirales;Lachnospiraceae;Lachnospiraceae;Lachnospiraceae;Otu0441;;;;;;;;;;;;;;;;;;
Otu0443;Bacteria;Bacillota_A;Clostridia;Lachnospirales;Lachnospiraceae;Mediterraneibacter;Mediterraneibacter;Otu0443;;;;;;;;;;;;;;;;;;
Otu0444;Bacteria;Bacillota_A;Clostridia;Lachnospirales;Lachnospiraceae;Blautia_A;Blautia_A faecis;Otu0444;;;;;;;;;;;;;;;;;;
Otu0445;Bacteria;Bacillota_A;Clostridia;Lachnospirales;Lachnospiraceae;Scatomonas;Scatomonas hejianensis;Otu0445;;;;;;;;;;;;;;;;;;
Otu0447;Bacteria;Bacteroidota;Bacteroidia;Bacteroidales;Bacteroidaceae;Phocaeicola;Phocaeicola massiliensis;Otu0447;;;;;;;;;;;;;;;;;;
Otu0448;Bacteria;Bacteroidota;Bacteroidia;Bacteroidales;Bacteroidaceae;Phocaeicola;Phocaeicola;Otu0448;;;;;;;;;;;;;;;;;;
Otu0449;Bacteria;Bacillota_A;Clostridia;Oscillospirales;Oscillospiraceae;CAG-170;CAG-170 sp900549635;Otu0449;;;;;;;;;;;;;;;;;;
Otu0450;Bacteria;Bacillota_A;Clostridia;Lachnospirales;Lachnospiraceae;Dorea_A;Dorea_A;Otu0450;;;;;;;;;;;;;;;;;;
Otu0451;Bacteria;Bacteroidota;Bacteroidia;Bacteroidales;Bacteroidaceae;Phocaeicola;Phocaeicola vulgatus;Otu0451;;;;;;;;;;;;;;;;;;
Otu0452;Bacteria;Bacillota_A;Clostridia;Oscillospirales;Ruminococcaceae;Gemmiger;Gemmiger qucibialis;Otu0452;;;;;;;;;;;;;;;;;;
Otu0453;Bacteria;Bacillota_A;Clostridia;Lachnospirales;Lachnospiraceae;Oliverpabstia;Oliverpabstia faecicola;Otu0453;;;;;;;;;;;;;;;;;;
Otu0454;Bacteria;Bacillota_A;Clostridia;Lachnospirales;Lachnospiraceae;Blautia_A;Blautia_A;Otu0454;;;;;;;;;;;;;;;;;;
Otu0456;Bacteria;Bacteroidota;Bacteroidia;Bacteroidales;Bacteroidaceae;Phocaeicola;Phocaeicola plebeius_A;Otu0456;;;;;;;;;;;;;;;;;;
Otu0457;Bacteria;Bacteroidota;Bacteroidia;Bacteroidales;Muribaculaceae;Muribaculum;Muribaculum gordoncarteri;Otu0457;;;;;;;;;;;;;;;;;;
Otu0458;Bacteria;Actinomycetota;Coriobacteriia;Coriobacteriales;Eggerthellaceae;Eggerthella;Eggerthella lenta;Otu0458;;;;;;;;;;;;;;;;;;
Otu0459;Bacteria;Bacillota_A;Clostridia;Lachnospirales;Lachnospiraceae;Eubacterium_F;Eubacterium_F sp003491505;Otu0459;;;;;;;;;;;;;;;;;;
Otu0460;Bacteria;Bacteroidota;Bacteroidia;Bacteroidales;Bacteroidaceae;Bacteroidaceae;Bacteroidaceae;Otu0460;;;;;;;;;;;;;;;;;;
Otu0461;Bacteria;Bacteroidota;Bacteroidia;Bacteroidales;Rikenellaceae;Alistipes_A;Alistipes_A indistinctus;Otu0461;;;;;;;;;;;;;;;;;;
Otu0462;Bacteria;Bacillota_A;Clostridia;Lachnospirales;Lachnospiraceae;Lachnospiraceae;Lachnospiraceae;Otu0462;;;;;;;;;;;;;;;;;;
Otu0463;Bacteria;Bacillota_A;Clostridia;Oscillospirales;CAG-272;CAG-272;CAG-272;Otu0463;;;;;;;;;;;;;;;;;;
Otu0465;Bacteria;Bacteroidota;Bacteroidia;Bacteroidales;Bacteroidaceae;Phocaeicola;Phocaeicola plebeius_A;Otu0465;;;;;;;;;;;;;;;;;;
Otu0467;Bacteria;Bacillota_A;Clostridia;Lachnospirales;Lachnospiraceae;Agathobacter;Agathobacter rectalis;Otu0467;;;;;;;;;;;;;;;;;;
Otu0468;Bacteria;Bacteroidota;Bacteroidia;Bacteroidales;Bacteroidaceae;Phocaeicola;Phocaeicola;Otu0468;;;;;;;;;;;;;;;;;;
Otu0469;Bacteria;Bacillota_A;Clostridia;Lachnospirales;Lachnospiraceae;Agathobacter;Agathobacter rectalis;Otu0469;;;;;;;;;;;;;;;;;;
Otu0471;Bacteria;Bacteroidota;Bacteroidia;Bacteroidales;Bacteroidaceae;Phocaeicola;Phocaeicola;Otu0471;;;;;;;;;;;;;;;;;;
Otu0472;Bacteria;Pseudomonadota;Gammaproteobacteria;Burkholderiales;Burkholderiaceae;Mesosutterella;Mesosutterella multiformis;Otu0472;;;;;;;;;;;;;;;;;;
Otu0473;Bacteria;Bacteroidota;Bacteroidia;Bacteroidales;Bacteroidaceae;Phocaeicola;Phocaeicola vulgatus;Otu0473;;;;;;;;;;;;;;;;;;
Otu0474;Bacteria;Pseudomonadota;Gammaproteobacteria;Burkholderiales;Burkholderiaceae;Oxalobacter;Oxalobacter aliiformigenes;Otu0474;;;;;;;;;;;;;;;;;;
Otu0476;Bacteria;Bacillota_A;Clostridia;Oscillospirales;Oscillospiraceae;Oscillospiraceae;Oscillospiraceae;Otu0476;;;;;;;;;;;;;;;;;;
Otu0478;Bacteria;Bacteroidota;Bacteroidia;Bacteroidales;Bacteroidaceae;Bacteroides;Bacteroides eggerthii;Otu0478;;;;;;;;;;;;;;;;;;
Otu0479;Bacteria;Bacteroidota;Bacteroidia;Bacteroidales;Bacteroidaceae;Bacteroides;Bacteroides;Otu0479;;;;;;;;;;;;;;;;;;
Otu0480;Bacteria;Bacillota_A;Clostridia;Christensenellales;Christensenellaceae;QANA01;QANA01 sp017439085;Otu0480;;;;;;;;;;;;;;;;;;
Otu0482;Bacteria;Bacillota_A;Clostridia;Oscillospirales;Oscillospiraceae;Hominicoprocola;Hominicoprocola sp900317525;Otu0482;;;;;;;;;;;;;;;;;;
Otu0484;Bacteria;Bacillota_A;Clostridia;Oscillospirales;CAG-272;UMGS1696;UMGS1696 sp900753285;Otu0484;;;;;;;;;;;;;;;;;;
Otu0485;Bacteria;Bacillota_A;Clostridia;Lachnospirales;Lachnospiraceae;Mediterraneibacter_A;Mediterraneibacter_A butyricigenes;Otu0485;;;;;;;;;;;;;;;;;;
Otu0486;Bacteria;Bacillota_A;Clostridia;Oscillospirales;Oscillospiraceae;CAG-170;CAG-170;Otu0486;;;;;;;;;;;;;;;;;;
Otu0487;Bacteria;Bacillota_A;Clostridia;Oscillospirales;Oscillospiraceae;Pseudoflavonifractor_A;Pseudoflavonifractor_A;Otu0487;;;;;;;;;;;;;;;;;;
Otu0489;Bacteria;Bacillota_A;Clostridia;Oscillospirales;Oscillospiraceae;Lawsonibacter;Lawsonibacter asaccharolyticus;Otu0489;;;;;;;;;;;;;;;;;;
Otu0490;Bacteria;Bacillota_A;Clostridia;Lachnospirales;Lachnospiraceae;Acetatifactor;Acetatifactor acetigignens;Otu0490;;;;;;;;;;;;;;;;;;
Otu0491;Bacteria;Bacteroidota;Bacteroidia;Bacteroidales;Bacteroidaceae;Bacteroidaceae;Bacteroidaceae;Otu0491;;;;;;;;;;;;;;;;;;
Otu0494;Bacteria;Bacillota_A;Clostridia;Lachnospirales;Lachnospiraceae;Blautia_A;Blautia_A faecis;Otu0494;;;;;;;;;;;;;;;;;;
Otu0495;Bacteria;Bacillota_A;Clostridia;Oscillospirales;Oscillospiraceae;Faecousia;Faecousia sp000435995;Otu0495;;;;;;;;;;;;;;;;;;
Otu0496;Bacteria;Bacillota_A;Clostridia;Oscillospirales;CAG-272;CAG-272;CAG-272;Otu0496;;;;;;;;;;;;;;;;;;
Otu0497;Bacteria;Bacillota_A;Clostridia;Lachnospirales;Lachnospiraceae;Lachnospiraceae;Lachnospiraceae;Otu0497;;;;;;;;;;;;;;;;;;
Otu0498;Bacteria;Bacillota_A;Clostridia;Lachnospirales;Lachnospiraceae;Blautia_A;Blautia_A;Otu0498;;;;;;;;;;;;;;;;;;
Otu0499;Bacteria;Bacillota_A;Clostridia;Lachnospirales;Lachnospiraceae;Lachnospiraceae;Lachnospiraceae;Otu0499;;;;;;;;;;;;;;;;;;
Otu0500;Bacteria;Bacillota_A;Clostridia;Oscillospirales;Ruminococcaceae;Ruminococcaceae;Ruminococcaceae;Otu0500;;;;;;;;;;;;;;;;;;
Otu0501;Bacteria;Bacillota_I;Bacilli_A;RF39;UBA660;CAG-417;CAG-417 sp000432835;Otu0501;;;;;;;;;;;;;;;;;;
Otu0502;Bacteria;Bacillota_A;Clostridia;Lachnospirales;Lachnospiraceae;Brotaphodocola;Brotaphodocola sp003478505;Otu0502;;;;;;;;;;;;;;;;;;
Otu0503;Bacteria;Bacillota_A;Clostridia;Oscillospirales;Ruminococcaceae;Ruminococcaceae;Ruminococcaceae;Otu0503;;;;;;;;;;;;;;;;;;
Otu0504;Bacteria;Bacillota_A;Clostridia;Oscillospirales;Oscillospiraceae;Lawsonibacter;Lawsonibacter sp900066825;Otu0504;;;;;;;;;;;;;;;;;;
Otu0505;Bacteria;Bacillota_A;Clostridia;Lachnospirales;Lachnospiraceae;Blautia_A;Blautia_A wexlerae;Otu0505;;;;;;;;;;;;;;;;;;
Otu0506;Bacteria;Bacillota_A;Clostridia;Lachnospirales;Lachnospiraceae;V9D3004;V9D3004 sp948472945;Otu0506;;;;;;;;;;;;;;;;;;
Otu0507;Bacteria;Bacillota_A;Clostridia;Lachnospirales;Anaerotignaceae;Anaerotignaceae;Anaerotignaceae;Otu0507;;;;;;;;;;;;;;;;;;
Otu0508;Bacteria;Bacteroidota;Bacteroidia;Bacteroidales;Barnesiellaceae;Barnesiella;Barnesiella intestinihominis;Otu0508;;;;;;;;;;;;;;;;;;
Otu0509;Bacteria;Bacillota_A;Clostridia;Lachnospirales;Lachnospiraceae;Enterocloster;Enterocloster aldenensis;Otu0509;;;;;;;;;;;;;;;;;;
Otu0510;Bacteria;Bacillota_A;Clostridia;Lachnospirales;Lachnospiraceae;Agathobacter;Agathobacter;Otu0510;;;;;;;;;;;;;;;;;;
Otu0511;Bacteria;Bacteroidota;Bacteroidia;Bacteroidales;Bacteroidaceae;Phocaeicola;Phocaeicola plebeius_A;Otu0511;;;;;;;;;;;;;;;;;;
Otu0512;Bacteria;Bacteroidota;Bacteroidia;Bacteroidales;Bacteroidaceae;Bacteroides;Bacteroides salyersiae;Otu0512;;;;;;;;;;;;;;;;;;
Otu0513;Bacteria;Bacillota_A;Clostridia;Oscillospirales;Ruminococcaceae;Gemmiger;Gemmiger formicilis;Otu0513;;;;;;;;;;;;;;;;;;
Otu0515;Bacteria;Bacillota_A;Clostridia;Lachnospirales;Lachnospiraceae;Blautia_A;Blautia_A wexlerae;Otu0515;;;;;;;;;;;;;;;;;;
Otu0516;Bacteria;Bacillota_A;Clostridia;Lachnospirales;Lachnospiraceae;Butyrivibrio_A;Butyrivibrio_A crossotus;Otu0516;;;;;;;;;;;;;;;;;;
Otu0517;Bacteria;Bacillota_I;Bacilli_A;RF39;UBA660;CAG-628;CAG-628 sp000438415;Otu0517;;;;;;;;;;;;;;;;;;
Otu0519;Bacteria;Bacteroidota;Bacteroidia;Bacteroidales;Bacteroidaceae;Bacteroides;Bacteroides;Otu0519;;;;;;;;;;;;;;;;;;
Otu0522;Bacteria;Bacillota_A;Clostridia;Lachnospirales;Lachnospiraceae;Blautia_A;Blautia_A wexlerae;Otu0522;;;;;;;;;;;;;;;;;;
Otu0523;Bacteria;Bacillota_A;Clostridia;Lachnospirales;Lachnospiraceae;Lachnospiraceae;Lachnospiraceae;Otu0523;;;;;;;;;;;;;;;;;;
Otu0524;Bacteria;Bacillota_A;Clostridia;Lachnospirales;Lachnospiraceae;Agathobacter;Agathobacter;Otu0524;;;;;;;;;;;;;;;;;;
Otu0525;Bacteria;Bacteroidota;Bacteroidia;Bacteroidales;Tannerellaceae;Parabacteroides;Parabacteroides distasonis;Otu0525;;;;;;;;;;;;;;;;;;
Otu0526;Bacteria;Bacillota_A;Clostridia;Oscillospirales;Oscillospiraceae;Oscillospiraceae;Oscillospiraceae;Otu0526;;;;;;;;;;;;;;;;;;
Otu0527;Bacteria;Bacillota_A;Clostridia;Christensenellales;QALW01;UMGS1338;UMGS1338 sp900550805;Otu0527;;;;;;;;;;;;;;;;;;
Otu0528;Bacteria;Bacillota_A;Clostridia;Lachnospirales;Lachnospiraceae;Mediterraneibacter;Mediterraneibacter faecis;Otu0528;;;;;;;;;;;;;;;;;;
Otu0529;Bacteria;Bacillota_A;Clostridia;Lachnospirales;Lachnospiraceae;Coprococcus_A;Coprococcus_A catus_A;Otu0529;;;;;;;;;;;;;;;;;;
Otu0530;Bacteria;Bacillota_A;Clostridia;Oscillospirales;Acutalibacteraceae;Ruminococcus_E;Ruminococcus_E intestinalis;Otu0530;;;;;;;;;;;;;;;;;;
Otu0531;Bacteria;Bacillota_A;Clostridia;Lachnospirales;Lachnospiraceae;Lachnospiraceae;Lachnospiraceae;Otu0531;;;;;;;;;;;;;;;;;;
Otu0532;Bacteria;Bacillota_A;Clostridia;Monoglobales;Monoglobaceae;Monoglobus;Monoglobus pectinilyticus;Otu0532;;;;;;;;;;;;;;;;;;
Otu0533;Bacteria;Bacillota_A;Clostridia;Lachnospirales;Lachnospiraceae;Lachnospiraceae;Lachnospiraceae;Otu0533;;;;;;;;;;;;;;;;;;
Otu0535;Bacteria;Bacillota_A;Clostridia;Oscillospirales;Oscillospiraceae;Dysosmobacter;Dysosmobacter faecalis_A;Otu0535;;;;;;;;;;;;;;;;;;
Otu0537;Bacteria;Bacillota_A;Clostridia;Lachnospirales;Lachnospiraceae;Roseburia_B;Roseburia_B zhanii;Otu0537;;;;;;;;;;;;;;;;;;
Otu0538;Bacteria;Bacillota_A;Clostridia;Oscillospirales;Ruminococcaceae;Gemmiger;Gemmiger formicilis;Otu0538;;;;;;;;;;;;;;;;;;
Otu0539;Bacteria;Bacillota_A;Clostridia;Lachnospirales;Lachnospiraceae;Blautia_A;Blautia_A;Otu0539;;;;;;;;;;;;;;;;;;
Otu0541;Bacteria;Actinomycetota;Coriobacteriia;Coriobacteriales;Eggerthellaceae;Ellagibacter;Ellagibacter isourolithinifaciens;Otu0541;;;;;;;;;;;;;;;;;;
Otu0542;Bacteria;Bacillota_A;Clostridia;Oscillospirales;Butyricicoccaceae;Agathobaculum;Agathobaculum butyriciproducens;Otu0542;;;;;;;;;;;;;;;;;;
Otu0543;Bacteria;Bacillota_A;Clostridia;Oscillospirales;Ruminococcaceae;Ruminiclostridium_E;Ruminiclostridium_E siraeum;Otu0543;;;;;;;;;;;;;;;;;;
Otu0544;Bacteria;Actinomycetota;Actinomycetes;Actinomycetales;Bifidobacteriaceae;Bifidobacterium;Bifidobacterium adolescentis;Otu0544;;;;;;;;;;;;;;;;;;
Otu0547;Bacteria;Bacillota_A;Clostridia;Oscillospirales;CAG-272;UMGS911;UMGS911 sp900546695;Otu0547;;;;;;;;;;;;;;;;;;
Otu0548;Bacteria;Bacillota_A;Clostridia;Christensenellales;Aristaeellaceae;Aristaeellaceae;Aristaeellaceae;Otu0548;;;;;;;;;;;;;;;;;;
Otu0549;Bacteria;Bacillota_A;Clostridia;Oscillospirales;Ruminococcaceae;Bittarella;Bittarella massiliensis;Otu0549;;;;;;;;;;;;;;;;;;
Otu0550;Bacteria;Bacillota_A;Clostridia;Oscillospirales;Acutalibacteraceae;Hominenteromicrobium;Hominenteromicrobium mulieris;Otu0550;;;;;;;;;;;;;;;;;;
Otu0551;Bacteria;Bacillota_A;Clostridia;Lachnospirales;Lachnospiraceae;Agathobacter;Agathobacter rectalis;Otu0551;;;;;;;;;;;;;;;;;;
Otu0552;Bacteria;Verrucomicrobiota;Lentisphaeria;Victivallales;Victivallaceae;Victivallis;Victivallis lenta;Otu0552;;;;;;;;;;;;;;;;;;
Otu0553;Bacteria;Bacillota_A;Clostridia;Lachnospirales;Lachnospiraceae;Lachnospiraceae;Lachnospiraceae;Otu0553;;;;;;;;;;;;;;;;;;
Otu0554;Bacteria;Bacteroidota;Bacteroidia;Bacteroidales;Bacteroidaceae;Bacteroides;Bacteroides;Otu0554;;;;;;;;;;;;;;;;;;
Otu0555;Bacteria;Bacillota_A;Clostridia;Oscillospirales;CAG-272;UMGS1696;UMGS1696 sp900753285;Otu0555;;;;;;;;;;;;;;;;;;
Otu0556;Bacteria;Bacillota_A;Clostridia;Lachnospirales;Lachnospiraceae;Lachnospiraceae;Lachnospiraceae;Otu0556;;;;;;;;;;;;;;;;;;
Otu0558;Bacteria;Bacteroidota;Bacteroidia;Bacteroidales;Bacteroidaceae;Bacteroidaceae;Bacteroidaceae;Otu0558;;;;;;;;;;;;;;;;;;
Otu0560;Bacteria;Bacillota_A;Clostridia;Oscillospirales;Ruminococcaceae;Gemmiger;Gemmiger qucibialis;Otu0560;;;;;;;;;;;;;;;;;;
Otu0561;Bacteria;Actinomycetota;Actinomycetes;Actinomycetales;Actinomycetaceae;Pauljensenia;Pauljensenia sp000185285;Otu0561;;;;;;;;;;;;;;;;;;
Otu0563;Bacteria;Bacillota_A;Clostridia;Christensenellales;Aristaeellaceae;Aristaeella;Aristaeella;Otu0563;;;;;;;;;;;;;;;;;;
Otu0564;Bacteria;Bacteroidota;Bacteroidia;Bacteroidales;Bacteroidaceae;Phocaeicola;Phocaeicola;Otu0564;;;;;;;;;;;;;;;;;;
Otu0566;Bacteria;Bacillota_A;Clostridia;Oscillospirales;Ruminococcaceae;Faecalibacterium;Faecalibacterium;Otu0566;;;;;;;;;;;;;;;;;;
Otu0568;Bacteria;Bacillota_A;Clostridia;Oscillospirales;Oscillospiraceae;CAG-103;CAG-103 sp900543625;Otu0568;;;;;;;;;;;;;;;;;;
Otu0570;Bacteria;Bacillota_A;Clostridia;Oscillospirales;Ruminococcaceae;Gemmiger;Gemmiger formicilis;Otu0570;;;;;;;;;;;;;;;;;;
Otu0571;Bacteria;Bacillota_A;Clostridia;Lachnospirales;Lachnospiraceae;Lachnospiraceae;Lachnospiraceae;Otu0571;;;;;;;;;;;;;;;;;;
Otu0572;Bacteria;Bacillota_A;Clostridia;Lachnospirales;Lachnospiraceae;Lachnospiraceae;Lachnospiraceae;Otu0572;;;;;;;;;;;;;;;;;;
Otu0573;Bacteria;Bacteroidota;Bacteroidia;Bacteroidales;Bacteroidaceae;Phocaeicola;Phocaeicola;Otu0573;;;;;;;;;;;;;;;;;;
Otu0575;Bacteria;Bacillota_A;Clostridia;Lachnospirales;Lachnospiraceae;Lachnospiraceae;Lachnospiraceae;Otu0575;;;;;;;;;;;;;;;;;;
Otu0576;Bacteria;Bacteria;Bacteria;Bacteria;Bacteria;Bacteria;Bacteria;Otu0576;;;;;;;;;;;;;;;;;;
Otu0577;Bacteria;Bacillota_A;Clostridia;Lachnospirales;Lachnospiraceae;Agathobacter;Agathobacter;Otu0577;;;;;;;;;;;;;;;;;;
Otu0578;Bacteria;Bacillota_A;Clostridia;Lachnospirales;Lachnospiraceae;Faecalimonas;Faecalimonas umbilicata;Otu0578;;;;;;;;;;;;;;;;;;
Otu0580;Bacteria;Bacillota_A;Clostridia;Oscillospirales;Oscillospiraceae;Lawsonibacter;Lawsonibacter aceti;Otu0580;;;;;;;;;;;;;;;;;;
Otu0584;Bacteria;Bacteroidota;Bacteroidia;Bacteroidales;Bacteroidaceae;Phocaeicola;Phocaeicola;Otu0584;;;;;;;;;;;;;;;;;;
Otu0585;Bacteria;Bacillota_A;Clostridia;Oscillospirales;Acutalibacteraceae;Avimonas;Avimonas sp012839705;Otu0585;;;;;;;;;;;;;;;;;;
Otu0586;Bacteria;Bacteroidota;Bacteroidia;Bacteroidales;Marinifilaceae;Butyricimonas;Butyricimonas faecalis;Otu0586;;;;;;;;;;;;;;;;;;
Otu0587;Bacteria;Bacillota_A;Clostridia;Christensenellales;QALW01;UMGS1338;UMGS1338 sp900550805;Otu0587;;;;;;;;;;;;;;;;;;
Otu0588;Bacteria;Bacillota_A;Clostridia;Lachnospirales;Lachnospiraceae;Blautia_A;Blautia_A wexlerae;Otu0588;;;;;;;;;;;;;;;;;;
Otu0589;Bacteria;Bacillota_A;Clostridia;Christensenellales;UBA1750;Spyradocola;Spyradocola merdavium;Otu0589;;;;;;;;;;;;;;;;;;
Otu0590;Bacteria;Bacteroidota;Bacteroidia;Bacteroidales;Rikenellaceae;Alistipes_A;Alistipes_A hominis;Otu0590;;;;;;;;;;;;;;;;;;
Otu0591;Bacteria;Bacillota_A;Clostridia;Lachnospirales;Lachnospiraceae;Lachnospiraceae;Lachnospiraceae;Otu0591;;;;;;;;;;;;;;;;;;
Otu0592;Bacteria;Bacillota_A;Clostridia;Lachnospirales;Lachnospiraceae;Hominisplanchenecus;Hominisplanchenecus faecis;Otu0592;;;;;;;;;;;;;;;;;;
Otu0593;Bacteria;Bacillota_A;Clostridia;Peptostreptococcales;Peptostreptococcaceae;Peptostreptococcaceae;Peptostreptococcaceae;Otu0593;;;;;;;;;;;;;;;;;;
Otu0594;Bacteria;Bacillota_A;Clostridia;Lachnospirales;Lachnospiraceae;Blautia_A;Blautia_A wexlerae;Otu0594;;;;;;;;;;;;;;;;;;
Otu0595;Bacteria;Bacillota_A;Clostridia;Lachnospirales;Lachnospiraceae;Lachnospiraceae;Lachnospiraceae;Otu0595;;;;;;;;;;;;;;;;;;
Otu0597;Bacteria;Bacillota_A;Clostridia;Lachnospirales;Lachnospiraceae;Mediterraneibacter;Mediterraneibacter;Otu0597;;;;;;;;;;;;;;;;;;
Otu0598;Bacteria;Bacillota_I;Bacilli_A;Erysipelotrichales;Coprobacillaceae;Catenibacterium;Catenibacterium mitsuokai;Otu0598;;;;;;;;;;;;;;;;;;
Otu0600;Bacteria;Bacillota_A;Clostridia;Oscillospirales;Ruminococcaceae;Gemmiger;Gemmiger qucibialis;Otu0600;;;;;;;;;;;;;;;;;;
Otu0601;Bacteria;Bacillota_A;Clostridia;Lachnospirales;Lachnospiraceae;Mediterraneibacter_A;Mediterraneibacter_A butyricigenes;Otu0601;;;;;;;;;;;;;;;;;;
Otu0602;Bacteria;Bacillota_A;Clostridia;Oscillospirales;Oscillospirales;Oscillospirales;Oscillospirales;Otu0602;;;;;;;;;;;;;;;;;;
Otu0603;Bacteria;Bacteroidota;Bacteroidia;Bacteroidales;Bacteroidaceae;Bacteroides;Bacteroides zhangwenhongii;Otu0603;;;;;;;;;;;;;;;;;;
Otu0604;Bacteria;Bacteroidota;Bacteroidia;Bacteroidales;Muribaculaceae;Muribaculaceae;Muribaculaceae;Otu0604;;;;;;;;;;;;;;;;;;
Otu0606;Bacteria;Bacillota_C;Negativicutes;Veillonellales;Dialisteraceae;Dialister;Dialister invisus;Otu0606;;;;;;;;;;;;;;;;;;
Otu0609;Bacteria;Bacillota_A;Clostridia;Oscillospirales;Oscillospiraceae;Oscillibacter;Oscillibacter ruminantium;Otu0609;;;;;;;;;;;;;;;;;;
Otu0610;Bacteria;Bacillota_A;Clostridia;Oscillospirales;Oscillospiraceae;Faecousia;Faecousia sp000435995;Otu0610;;;;;;;;;;;;;;;;;;
Otu0611;Bacteria;Bacillota_A;Clostridia;Oscillospirales;Ruminococcaceae;Avimicrobium;Avimicrobium caecorum;Otu0611;;;;;;;;;;;;;;;;;;
Otu0612;Bacteria;Bacteroidota;Bacteroidia;Bacteroidales;UBA932;Cryptobacteroides;Cryptobacteroides;Otu0612;;;;;;;;;;;;;;;;;;
Otu0613;Bacteria;Bacillota_A;Clostridia;Lachnospirales;Lachnospiraceae;Lachnospiraceae;Lachnospiraceae;Otu0613;;;;;;;;;;;;;;;;;;
Otu0614;Bacteria;Bacillota_A;Clostridia;TANB77;CAG-508;CAG-452;CAG-452 sp000434035;Otu0614;;;;;;;;;;;;;;;;;;
Otu0615;Bacteria;Bacillota_A;Clostridia;Oscillospirales;Acutalibacteraceae;Eubacterium_R;Eubacterium_R;Otu0615;;;;;;;;;;;;;;;;;;
Otu0616;Bacteria;Bacillota_A;Clostridia;Lachnospirales;Lachnospiraceae;Sellimonas;Sellimonas intestinalis;Otu0616;;;;;;;;;;;;;;;;;;
Otu0617;Bacteria;Bacillota_I;Bacilli_A;Erysipelotrichales;Erysipelotrichaceae;Merdibacter;Merdibacter merdipullorum;Otu0617;;;;;;;;;;;;;;;;;;
Otu0621;Bacteria;Bacillota_A;Clostridia;Lachnospirales;Lachnospiraceae;Blautia_A;Blautia_A wexlerae;Otu0621;;;;;;;;;;;;;;;;;;
Otu0622;Bacteria;Bacillota_A;Clostridia;Lachnospirales;Lachnospiraceae;Agathobacter;Agathobacter;Otu0622;;;;;;;;;;;;;;;;;;
Otu0623;Bacteria;Bacillota_A;Clostridia;Lachnospirales;Lachnospiraceae;Blautia_A;Blautia_A;Otu0623;;;;;;;;;;;;;;;;;;
Otu0624;Bacteria;Bacillota_A;Clostridia;Christensenellales;Aristaeellaceae;Aristaeellaceae;Aristaeellaceae;Otu0624;;;;;;;;;;;;;;;;;;
Otu0626;Bacteria;Bacteroidota;Bacteroidia;Bacteroidales;Bacteroidaceae;Bacteroides;Bacteroides;Otu0626;;;;;;;;;;;;;;;;;;
Otu0627;Bacteria;Bacillota_A;Clostridia;Lachnospirales;Lachnospiraceae;Otoolea;Otoolea fessa;Otu0627;;;;;;;;;;;;;;;;;;
Otu0628;Bacteria;Bacteroidota;Bacteroidia;Bacteroidales;Bacteroidaceae;Bacteroides;Bacteroides;Otu0628;;;;;;;;;;;;;;;;;;
Otu0631;Bacteria;Bacillota_A;Clostridia;Lachnospirales;Lachnospiraceae;Lachnospiraceae;Lachnospiraceae;Otu0631;;;;;;;;;;;;;;;;;;
Otu0632;Bacteria;Bacteroidota;Bacteroidia;Bacteroidales;Bacteroidaceae;Bacteroides;Bacteroides;Otu0632;;;;;;;;;;;;;;;;;;
Otu0633;Bacteria;Verrucomicrobiota;Lentisphaeria;Victivallales;UBA1829;UBA11452;UBA11452 sp003526375;Otu0633;;;;;;;;;;;;;;;;;;
Otu0634;Bacteria;Bacillota_A;Clostridia;Oscillospirales;Ruminococcaceae;Anaerotruncus;Anaerotruncus;Otu0634;;;;;;;;;;;;;;;;;;
Otu0635;Bacteria;Bacillota_A;Clostridia;Oscillospirales;Oscillospiraceae;Vescimonas;Vescimonas;Otu0635;;;;;;;;;;;;;;;;;;
Otu0636;Bacteria;Bacillota_I;Bacilli_A;RF39;UBA660;CALVVX01;CALVVX01 sp944358805;Otu0636;;;;;;;;;;;;;;;;;;
Otu0637;Bacteria;Bacillota_A;Clostridia;Oscillospirales;Acutalibacteraceae;CAG-177;CAG-177 sp003514385;Otu0637;;;;;;;;;;;;;;;;;;
Otu0638;Bacteria;Bacillota_A;Clostridia;Lachnospirales;Lachnospiraceae;Eubacterium_F;Eubacterium_F sp000433735;Otu0638;;;;;;;;;;;;;;;;;;
Otu0640;Bacteria;Bacillota_A;Clostridia;Lachnospirales;Lachnospiraceae;Roseburia;Roseburia rectibacter;Otu0640;;;;;;;;;;;;;;;;;;
Otu0642;Bacteria;Bacillota_A;Clostridia;Lachnospirales;Lachnospiraceae;Acetatifactor;Acetatifactor intestinalis;Otu0642;;;;;;;;;;;;;;;;;;
Otu0644;Bacteria;Bacteroidota;Bacteroidia;Bacteroidales;Bacteroidaceae;Bacteroides;Bacteroides;Otu0644;;;;;;;;;;;;;;;;;;
Otu0645;Bacteria;Bacillota_A;Clostridia;Oscillospirales;Ruminococcaceae;Faecalibacterium;Faecalibacterium sp900758465;Otu0645;;;;;;;;;;;;;;;;;;
Otu0646;Bacteria;Bacillota_A;Clostridia;Christensenellales;CAG-917;CAG-349;CAG-349 sp003539515;Otu0646;;;;;;;;;;;;;;;;;;
Otu0647;Bacteria;Bacillota_A;Clostridia;Christensenellales;Aristaeellaceae;UBA11524;UBA11524 sp900769075;Otu0647;;;;;;;;;;;;;;;;;;
Otu0648;Bacteria;Bacillota_A;Clostridia;Lachnospirales;Lachnospiraceae;Fusicatenibacter;Fusicatenibacter saccharivorans;Otu0648;;;;;;;;;;;;;;;;;;
Otu0649;Bacteria;Bacillota_A;Clostridia;Oscillospirales;Acutalibacteraceae;CAG-177;CAG-177;Otu0649;;;;;;;;;;;;;;;;;;
Otu0650;Bacteria;Bacillota_A;Clostridia;Lachnospirales;Lachnospiraceae;Eubacterium_I;Eubacterium_I ramulus;Otu0650;;;;;;;;;;;;;;;;;;
Otu0651;Bacteria;Bacteroidota;Bacteroidia;Bacteroidales;Bacteroidaceae;Bacteroides;Bacteroides stercoris_A;Otu0651;;;;;;;;;;;;;;;;;;
Otu0653;Bacteria;Bacteroidota;Bacteroidia;Bacteroidales;Bacteroidaceae;Prevotella;Prevotella;Otu0653;;;;;;;;;;;;;;;;;;
Otu0654;Bacteria;Desulfobacterota;Desulfovibrionia;Desulfovibrionales;Desulfovibrionales;Desulfovibrionales;Desulfovibrionales;Otu0654;;;;;;;;;;;;;;;;;;
Otu0656;Bacteria;Bacillota_A;Clostridia;Lachnospirales;Lachnospiraceae;Anaerostipes;Anaerostipes hadrus;Otu0656;;;;;;;;;;;;;;;;;;
Otu0658;Bacteria;Bacillota_A;Clostridia;Lachnospirales;Lachnospiraceae;Dorea_A;Dorea_A contorta_A;Otu0658;;;;;;;;;;;;;;;;;;
Otu0660;Bacteria;Bacillota_A;Clostridia;Lachnospirales;Lachnospiraceae;Bariatricus;Bariatricus;Otu0660;;;;;;;;;;;;;;;;;;
Otu0661;Bacteria;Bacteroidota;Bacteroidia;Bacteroidales;Bacteroidaceae;Bacteroidaceae;Bacteroidaceae;Otu0661;;;;;;;;;;;;;;;;;;
Otu0662;Bacteria;Bacillota_A;Clostridia;Lachnospirales;Lachnospiraceae;Blautia_A;Blautia_A ammoniilytica;Otu0662;;;;;;;;;;;;;;;;;;
Otu0663;Bacteria;Bacteroidota;Bacteroidia;Bacteroidales;Bacteroidaceae;Phocaeicola;Phocaeicola sp959599425;Otu0663;;;;;;;;;;;;;;;;;;
Otu0665;Bacteria;Bacteroidota;Bacteroidia;Bacteroidales;Bacteroidaceae;Bacteroides;Bacteroides;Otu0665;;;;;;;;;;;;;;;;;;
Otu0666;Bacteria;Bacillota_A;Clostridia;Lachnospirales;Lachnospiraceae;Blautia_A;Blautia_A;Otu0666;;;;;;;;;;;;;;;;;;
Otu0667;Bacteria;Bacillota_I;Bacilli_A;Erysipelotrichales;Erysipelotrichaceae;Holdemania;Holdemania filiformis;Otu0667;;;;;;;;;;;;;;;;;;
Otu0668;Bacteria;Bacillota_A;Clostridia;Oscillospirales;Oscillospiraceae;Faecousia;Faecousia sp000434635;Otu0668;;;;;;;;;;;;;;;;;;
Otu0669;Bacteria;Cyanobacteriota;Vampirovibrionia;Gastranaerophilales;Gastranaerophilaceae;Gastranaerophilaceae;Gastranaerophilaceae;Otu0669;;;;;;;;;;;;;;;;;;
Otu0670;Bacteria;Bacillota_A;Clostridia;Lachnospirales;Lachnospiraceae;Lachnospiraceae;Lachnospiraceae;Otu0670;;;;;;;;;;;;;;;;;;
Otu0671;Bacteria;Pseudomonadota;Gammaproteobacteria;Enterobacterales;Enterobacteriaceae;Yersinia;Yersinia ruckeri;Otu0671;;;;;;;;;;;;;;;;;;
Otu0672;Bacteria;Bacillota_A;Clostridia;Lachnospirales;Lachnospiraceae;Lachnospiraceae;Lachnospiraceae;Otu0672;;;;;;;;;;;;;;;;;;
Otu0673;Bacteria;Bacillota_A;Clostridia;Lachnospirales;Lachnospiraceae;Lachnospiraceae;Lachnospiraceae;Otu0673;;;;;;;;;;;;;;;;;;
Otu0674;Bacteria;Bacillota_A;Clostridia;Christensenellales;Christensenellaceae;Guopingia;Guopingia tenuis;Otu0674;;;;;;;;;;;;;;;;;;
Otu0675;Bacteria;Bacillota_A;Clostridia;Lachnospirales;Lachnospiraceae;Coprococcus;Coprococcus eutactus;Otu0675;;;;;;;;;;;;;;;;;;
Otu0676;Bacteria;Bacteroidota;Bacteroidia;Bacteroidales;Rikenellaceae;Tidjanibacter;Tidjanibacter inops;Otu0676;;;;;;;;;;;;;;;;;;
Otu0678;Bacteria;Bacillota_A;Clostridia;Oscillospirales;Oscillospiraceae;Intestinimonas;Intestinimonas butyriciproducens;Otu0678;;;;;;;;;;;;;;;;;;
Otu0679;Bacteria;Bacillota_A;Clostridia;Lachnospirales;Lachnospiraceae;Otoolea;Otoolea fessa;Otu0679;;;;;;;;;;;;;;;;;;
Otu0680;Bacteria;Bacillota_A;Clostridia;Oscillospirales;Oscillospiraceae;Oscillospiraceae;Oscillospiraceae;Otu0680;;;;;;;;;;;;;;;;;;
Otu0681;Bacteria;Bacillota_A;Clostridia;Oscillospirales;Acutalibacteraceae;Anaeromassilibacillus;Anaeromassilibacillus stercoravium;Otu0681;;;;;;;;;;;;;;;;;;
Otu0683;Bacteria;Bacillota_A;Clostridia;TANB77;CAG-508;CAG-508;CAG-508;Otu0683;;;;;;;;;;;;;;;;;;
Otu0684;Bacteria;Bacillota_A;Clostridia;Lachnospirales;Lachnospiraceae;Lachnospiraceae;Lachnospiraceae;Otu0684;;;;;;;;;;;;;;;;;;
Otu0685;Bacteria;Actinomycetota;Coriobacteriia;Coriobacteriales;Eggerthellaceae;Anaerotardibacter;Anaerotardibacter sp900540345;Otu0685;;;;;;;;;;;;;;;;;;
Otu0686;Bacteria;Bacillota_A;Clostridia;Lachnospirales;Lachnospiraceae;Frisingicoccus;Frisingicoccus caecimuris;Otu0686;;;;;;;;;;;;;;;;;;
Otu0687;Bacteria;Bacillota_A;Clostridia;Lachnospirales;Lachnospiraceae;Lachnospiraceae;Lachnospiraceae;Otu0687;;;;;;;;;;;;;;;;;;
Otu0688;Bacteria;Bacillota_A;Clostridia;Lachnospirales;Lachnospiraceae;Pullilachnospira_A;Pullilachnospira_A gallistercoris;Otu0688;;;;;;;;;;;;;;;;;;
Otu0689;Bacteria;Bacillota_A;Clostridia;Lachnospirales;Lachnospiraceae;Lachnospiraceae;Lachnospiraceae;Otu0689;;;;;;;;;;;;;;;;;;
Otu0690;Bacteria;Bacillota_A;Clostridia;Oscillospirales;Ruminococcaceae;Gemmiger;Gemmiger qucibialis;Otu0690;;;;;;;;;;;;;;;;;;
Otu0691;Bacteria;Bacillota_A;Clostridia;Lachnospirales;Lachnospiraceae;Lachnospiraceae;Lachnospiraceae;Otu0691;;;;;;;;;;;;;;;;;;
Otu0692;Bacteria;Bacillota_A;Clostridia;Oscillospirales;Oscillospiraceae;Vescimonas;Vescimonas coprocola;Otu0692;;;;;;;;;;;;;;;;;;
Otu0693;Bacteria;Bacteroidota;Bacteroidia;Bacteroidales;Bacteroidaceae;Bacteroides;Bacteroides;Otu0693;;;;;;;;;;;;;;;;;;
Otu0694;Bacteria;Bacillota_A;Clostridia;Lachnospirales;Lachnospiraceae;Agathobacter;Agathobacter rectalis;Otu0694;;;;;;;;;;;;;;;;;;
Otu0695;Bacteria;Bacillota_A;Clostridia;Lachnospirales;Lachnospiraceae;Lachnospiraceae;Lachnospiraceae;Otu0695;;;;;;;;;;;;;;;;;;
Otu0698;Bacteria;Bacillota_A;Clostridia;Oscillospirales;Oscillospirales;Oscillospirales;Oscillospirales;Otu0698;;;;;;;;;;;;;;;;;;
Otu0700;Bacteria;Bacillota_A;Clostridia;Oscillospirales;Ruminococcaceae;Faecalibacterium;Faecalibacterium prausnitzii_D;Otu0700;;;;;;;;;;;;;;;;;;
Otu0702;Bacteria;Bacillota_A;Clostridia;Lachnospirales;Lachnospiraceae;Mediterraneibacter;Mediterraneibacter torques;Otu0702;;;;;;;;;;;;;;;;;;
Otu0704;Bacteria;Bacteroidota;Bacteroidia;Bacteroidales;Bacteroidaceae;Bacteroides;Bacteroides nordii;Otu0704;;;;;;;;;;;;;;;;;;
Otu0706;Bacteria;Bacillota_A;Clostridia;Lachnospirales;Lachnospiraceae;Lachnospiraceae;Lachnospiraceae;Otu0706;;;;;;;;;;;;;;;;;;
Otu0707;Bacteria;Bacillota_C;Negativicutes;Selenomonadales;Selenomonadaceae;Megamonas;Megamonas funiformis;Otu0707;;;;;;;;;;;;;;;;;;
Otu0708;Bacteria;Bacillota_A;Clostridia;Lachnospirales;Lachnospiraceae;Dorea_A;Dorea_A contorta_A;Otu0708;;;;;;;;;;;;;;;;;;
Otu0709;Bacteria;Bacteroidota;Bacteroidia;Bacteroidales;Bacteroidaceae;Phocaeicola;Phocaeicola massiliensis;Otu0709;;;;;;;;;;;;;;;;;;
Otu0710;Bacteria;Bacillota_A;Clostridia;Lachnospirales;Lachnospiraceae;Lachnospiraceae;Lachnospiraceae;Otu0710;;;;;;;;;;;;;;;;;;
Otu0712;Bacteria;Bacteroidota;Bacteroidia;Bacteroidales;Bacteroidaceae;Prevotella;Prevotella;Otu0712;;;;;;;;;;;;;;;;;;
Otu0714;Bacteria;Bacillota_A;Clostridia;Oscillospirales;Ruminococcaceae;Gemmiger;Gemmiger qucibialis;Otu0714;;;;;;;;;;;;;;;;;;
Otu0715;Bacteria;Bacillota_A;Clostridia;Christensenellales;Christensenellaceae;QANA01;QANA01 sp910588425;Otu0715;;;;;;;;;;;;;;;;;;
Otu0716;Bacteria;Bacteroidota;Bacteroidia;Bacteroidales;Bacteroidaceae;Bacteroides;Bacteroides;Otu0716;;;;;;;;;;;;;;;;;;
Otu0719;Bacteria;Bacillota_A;Clostridia;Lachnospirales;Lachnospiraceae;Hominiventricola;Hominiventricola sp018223365;Otu0719;;;;;;;;;;;;;;;;;;
Otu0720;Bacteria;Bacillota_A;Clostridia;Lachnospirales;Lachnospiraceae;Butyrivibrio_A;Butyrivibrio_A crossotus;Otu0720;;;;;;;;;;;;;;;;;;
Otu0721;Bacteria;Bacillota_A;Clostridia;Lachnospirales;Lachnospiraceae;Lachnospiraceae;Lachnospiraceae;Otu0721;;;;;;;;;;;;;;;;;;
Otu0722;Bacteria;Bacillota_A;Clostridia;Lachnospirales;Lachnospiraceae;Acetatifactor;Acetatifactor acetigignens;Otu0722;;;;;;;;;;;;;;;;;;
Otu0724;Bacteria;Bacillota_A;Clostridia;Lachnospirales;Lachnospiraceae;Roseburia_D;Roseburia_D yibonii;Otu0724;;;;;;;;;;;;;;;;;;
Otu0726;Bacteria;Bacillota_A;Clostridia;Lachnospirales;Lachnospiraceae;Lachnospiraceae;Lachnospiraceae;Otu0726;;;;;;;;;;;;;;;;;;
Otu0727;Bacteria;Bacillota_A;Clostridia;SK-Y3;SK-Y3;SK-Y3;SK-Y3;Otu0727;;;;;;;;;;;;;;;;;;
Otu0728;Bacteria;Bacillota_A;Clostridia;Lachnospirales;Lachnospiraceae;Eubacterium_F;Eubacterium_F sp003491505;Otu0728;;;;;;;;;;;;;;;;;;
Otu0729;Bacteria;Bacteroidota;Bacteroidia;Bacteroidales;Bacteroidaceae;Bacteroides;Bacteroides eggerthii;Otu0729;;;;;;;;;;;;;;;;;;
Otu0730;Bacteria;Bacteroidota;Bacteroidia;Bacteroidales;Bacteroidaceae;Phocaeicola;Phocaeicola massiliensis;Otu0730;;;;;;;;;;;;;;;;;;
Otu0731;Bacteria;Bacillota_I;Bacilli_A;ML615J-28;CAG-313;CAG-313;CAG-313 sp003539625;Otu0731;;;;;;;;;;;;;;;;;;
Otu0732;Bacteria;Bacillota_A;Clostridia;Lachnospirales;Lachnospiraceae;Coprococcus_A;Coprococcus_A catus;Otu0732;;;;;;;;;;;;;;;;;;
Otu0733;Bacteria;Bacillota_A;Clostridia;Lachnospirales;Lachnospiraceae;Anaerobutyricum;Anaerobutyricum hallii;Otu0733;;;;;;;;;;;;;;;;;;
Otu0741;Bacteria;Bacillota_A;Clostridia;Lachnospirales;Lachnospiraceae;Dorea_A;Dorea_A;Otu0741;;;;;;;;;;;;;;;;;;
Otu0742;Bacteria;Bacteroidota;Bacteroidia;Bacteroidales;Bacteroidaceae;Prevotella;Prevotella;Otu0742;;;;;;;;;;;;;;;;;;
Otu0743;Bacteria;Bacillota_A;Clostridia;Lachnospirales;Lachnospiraceae;Agathobacter;Agathobacter;Otu0743;;;;;;;;;;;;;;;;;;
Otu0744;Bacteria;Bacillota_A;Clostridia;Lachnospirales;Lachnospiraceae;Agathobacter;Agathobacter;Otu0744;;;;;;;;;;;;;;;;;;
Otu0746;Bacteria;Bacillota_A;Clostridia;Lachnospirales;Lachnospiraceae;Eubacterium_G;Eubacterium_G sp000434315;Otu0746;;;;;;;;;;;;;;;;;;
Otu0747;Bacteria;Bacillota_A;Clostridia;Oscillospirales;Acutalibacteraceae;Fimenecus;Fimenecus sp000432435;Otu0747;;;;;;;;;;;;;;;;;;
Otu0749;Bacteria;Bacteroidota;Bacteroidia;Bacteroidales;Bacteroidaceae;Phocaeicola;Phocaeicola massiliensis;Otu0749;;;;;;;;;;;;;;;;;;
Otu0751;Bacteria;Bacillota_A;Clostridia;Lachnospirales;Lachnospiraceae;Blautia_A;Blautia_A faecis;Otu0751;;;;;;;;;;;;;;;;;;
Otu0752;Bacteria;Bacillota_A;Clostridia;Oscillospirales;Oscillospiraceae;Intestinimonas;Intestinimonas massiliensis;Otu0752;;;;;;;;;;;;;;;;;;
Otu0753;Bacteria;Cyanobacteriota;Vampirovibrionia;Gastranaerophilales;Gastranaerophilaceae;Scatenecus;Scatenecus sp944325605;Otu0753;;;;;;;;;;;;;;;;;;
Otu0755;Bacteria;Bacillota_A;Clostridia;Lachnospirales;Lachnospiraceae;Diplocloster;Diplocloster agilis;Otu0755;;;;;;;;;;;;;;;;;;
Otu0756;Bacteria;Bacillota_I;Bacilli_A;Erysipelotrichales;Erysipelotrichaceae;Amedibacillus;Amedibacillus dolichus;Otu0756;;;;;;;;;;;;;;;;;;
Otu0757;Bacteria;Actinomycetota;Actinomycetes;Actinomycetales;Bifidobacteriaceae;Bifidobacterium;Bifidobacterium adolescentis;Otu0757;;;;;;;;;;;;;;;;;;
Otu0758;Bacteria;Bacillota_A;Clostridia;Lachnospirales;Lachnospiraceae;Blautia_A;Blautia_A obeum;Otu0758;;;;;;;;;;;;;;;;;;
Otu0759;Bacteria;Bacillota_A;Clostridia;Oscillospirales;CAG-272;CAG-448;CAG-448 sp003150135;Otu0759;;;;;;;;;;;;;;;;;;
Otu0761;Bacteria;Bacillota_A;Clostridia;Lachnospirales;Lachnospiraceae;Lachnospiraceae;Lachnospiraceae;Otu0761;;;;;;;;;;;;;;;;;;
Otu0762;Bacteria;Bacillota_A;Clostridia;Lachnospirales;Lachnospiraceae;Eubacterium_I;Eubacterium_I;Otu0762;;;;;;;;;;;;;;;;;;
Otu0763;Bacteria;Bacillota_A;Clostridia;Oscillospirales;Ruminococcaceae;Faecalibacterium;Faecalibacterium;Otu0763;;;;;;;;;;;;;;;;;;
Otu0764;Bacteria;Bacillota_A;Clostridia;Lachnospirales;Lachnospiraceae;Blautia_A;Blautia_A intestinalis;Otu0764;;;;;;;;;;;;;;;;;;
Otu0766;Bacteria;Bacillota_A;Clostridia;Lachnospirales;Lachnospiraceae;Lachnospiraceae;Lachnospiraceae;Otu0766;;;;;;;;;;;;;;;;;;
Otu0767;Bacteria;Bacillota_A;Clostridia;Lachnospirales;Lachnospiraceae;Bariatricus;Bariatricus;Otu0767;;;;;;;;;;;;;;;;;;
Otu0770;Bacteria;Bacillota_A;Clostridia;Lachnospirales;Lachnospiraceae;Eubacterium_G;Eubacterium_G segne;Otu0770;;;;;;;;;;;;;;;;;;
Otu0771;Bacteria;Bacillota_A;Clostridia;Clostridia;Clostridia;Clostridia;Clostridia;Otu0771;;;;;;;;;;;;;;;;;;
Otu0772;Bacteria;Bacillota_A;Clostridia;Christensenellales;CAG-138;PeH17;PeH17 sp000435055;Otu0772;;;;;;;;;;;;;;;;;;
Otu0774;Bacteria;Bacillota;Bacilli;Lactobacillales;Streptococcaceae;Lactococcus;Lactococcus formosensis;Otu0774;;;;;;;;;;;;;;;;;;
Otu0775;Bacteria;Bacillota_A;Clostridia;Lachnospirales;Lachnospiraceae;Agathobacter;Agathobacter rectalis;Otu0775;;;;;;;;;;;;;;;;;;
Otu0776;Bacteria;Bacillota_A;Clostridia;Oscillospirales;Acutalibacteraceae;Acutalibacteraceae;Acutalibacteraceae;Otu0776;;;;;;;;;;;;;;;;;;
Otu0777;Bacteria;Bacillota_A;Clostridia;Oscillospirales;Oscillospiraceae;Hominicoprocola;Hominicoprocola sp900317525;Otu0777;;;;;;;;;;;;;;;;;;
Otu0779;Bacteria;Bacillota_A;Clostridia;Lachnospirales;Lachnospiraceae;Lachnospiraceae;Lachnospiraceae;Otu0779;;;;;;;;;;;;;;;;;;
Otu0780;Bacteria;Bacillota_A;Clostridia;Lachnospirales;Lachnospiraceae;Acetatifactor;Acetatifactor intestinalis;Otu0780;;;;;;;;;;;;;;;;;;
Otu0781;Bacteria;Bacillota_A;Clostridia;Lachnospirales;Lachnospiraceae;Roseburia;Roseburia;Otu0781;;;;;;;;;;;;;;;;;;
Otu0782;Bacteria;Bacillota_A;Clostridia;Clostridia;Clostridia;Clostridia;Clostridia;Otu0782;;;;;;;;;;;;;;;;;;
Otu0783;Bacteria;Bacteroidota;Bacteroidia;Bacteroidales;Bacteroidaceae;Phocaeicola;Phocaeicola;Otu0783;;;;;;;;;;;;;;;;;;
Otu0784;Bacteria;Bacteroidota;Bacteroidia;Bacteroidales;Rikenellaceae;Alistipes;Alistipes dispar;Otu0784;;;;;;;;;;;;;;;;;;
Otu0785;Bacteria;Bacillota_A;Clostridia;Lachnospirales;Lachnospiraceae;Lachnospiraceae;Lachnospiraceae;Otu0785;;;;;;;;;;;;;;;;;;
Otu0786;Bacteria;Bacillota_A;Clostridia;Lachnospirales;Lachnospiraceae;Butyribacter;Butyribacter intestini;Otu0786;;;;;;;;;;;;;;;;;;
Otu0787;Bacteria;Bacteroidota;Bacteroidia;Bacteroidales;Bacteroidaceae;Phocaeicola;Phocaeicola massiliensis;Otu0787;;;;;;;;;;;;;;;;;;
Otu0788;Bacteria;Bacillota_A;Clostridia;Oscillospirales;Ruminococcaceae;Gemmiger;Gemmiger qucibialis;Otu0788;;;;;;;;;;;;;;;;;;
Otu0789;Bacteria;Verrucomicrobiota;Lentisphaeria;Victivallales;UBA1829;UBA1829;UBA1829 sp900548385;Otu0789;;;;;;;;;;;;;;;;;;
Otu0792;Bacteria;Bacillota_A;Clostridia;Lachnospirales;Lachnospiraceae;Acetatifactor;Acetatifactor intestinalis;Otu0792;;;;;;;;;;;;;;;;;;
Otu0793;Bacteria;Bacillota_A;Clostridia;Lachnospirales;Lachnospiraceae;Roseburia;Roseburia;Otu0793;;;;;;;;;;;;;;;;;;
Otu0794;Bacteria;Bacillota_A;Clostridia;Christensenellales;Aristaeellaceae;UBA11524;UBA11524 sp000437595;Otu0794;;;;;;;;;;;;;;;;;;
Otu0795;Bacteria;Bacillota_A;Clostridia;Lachnospirales;Lachnospiraceae;Laedolimicola;Laedolimicola ammoniilytica;Otu0795;;;;;;;;;;;;;;;;;;
Otu0798;Bacteria;Bacillota_A;Clostridia;Lachnospirales;Lachnospiraceae;Lachnospiraceae;Lachnospiraceae;Otu0798;;;;;;;;;;;;;;;;;;
Otu0800;Bacteria;Bacillota_I;Bacilli_A;Erysipelotrichales;Coprobacillaceae;Thomasclavelia;Thomasclavelia sp000508865;Otu0800;;;;;;;;;;;;;;;;;;
Otu0801;Bacteria;Bacillota_A;Clostridia;Lachnospirales;Lachnospiraceae;Lachnospiraceae;Lachnospiraceae;Otu0801;;;;;;;;;;;;;;;;;;
Otu0802;Bacteria;Bacillota_A;Clostridia;Lachnospirales;Lachnospiraceae;Ruminococcus_B;Ruminococcus_B gnavus;Otu0802;;;;;;;;;;;;;;;;;;
Otu0804;Bacteria;Bacillota_A;Clostridia;UBA1381;UBA1381;Hominilimicola;Hominilimicola fabiformis;Otu0804;;;;;;;;;;;;;;;;;;
Otu0805;Bacteria;Bacillota_A;Clostridia;Lachnospirales;Lachnospiraceae;Agathobacter;Agathobacter;Otu0805;;;;;;;;;;;;;;;;;;
Otu0806;Bacteria;Bacillota_A;Clostridia;Lachnospirales;Lachnospiraceae;Dorea_A;Dorea_A;Otu0806;;;;;;;;;;;;;;;;;;
Otu0807;Bacteria;Bacillota_A;Clostridia;Oscillospirales;Ruminococcaceae;Merdimmobilis;Merdimmobilis hominis;Otu0807;;;;;;;;;;;;;;;;;;
Otu0808;Bacteria;Bacillota_A;Clostridia;Oscillospirales;Ruminococcaceae;Ruminococcaceae;Ruminococcaceae;Otu0808;;;;;;;;;;;;;;;;;;
Otu0809;Bacteria;Bacillota_I;Bacilli_A;Erysipelotrichales;Coprobacillaceae;Thomasclavelia;Thomasclavelia spiroformis;Otu0809;;;;;;;;;;;;;;;;;;
Otu0810;Bacteria;Bacteroidota;Bacteroidia;Bacteroidales;Bacteroidaceae;Phocaeicola;Phocaeicola;Otu0810;;;;;;;;;;;;;;;;;;
Otu0811;Bacteria;Bacteroidota;Bacteroidia;Bacteroidales;Bacteroidaceae;Prevotella;Prevotella sp900551275;Otu0811;;;;;;;;;;;;;;;;;;
Otu0812;Bacteria;Bacillota_A;Clostridia;Lachnospirales;Lachnospiraceae;Dorea;Dorea formicigenerans;Otu0812;;;;;;;;;;;;;;;;;;
Otu0813;Bacteria;Bacillota_A;Clostridia;Lachnospirales;Lachnospiraceae;Bariatricus;Bariatricus comes;Otu0813;;;;;;;;;;;;;;;;;;
Otu0815;Bacteria;Bacteroidota;Bacteroidia;Bacteroidales;Tannerellaceae;Parabacteroides;Parabacteroides goldsteinii;Otu0815;;;;;;;;;;;;;;;;;;
Otu0816;Bacteria;Bacillota_A;Clostridia;Lachnospirales;Lachnospiraceae;Enterocloster;Enterocloster sp900541315;Otu0816;;;;;;;;;;;;;;;;;;
Otu0817;Bacteria;Bacillota_A;Clostridia;Lachnospirales;Lachnospiraceae;Anthropogastromicrobium;Anthropogastromicrobium aceti;Otu0817;;;;;;;;;;;;;;;;;;
Otu0818;Bacteria;Bacillota_A;Clostridia;Lachnospirales;Lachnospiraceae;Lachnospiraceae;Lachnospiraceae;Otu0818;;;;;;;;;;;;;;;;;;
Otu0819;Bacteria;Bacillota_A;Clostridia;Lachnospirales;Lachnospiraceae;Lachnospiraceae;Lachnospiraceae;Otu0819;;;;;;;;;;;;;;;;;;
Otu0820;Bacteria;Bacillota_A;Clostridia;Lachnospirales;Lachnospiraceae;Otoolea;Otoolea fessa;Otu0820;;;;;;;;;;;;;;;;;;
Otu0822;Bacteria;Bacillota_A;Clostridia;Lachnospirales;Lachnospiraceae;Dorea_A;Dorea_A;Otu0822;;;;;;;;;;;;;;;;;;
Otu0823;Bacteria;Bacteroidota;Bacteroidia;Bacteroidales;Bacteroidaceae;Bacteroides;Bacteroides;Otu0823;;;;;;;;;;;;;;;;;;
Otu0825;Bacteria;Bacillota_A;Clostridia;Oscillospirales;Oscillospiraceae;Hominicoprocola;Hominicoprocola fusiformis;Otu0825;;;;;;;;;;;;;;;;;;
Otu0828;Bacteria;Bacillota_A;Clostridia;Lachnospirales;Lachnospiraceae;Hominisplanchenecus;Hominisplanchenecus faecis;Otu0828;;;;;;;;;;;;;;;;;;
Otu0829;Bacteria;Bacillota_A;Clostridia;Lachnospirales;Lachnospiraceae;Hominisplanchenecus;Hominisplanchenecus faecis;Otu0829;;;;;;;;;;;;;;;;;;
Otu0830;Bacteria;Bacteroidota;Bacteroidia;Bacteroidales;Rikenellaceae;Alistipes;Alistipes;Otu0830;;;;;;;;;;;;;;;;;;
Otu0831;Bacteria;Bacteroidota;Bacteroidia;Bacteroidales;Rikenellaceae;Alistipes_A;Alistipes_A ihumii;Otu0831;;;;;;;;;;;;;;;;;;
Otu0832;Bacteria;Bacteroidota;Bacteroidia;Bacteroidales;Bacteroidaceae;Bacteroides;Bacteroides caecimuris;Otu0832;;;;;;;;;;;;;;;;;;
Otu0833;Bacteria;Bacillota_A;Clostridia;Lachnospirales;Lachnospiraceae;Lachnospiraceae;Lachnospiraceae;Otu0833;;;;;;;;;;;;;;;;;;
Otu0834;Bacteria;Bacillota_A;Clostridia;Christensenellales;Aristaeellaceae;UBA11524;UBA11524 sp000437595;Otu0834;;;;;;;;;;;;;;;;;;
Otu0835;Bacteria;Bacteroidota;Bacteroidia;Bacteroidales;Bacteroidaceae;Bacteroides;Bacteroides;Otu0835;;;;;;;;;;;;;;;;;;
Otu0838;Bacteria;Bacillota_A;Clostridia;Lachnospirales;Lachnospiraceae;Lachnospiraceae;Lachnospiraceae;Otu0838;;;;;;;;;;;;;;;;;;
Otu0841;Bacteria;Bacillota_A;Clostridia;Christensenellales;CAG-138;SFEL01;SFEL01 sp004557245;Otu0841;;;;;;;;;;;;;;;;;;
Otu0842;Bacteria;Bacillota_A;Clostridia;Lachnospirales;Lachnospiraceae;Agathobacter;Agathobacter rectalis;Otu0842;;;;;;;;;;;;;;;;;;
Otu0843;Bacteria;Bacteroidota;Bacteroidia;Bacteroidales;Bacteroidaceae;Phocaeicola;Phocaeicola vulgatus;Otu0843;;;;;;;;;;;;;;;;;;
Otu0844;Bacteria;Bacillota_A;Clostridia;Lachnospirales;Lachnospiraceae;Blautia_A;Blautia_A;Otu0844;;;;;;;;;;;;;;;;;;
Otu0845;Bacteria;Bacillota_A;Clostridia;Oscillospirales;Oscillospiraceae;Faecousia;Faecousia sp000434635;Otu0845;;;;;;;;;;;;;;;;;;
Otu0847;Bacteria;Bacillota_A;Clostridia;Lachnospirales;Lachnospiraceae;Mediterraneibacter;Mediterraneibacter faecipullorum;Otu0847;;;;;;;;;;;;;;;;;;
Otu0849;Bacteria;Bacteroidota;Bacteroidia;Bacteroidales;Bacteroidaceae;Bacteroides;Bacteroides stercoris;Otu0849;;;;;;;;;;;;;;;;;;
Otu0850;Bacteria;Bacteroidota;Bacteroidia;Bacteroidales;Bacteroidaceae;Paraprevotella;Paraprevotella clara;Otu0850;;;;;;;;;;;;;;;;;;
Otu0853;Bacteria;Bacteroidota;Bacteroidia;Bacteroidales;Bacteroidaceae;Prevotella;Prevotella sp000434975;Otu0853;;;;;;;;;;;;;;;;;;
Otu0854;Bacteria;Bacillota_A;Clostridia;Christensenellales;CAG-138;SFEL01;SFEL01 sp004557245;Otu0854;;;;;;;;;;;;;;;;;;
Otu0855;Bacteria;Bacteroidota;Bacteroidia;Bacteroidales;Bacteroidaceae;Bacteroides;Bacteroides;Otu0855;;;;;;;;;;;;;;;;;;
Otu0857;Bacteria;Bacillota_A;Clostridia;Oscillospirales;Ruminococcaceae;Faecalibacterium;Faecalibacterium;Otu0857;;;;;;;;;;;;;;;;;;
Otu0858;Bacteria;Bacillota_A;Clostridia;Lachnospirales;Lachnospiraceae;Anaerobutyricum;Anaerobutyricum hallii;Otu0858;;;;;;;;;;;;;;;;;;
Otu0859;Bacteria;Actinomycetota;Coriobacteriia;Coriobacteriales;Eggerthellaceae;Anaerotardibacter;Anaerotardibacter sp900540345;Otu0859;;;;;;;;;;;;;;;;;;
Otu0861;Bacteria;Bacteroidota;Bacteroidia;Bacteroidales;Bacteroidaceae;Phocaeicola;Phocaeicola;Otu0861;;;;;;;;;;;;;;;;;;
Otu0862;Bacteria;Bacillota_A;Clostridia;Lachnospirales;Lachnospiraceae;Lachnospira;Lachnospira eligens_A;Otu0862;;;;;;;;;;;;;;;;;;
Otu0863;Bacteria;Bacteroidota;Bacteroidia;Bacteroidales;Bacteroidaceae;Bacteroides;Bacteroides cutis;Otu0863;;;;;;;;;;;;;;;;;;
Otu0864;Bacteria;Bacillota_A;Clostridia;Lachnospirales;Lachnospiraceae;Lachnospiraceae;Lachnospiraceae;Otu0864;;;;;;;;;;;;;;;;;;
Otu0867;Bacteria;Bacillota_A;Clostridia;Christensenellales;Aristaeellaceae;UBA11524;UBA11524 sp000437595;Otu0867;;;;;;;;;;;;;;;;;;
Otu0869;Bacteria;Bacillota_A;Clostridia;Lachnospirales;Lachnospiraceae;Blautia_A;Blautia_A;Otu0869;;;;;;;;;;;;;;;;;;
Otu0870;Bacteria;Bacillota_A;Clostridia;Lachnospirales;Lachnospiraceae;Lachnospiraceae;Lachnospiraceae;Otu0870;;;;;;;;;;;;;;;;;;
Otu0871;Bacteria;Bacillota_A;Clostridia;Oscillospirales;Ruminococcaceae;Fumia;Fumia xinanensis;Otu0871;;;;;;;;;;;;;;;;;;
Otu0873;Bacteria;Bacteroidota;Bacteroidia;Bacteroidales;Bacteroidaceae;Phocaeicola;Phocaeicola vulgatus;Otu0873;;;;;;;;;;;;;;;;;;
Otu0874;Bacteria;Bacillota_A;Clostridia;Lachnospirales;Lachnospiraceae;Roseburia;Roseburia inulinivorans;Otu0874;;;;;;;;;;;;;;;;;;
Otu0875;Bacteria;Bacillota_A;Clostridia;Clostridia;Clostridia;Clostridia;Clostridia;Otu0875;;;;;;;;;;;;;;;;;;
Otu0876;Bacteria;Bacillota_A;Clostridia;Lachnospirales;Lachnospiraceae;Agathobacter;Agathobacter;Otu0876;;;;;;;;;;;;;;;;;;
Otu0877;Bacteria;Bacteroidota;Bacteroidia;Bacteroidales;Bacteroidaceae;Bacteroides;Bacteroides;Otu0877;;;;;;;;;;;;;;;;;;
Otu0878;Bacteria;Bacillota_A;Clostridia;Lachnospirales;Lachnospiraceae;Dorea;Dorea formicigenerans;Otu0878;;;;;;;;;;;;;;;;;;
Otu0879;Bacteria;Bacillota_A;Clostridia;Lachnospirales;Bianqueaceae;Bianquea;Bianquea renquensis;Otu0879;;;;;;;;;;;;;;;;;;
Otu0881;Bacteria;Actinomycetota;Actinomycetes;Actinomycetales;Bifidobacteriaceae;Bifidobacterium;Bifidobacterium;Otu0881;;;;;;;;;;;;;;;;;;
Otu0882;Bacteria;Bacillota_A;Clostridia;Oscillospirales;CAG-272;CAG-272;CAG-272;Otu0882;;;;;;;;;;;;;;;;;;
Otu0883;Bacteria;Bacillota_A;Clostridia;Lachnospirales;Lachnospiraceae;Lachnospiraceae;Lachnospiraceae;Otu0883;;;;;;;;;;;;;;;;;;
Otu0886;Bacteria;Bacteroidota;Bacteroidia;Bacteroidales;Bacteroidaceae;Bacteroides;Bacteroides eggerthii;Otu0886;;;;;;;;;;;;;;;;;;
Otu0887;Bacteria;Actinomycetota;Coriobacteriia;Coriobacteriales;Atopobiaceae;Tractidigestivibacter;Tractidigestivibacter sp000752675;Otu0887;;;;;;;;;;;;;;;;;;
Otu0888;Bacteria;Bacteroidota;Bacteroidia;Bacteroidales;Bacteroidaceae;Bacteroides;Bacteroides;Otu0888;;;;;;;;;;;;;;;;;;
Otu0889;Bacteria;Bacteroidota;Bacteroidia;Bacteroidales;Bacteroidaceae;Phocaeicola;Phocaeicola;Otu0889;;;;;;;;;;;;;;;;;;
Otu0890;Bacteria;Bacillota_A;Clostridia;Lachnospirales;Lachnospiraceae;CAG-194;CAG-194 sp018917935;Otu0890;;;;;;;;;;;;;;;;;;
Otu0891;Bacteria;Bacillota_A;Clostridia;Lachnospirales;Lachnospiraceae;Alitiscatomonas;Alitiscatomonas sp900066055;Otu0891;;;;;;;;;;;;;;;;;;
Otu0892;Bacteria;Bacillota_A;Clostridia;Lachnospirales;Lachnospiraceae;Agathobacter;Agathobacter;Otu0892;;;;;;;;;;;;;;;;;;
Otu0893;Bacteria;Bacillota_A;Clostridia;Lachnospirales;Lachnospiraceae;Lachnospiraceae;Lachnospiraceae;Otu0893;;;;;;;;;;;;;;;;;;
Otu0895;Bacteria;Bacteroidota;Bacteroidia;Bacteroidales;Muribaculaceae;Limisoma;Limisoma sp000437795;Otu0895;;;;;;;;;;;;;;;;;;
Otu0896;Bacteria;Bacillota_I;Bacilli_A;RF39;UBA660;CAG-628;CAG-628 sp003524085;Otu0896;;;;;;;;;;;;;;;;;;
Otu0898;Bacteria;Bacillota_A;Clostridia;Oscillospirales;Oscillospirales;Oscillospirales;Oscillospirales;Otu0898;;;;;;;;;;;;;;;;;;
Otu0899;Bacteria;Bacillota_A;Clostridia;Oscillospirales;Oscillospiraceae;Oscillospiraceae;Oscillospiraceae;Otu0899;;;;;;;;;;;;;;;;;;
Otu0900;Bacteria;Bacteroidota;Bacteroidia;Bacteroidales;Bacteroidaceae;Prevotella;Prevotella ruminicola;Otu0900;;;;;;;;;;;;;;;;;;
Otu0901;Bacteria;Desulfobacterota;Desulfovibrionia;Desulfovibrionales;Desulfovibrionaceae;Desulfovibrionaceae;Desulfovibrionaceae;Otu0901;;;;;;;;;;;;;;;;;;
Otu0902;Bacteria;Bacillota_A;Clostridia;Lachnospirales;Lachnospiraceae;Lachnospiraceae;Lachnospiraceae;Otu0902;;;;;;;;;;;;;;;;;;
Otu0903;Bacteria;Bacillota_A;Clostridia;Oscillospirales;Oscillospiraceae;Limivicinus;Limivicinus sp002320035;Otu0903;;;;;;;;;;;;;;;;;;
Otu0907;Bacteria;Bacteroidota;Bacteroidia;Bacteroidales;Bacteroidaceae;Prevotella;Prevotella sp000434975;Otu0907;;;;;;;;;;;;;;;;;;
Otu0912;Bacteria;Bacillota_A;Clostridia;Lachnospirales;Lachnospiraceae;Agathobacter;Agathobacter;Otu0912;;;;;;;;;;;;;;;;;;
Otu0914;Bacteria;Bacillota_A;Clostridia;Lachnospirales;Lachnospiraceae;Gallintestinimicrobium;Gallintestinimicrobium propionicum;Otu0914;;;;;;;;;;;;;;;;;;
Otu0917;Bacteria;Bacillota_A;Clostridia;Lachnospirales;Lachnospiraceae;Enterocloster;Enterocloster asparagiformis;Otu0917;;;;;;;;;;;;;;;;;;
Otu0918;Bacteria;Bacillota_A;Clostridia;Christensenellales;Pumilibacteraceae;Neoclostridium;Neoclostridium;Otu0918;;;;;;;;;;;;;;;;;;
Otu0920;Bacteria;Bacteroidota;Bacteroidia;Bacteroidales;Bacteroidaceae;Phocaeicola;Phocaeicola sp959599425;Otu0920;;;;;;;;;;;;;;;;;;
Otu0921;Bacteria;Bacillota_A;Clostridia;Lachnospirales;Lachnospiraceae;Mediterraneibacter;Mediterraneibacter;Otu0921;;;;;;;;;;;;;;;;;;
Otu0922;Bacteria;Bacillota_A;Clostridia;Lachnospirales;Lachnospiraceae;Oliverpabstia;Oliverpabstia intestinalis;Otu0922;;;;;;;;;;;;;;;;;;
Otu0924;Bacteria;Bacillota_A;Clostridia;Lachnospirales;Lachnospiraceae;Blautia_A;Blautia_A sp900548245;Otu0924;;;;;;;;;;;;;;;;;;
Otu0927;Bacteria;Bacteroidota;Bacteroidia;Bacteroidales;Bacteroidaceae;Bacteroides;Bacteroides;Otu0927;;;;;;;;;;;;;;;;;;
Otu0928;Bacteria;Bacillota_A;Clostridia;Lachnospirales;Lachnospiraceae;Roseburia;Roseburia rectibacter;Otu0928;;;;;;;;;;;;;;;;;;
Otu0930;Bacteria;Bacillota_A;Clostridia;Lachnospirales;Lachnospiraceae;Lachnospiraceae;Lachnospiraceae;Otu0930;;;;;;;;;;;;;;;;;;
Otu0931;Bacteria;Bacillota_I;Bacilli_A;RF39;UBA660;UMGS1498;UMGS1498 sp934153945;Otu0931;;;;;;;;;;;;;;;;;;
Otu0933;Bacteria;Bacillota_A;Clostridia;Oscillospirales;Oscillospiraceae;Dysosmobacter;Dysosmobacter;Otu0933;;;;;;;;;;;;;;;;;;
Otu0934;Bacteria;Bacillota_A;Clostridia;Lachnospirales;Lachnospiraceae;Lachnospiraceae;Lachnospiraceae;Otu0934;;;;;;;;;;;;;;;;;;
Otu0935;Bacteria;Actinomycetota;Coriobacteriia;Coriobacteriales;Atopobiaceae;Paratractidigestivibacter;Paratractidigestivibacter faecalis;Otu0935;;;;;;;;;;;;;;;;;;
Otu0937;Bacteria;Bacillota_A;Clostridia;Oscillospirales;Oscillospiraceae;Oscillospiraceae;Oscillospiraceae;Otu0937;;;;;;;;;;;;;;;;;;
Otu0938;Archaea;Thermoplasmatota;Thermoplasmata;Methanomassiliicoccales;Methanomethylophilaceae;UBA71;UBA71 sp006954465;Otu0938;;;;;;;;;;;;;;;;;;
Otu0939;Bacteria;Bacteroidota;Bacteroidia;Bacteroidales;Bacteroidaceae;Bacteroides;Bacteroides eggerthii;Otu0939;;;;;;;;;;;;;;;;;;
Otu0940;Bacteria;Bacillota_A;Clostridia;Lachnospirales;Lachnospiraceae;Dorea_A;Dorea_A amylophila;Otu0940;;;;;;;;;;;;;;;;;;
Otu0942;Bacteria;Bacteroidota;Bacteroidia;Bacteroidales;Bacteroidaceae;Phocaeicola;Phocaeicola vulgatus;Otu0942;;;;;;;;;;;;;;;;;;
Otu0943;Bacteria;Pseudomonadota;Gammaproteobacteria;Enterobacterales;Vibrionaceae;Vibrio;Vibrio;Otu0943;;;;;;;;;;;;;;;;;;
Otu0945;Bacteria;Bacillota_A;Clostridia;Lachnospirales;Lachnospiraceae;Lachnospiraceae;Lachnospiraceae;Otu0945;;;;;;;;;;;;;;;;;;
Otu0946;Bacteria;Bacillota_A;Clostridia;Oscillospirales;Ruminococcaceae;Negativibacillus;Negativibacillus massiliensis;Otu0946;;;;;;;;;;;;;;;;;;
Otu0947;Bacteria;Bacillota_A;Clostridia;Oscillospirales;Oscillospiraceae;Oscillospiraceae;Oscillospiraceae;Otu0947;;;;;;;;;;;;;;;;;;
Otu0948;Bacteria;Bacteroidota;Bacteroidia;Bacteroidales;Marinifilaceae;Gabonibacter;Gabonibacter massiliensis;Otu0948;;;;;;;;;;;;;;;;;;
Otu0950;Bacteria;Bacillota_A;Clostridia;Oscillospirales;UBA644;HGM12619;HGM12619 sp015067305;Otu0950;;;;;;;;;;;;;;;;;;
Otu0951;Bacteria;Bacillota_A;Clostridia;Lachnospirales;Lachnospiraceae;Lachnospiraceae;Lachnospiraceae;Otu0951;;;;;;;;;;;;;;;;;;
Otu0955;Bacteria;Bacillota_A;Clostridia;Oscillospirales;Ruminococcaceae;Faecalibacterium;Faecalibacterium prausnitzii_D;Otu0955;;;;;;;;;;;;;;;;;;
Otu0956;Bacteria;Bacillota_A;Clostridia;Lachnospirales;Lachnospiraceae;Lachnospira;Lachnospira sp000437735;Otu0956;;;;;;;;;;;;;;;;;;
Otu0957;Bacteria;Bacillota_A;Clostridia;Lachnospirales;Lachnospiraceae;Fusicatenibacter;Fusicatenibacter saccharivorans;Otu0957;;;;;;;;;;;;;;;;;;
Otu0958;Bacteria;Bacteroidota;Bacteroidia;Bacteroidales;Bacteroidaceae;Bacteroides;Bacteroides;Otu0958;;;;;;;;;;;;;;;;;;
Otu0959;Bacteria;Bacillota_A;Clostridia;Lachnospirales;Lachnospiraceae;Blautia_A;Blautia_A;Otu0959;;;;;;;;;;;;;;;;;;
Otu0960;Bacteria;Bacillota_A;Clostridia;Lachnospirales;Lachnospiraceae;Roseburia;Roseburia inulinivorans;Otu0960;;;;;;;;;;;;;;;;;;
Otu0962;Bacteria;Bacillota_A;Clostridia;Lachnospirales;Lachnospiraceae;Oliverpabstia;Oliverpabstia;Otu0962;;;;;;;;;;;;;;;;;;
Otu0964;Bacteria;Bacillota_A;Clostridia;Lachnospirales;Lachnospiraceae;Blautia_A;Blautia_A difficilis;Otu0964;;;;;;;;;;;;;;;;;;
Otu0965;Bacteria;Bacillota_A;Clostridia;Oscillospirales;Oscillospiraceae;Faecousia;Faecousia sp000434635;Otu0965;;;;;;;;;;;;;;;;;;
Otu0966;Bacteria;Bacteroidota;Bacteroidia;Bacteroidales;Bacteroidaceae;Bacteroides;Bacteroides fragilis;Otu0966;;;;;;;;;;;;;;;;;;
Otu0967;Bacteria;Bacillota_A;Clostridia;Oscillospirales;CAG-272;UMGS1865;UMGS1865 sp944391805;Otu0967;;;;;;;;;;;;;;;;;;
Otu0968;Bacteria;Bacillota_A;Clostridia;Lachnospirales;Lachnospiraceae;Lachnospiraceae;Lachnospiraceae;Otu0968;;;;;;;;;;;;;;;;;;
Otu0969;Bacteria;Bacteroidota;Bacteroidia;Bacteroidales;Bacteroidaceae;Prevotella;Prevotella;Otu0969;;;;;;;;;;;;;;;;;;
Otu0970;Bacteria;Bacillota_A;Clostridia;Clostridia;Clostridia;Clostridia;Clostridia;Otu0970;;;;;;;;;;;;;;;;;;
Otu0971;Bacteria;Bacillota_A;Clostridia;Oscillospirales;Oscillospirales;Oscillospirales;Oscillospirales;Otu0971;;;;;;;;;;;;;;;;;;
Otu0973;Bacteria;Bacillota_A;Clostridia;Lachnospirales;Anaerotignaceae;Fimicola;Fimicola cottocaccae;Otu0973;;;;;;;;;;;;;;;;;;
Otu0976;Bacteria;Bacillota_A;Clostridia;Lachnospirales;Lachnospiraceae;Mediterraneibacter;Mediterraneibacter;Otu0976;;;;;;;;;;;;;;;;;;
Otu0977;Bacteria;Bacillota_A;Clostridia;Lachnospirales;Lachnospiraceae;Enterocloster;Enterocloster sp000431375;Otu0977;;;;;;;;;;;;;;;;;;
Otu0978;Bacteria;Bacillota_A;Clostridia;Lachnospirales;Lachnospiraceae;Mediterraneibacter;Mediterraneibacter faecis;Otu0978;;;;;;;;;;;;;;;;;;
Otu0979;Bacteria;Bacillota_A;Clostridia;Lachnospirales;Lachnospiraceae;Lachnospiraceae;Lachnospiraceae;Otu0979;;;;;;;;;;;;;;;;;;
Otu0980;Bacteria;Actinomycetota;Coriobacteriia;Coriobacteriales;Eggerthellaceae;Gordonibacter;Gordonibacter pamelaeae;Otu0980;;;;;;;;;;;;;;;;;;
Otu0981;Bacteria;Bacillota_A;Clostridia;Peptostreptococcales;Anaerovoracaceae;Lentihominibacter;Lentihominibacter butyrica;Otu0981;;;;;;;;;;;;;;;;;;
Otu0982;Bacteria;Bacteroidota;Bacteroidia;Bacteroidales;Bacteroidaceae;Prevotella;Prevotella sp934191715;Otu0982;;;;;;;;;;;;;;;;;;
Otu0983;Bacteria;Bacillota_A;Clostridia;Lachnospirales;Lachnospiraceae;Roseburia;Roseburia inulinivorans;Otu0983;;;;;;;;;;;;;;;;;;
Otu0984;Bacteria;Bacillota_A;Clostridia;Lachnospirales;Lachnospiraceae;Agathobacter;Agathobacter;Otu0984;;;;;;;;;;;;;;;;;;
Otu0985;Bacteria;Bacillota_A;Clostridia;Lachnospirales;Lachnospiraceae;Hominiventricola;Hominiventricola filiformis;Otu0985;;;;;;;;;;;;;;;;;;
Otu0986;Bacteria;Bacillota_A;Clostridia;Oscillospirales;Ruminococcaceae;Faecalibacterium;Faecalibacterium prausnitzii_I;Otu0986;;;;;;;;;;;;;;;;;;
Otu0987;Bacteria;Bacillota_A;Clostridia;Lachnospirales;Lachnospiraceae;Enterocloster;Enterocloster sp000431375;Otu0987;;;;;;;;;;;;;;;;;;
Otu0988;Bacteria;Bacillota_A;Clostridia;Lachnospirales;Lachnospiraceae;Lachnospiraceae;Lachnospiraceae;Otu0988;;;;;;;;;;;;;;;;;;
Otu0989;Bacteria;Bacillota_A;Clostridia;Lachnospirales;Lachnospiraceae;Lachnospiraceae;Lachnospiraceae;Otu0989;;;;;;;;;;;;;;;;;;
Otu0991;Bacteria;Bacillota_A;Clostridia;Oscillospirales;Ruminococcaceae;JAFBIO01;JAFBIO01 sp021531255;Otu0991;;;;;;;;;;;;;;;;;;
Otu0993;Bacteria;Bacillota_A;Clostridia;Clostridia;Clostridia;Clostridia;Clostridia;Otu0993;;;;;;;;;;;;;;;;;;
Otu0994;Bacteria;Bacillota_A;Clostridia;Lachnospirales;Lachnospiraceae;Blautia_A;Blautia_A wexlerae;Otu0994;;;;;;;;;;;;;;;;;;
Otu0995;Bacteria;Bacteroidota;Bacteroidia;Bacteroidales;Bacteroidaceae;Phocaeicola;Phocaeicola dorei;Otu0995;;;;;;;;;;;;;;;;;;
Otu0997;Bacteria;Bacillota_A;Clostridia;Oscillospirales;Ruminococcaceae;Ruminococcaceae;Ruminococcaceae;Otu0997;;;;;;;;;;;;;;;;;;
Otu0999;Bacteria;Bacillota_A;Clostridia;Oscillospirales;Ruminococcaceae;Huintestinicola;Huintestinicola butyrica;Otu0999;;;;;;;;;;;;;;;;;;
Otu1000;Bacteria;Bacillota_A;Clostridia;Oscillospirales;Ruminococcaceae;Faecalibacterium;Faecalibacterium;Otu1000;;;;;;;;;;;;;;;;;;
Otu1002;Bacteria;Bacteroidota;Bacteroidia;Bacteroidales;Bacteroidaceae;Bacteroides;Bacteroides;Otu1002;;;;;;;;;;;;;;;;;;
Otu1003;Bacteria;Bacillota_I;Bacilli_A;RF39;UBA660;CAG-605;CAG-605;Otu1003;;;;;;;;;;;;;;;;;;
Otu1004;Bacteria;Bacillota_A;Clostridia;Lachnospirales;Lachnospiraceae;UBA9414;UBA9414 sp003458885;Otu1004;;;;;;;;;;;;;;;;;;
Otu1005;Bacteria;Bacillota_A;Clostridia;Peptostreptococcales;Anaerovoracaceae;Mogibacterium;Mogibacterium;Otu1005;;;;;;;;;;;;;;;;;;
Otu1006;Bacteria;Bacillota_A;Clostridia;Lachnospirales;Lachnospiraceae;Lachnospiraceae;Lachnospiraceae;Otu1006;;;;;;;;;;;;;;;;;;
Otu1007;Bacteria;Bacteroidota;Bacteroidia;Bacteroidales;Bacteroidaceae;Bacteroides;Bacteroides;Otu1007;;;;;;;;;;;;;;;;;;
Otu1008;Bacteria;Bacteroidota;Bacteroidia;Bacteroidales;Bacteroidaceae;Bacteroides;Bacteroides sp900552405;Otu1008;;;;;;;;;;;;;;;;;;
Otu1009;Bacteria;Bacillota_A;Clostridia;Lachnospirales;Lachnospiraceae;Blautia_A;Blautia_A wexlerae;Otu1009;;;;;;;;;;;;;;;;;;
Otu1010;Bacteria;Bacteroidota;Bacteroidia;Bacteroidales;Bacteroidaceae;Phocaeicola;Phocaeicola vulgatus;Otu1010;;;;;;;;;;;;;;;;;;
Otu1012;Bacteria;Bacillota_A;Clostridia;Oscillospirales;Ruminococcaceae;Negativibacillus;Negativibacillus massiliensis;Otu1012;;;;;;;;;;;;;;;;;;
Otu1013;Bacteria;Bacillota_A;Clostridia;Oscillospirales;Oscillospiraceae;Faecousia;Faecousia sp000434635;Otu1013;;;;;;;;;;;;;;;;;;
Otu1015;Bacteria;Bacteroidota;Bacteroidia;Bacteroidales;Bacteroidaceae;Phocaeicola;Phocaeicola massiliensis;Otu1015;;;;;;;;;;;;;;;;;;
Otu1016;Bacteria;Bacillota_A;Clostridia;Oscillospirales;Ruminococcaceae;Ruminococcus_C;Ruminococcus_C callidus;Otu1016;;;;;;;;;;;;;;;;;;
Otu1018;Bacteria;Bacillota_A;Clostridia;Lachnospirales;Lachnospiraceae;Blautia_A;Blautia_A;Otu1018;;;;;;;;;;;;;;;;;;
Otu1019;Bacteria;Bacteroidota;Bacteroidia;Bacteroidales;Bacteroidaceae;Bacteroides;Bacteroides;Otu1019;;;;;;;;;;;;;;;;;;
Otu1020;Bacteria;Bacillota_A;Clostridia;Lachnospirales;Lachnospiraceae;Agathobacter;Agathobacter;Otu1020;;;;;;;;;;;;;;;;;;
Otu1021;Bacteria;Bacillota_A;Clostridia;Lachnospirales;Lachnospiraceae;Lachnospiraceae;Lachnospiraceae;Otu1021;;;;;;;;;;;;;;;;;;
Otu1024;Bacteria;Bacillota_A;Clostridia;Oscillospirales;Oscillospiraceae;Pseudoscilispira;Pseudoscilispira;Otu1024;;;;;;;;;;;;;;;;;;
Otu1027;Bacteria;Bacteroidota;Bacteroidia;Bacteroidales;Bacteroidaceae;Bacteroides;Bacteroides;Otu1027;;;;;;;;;;;;;;;;;;
Otu1029;Bacteria;Bacteria;Bacteria;Bacteria;Bacteria;Bacteria;Bacteria;Otu1029;;;;;;;;;;;;;;;;;;
Otu1032;Bacteria;Bacteroidota;Bacteroidia;Bacteroidales;Bacteroidaceae;Bacteroides;Bacteroides caccae;Otu1032;;;;;;;;;;;;;;;;;;
Otu1035;Bacteria;Bacteroidota;Bacteroidia;Bacteroidales;Bacteroidaceae;Bacteroides;Bacteroides stercoris;Otu1035;;;;;;;;;;;;;;;;;;
Otu1037;Bacteria;Bacillota_A;Clostridia;Lachnospirales;Lachnospiraceae;Clostridium_AP;Clostridium_AP sp000509125;Otu1037;;;;;;;;;;;;;;;;;;
Otu1038;Bacteria;Bacillota_A;Clostridia;Lachnospirales;Lachnospiraceae;Bariatricus;Bariatricus;Otu1038;;;;;;;;;;;;;;;;;;
Otu1042;Bacteria;Bacillota_A;Clostridia;Oscillospirales;Acutalibacteraceae;Acutalibacteraceae;Acutalibacteraceae;Otu1042;;;;;;;;;;;;;;;;;;
Otu1044;Bacteria;Bacillota_A;Clostridia;Oscillospirales;CAG-272;CAG-448;CAG-448 sp003150135;Otu1044;;;;;;;;;;;;;;;;;;
Otu1045;Bacteria;Bacillota_A;Clostridia;Lachnospirales;Lachnospiraceae;Anaerobutyricum;Anaerobutyricum soehngenii;Otu1045;;;;;;;;;;;;;;;;;;
Otu1046;Bacteria;Bacillota_A;Clostridia;Lachnospirales;Lachnospiraceae;Eubacterium_G;Eubacterium_G segne;Otu1046;;;;;;;;;;;;;;;;;;
Otu1049;Bacteria;Bacillota_A;Clostridia;Oscillospirales;Acutalibacteraceae;Yeguia;Yeguia hominis;Otu1049;;;;;;;;;;;;;;;;;;
Otu1050;Bacteria;Bacillota_A;Clostridia;Lachnospirales;Lachnospiraceae;Lachnospiraceae;Lachnospiraceae;Otu1050;;;;;;;;;;;;;;;;;;
Otu1052;Bacteria;Bacillota_C;Negativicutes;Selenomonadales;Selenomonadaceae;Megamonas;Megamonas funiformis;Otu1052;;;;;;;;;;;;;;;;;;
Otu1055;Bacteria;Bacillota_A;Clostridia;Lachnospirales;Lachnospiraceae;Lachnospiraceae;Lachnospiraceae;Otu1055;;;;;;;;;;;;;;;;;;
Otu1056;Bacteria;Bacillota_I;Bacilli_A;Erysipelotrichales;Erysipelotrichaceae;Holdemanella;Holdemanella sp900556915;Otu1056;;;;;;;;;;;;;;;;;;
Otu1057;Bacteria;Bacillota_A;Clostridia;Lachnospirales;Lachnospiraceae;Roseburia;Roseburia;Otu1057;;;;;;;;;;;;;;;;;;
Otu1061;Bacteria;Bacteroidota;Bacteroidia;Bacteroidales;Bacteroidaceae;Bacteroides;Bacteroides eggerthii;Otu1061;;;;;;;;;;;;;;;;;;
Otu1063;Bacteria;Bacillota_A;Clostridia;Oscillospirales;Oscillospiraceae;Dysosmobacter;Dysosmobacter sp900115635;Otu1063;;;;;;;;;;;;;;;;;;
Otu1064;Bacteria;Bacillota_I;Bacilli_A;Erysipelotrichales;Coprobacillaceae;Faecalibacillus;Faecalibacillus intestinalis;Otu1064;;;;;;;;;;;;;;;;;;
Otu1066;Bacteria;Elusimicrobiota;Elusimicrobia;Elusimicrobiales;Elusimicrobiaceae;Avelusimicrobium;Avelusimicrobium sp002329395;Otu1066;;;;;;;;;;;;;;;;;;
Otu1067;Bacteria;Bacillota_A;Clostridia;Lachnospirales;Lachnospiraceae;Mediterraneibacter;Mediterraneibacter faecis;Otu1067;;;;;;;;;;;;;;;;;;
Otu1069;Bacteria;Bacillota_A;Clostridia;Lachnospirales;Lachnospiraceae;Lachnospiraceae;Lachnospiraceae;Otu1069;;;;;;;;;;;;;;;;;;
Otu1071;Bacteria;Bacillota_A;Clostridia;Lachnospirales;Lachnospiraceae;Lachnospira;Lachnospira;Otu1071;;;;;;;;;;;;;;;;;;
Otu1072;Bacteria;Bacillota_A;Clostridia;Lachnospirales;Lachnospiraceae;Lachnospiraceae;Lachnospiraceae;Otu1072;;;;;;;;;;;;;;;;;;
Otu1075;Bacteria;Bacillota_A;Clostridia;Lachnospirales;Lachnospiraceae;Lachnospira;Lachnospira;Otu1075;;;;;;;;;;;;;;;;;;
Otu1077;Bacteria;Bacillota_A;Clostridia;Lachnospirales;Lachnospiraceae;Lachnospira;Lachnospira;Otu1077;;;;;;;;;;;;;;;;;;
Otu1078;Bacteria;Bacillota_A;Clostridia;Oscillospirales;CAG-272;Firm-07;Firm-07 sp905187695;Otu1078;;;;;;;;;;;;;;;;;;
Otu1079;Bacteria;Bacillota_A;Clostridia;Lachnospirales;Lachnospiraceae;Acetatifactor;Acetatifactor intestinalis;Otu1079;;;;;;;;;;;;;;;;;;
Otu1080;Bacteria;Bacillota_A;Clostridia;Lachnospirales;Lachnospiraceae;Butyrivibrio_A;Butyrivibrio_A crossotus;Otu1080;;;;;;;;;;;;;;;;;;
Otu1081;Bacteria;Bacillota_A;Clostridia;Lachnospirales;Lachnospiraceae;Lachnospiraceae;Lachnospiraceae;Otu1081;;;;;;;;;;;;;;;;;;
Otu1082;Bacteria;Bacillota_A;Clostridia;Lachnospirales;Lachnospiraceae;Lachnospiraceae;Lachnospiraceae;Otu1082;;;;;;;;;;;;;;;;;;
Otu1083;Bacteria;Actinomycetota;Coriobacteriia;Coriobacteriales;Coriobacteriaceae;Collinsella;Collinsella intestinalis;Otu1083;;;;;;;;;;;;;;;;;;
Otu1084;Bacteria;Bacillota_A;Clostridia;Lachnospirales;Lachnospiraceae;Agathobacter;Agathobacter rectalis;Otu1084;;;;;;;;;;;;;;;;;;
Otu1085;Bacteria;Bacillota_A;Clostridia;Lachnospirales;Lachnospiraceae;Blautia_A;Blautia_A;Otu1085;;;;;;;;;;;;;;;;;;
Otu1086;Bacteria;Bacillota_A;Clostridia;Oscillospirales;Ruminococcaceae;Faecalibacterium;Faecalibacterium;Otu1086;;;;;;;;;;;;;;;;;;
Otu1087;Bacteria;Bacillota_A;Clostridia;Lachnospirales;Lachnospiraceae;Lachnospiraceae;Lachnospiraceae;Otu1087;;;;;;;;;;;;;;;;;;
Otu1088;Bacteria;Bacillota_A;Clostridia;Oscillospirales;Ruminococcaceae;Faecalibacterium;Faecalibacterium prausnitzii_E;Otu1088;;;;;;;;;;;;;;;;;;
Otu1089;Bacteria;Bacillota_A;Clostridia;Oscillospirales;Acutalibacteraceae;CAG-177;CAG-177 sp003514385;Otu1089;;;;;;;;;;;;;;;;;;
Otu1090;Bacteria;Synergistota;Synergistia;Synergistales;Synergistaceae;Synergistes;Synergistes jonesii;Otu1090;;;;;;;;;;;;;;;;;;
Otu1091;Bacteria;Bacillota_A;Clostridia;Lachnospirales;Lachnospiraceae;Lachnospira;Lachnospira;Otu1091;;;;;;;;;;;;;;;;;;
Otu1092;Bacteria;Bacillota_A;Clostridia;Lachnospirales;Lachnospiraceae;Lachnospiraceae;Lachnospiraceae;Otu1092;;;;;;;;;;;;;;;;;;
Otu1093;Bacteria;Bacillota_A;Clostridia;Lachnospirales;Lachnospiraceae;Butyrivibrio_A;Butyrivibrio_A crossotus;Otu1093;;;;;;;;;;;;;;;;;;
Otu1098;Bacteria;Bacillota_A;Clostridia;Oscillospirales;Acutalibacteraceae;Acutalibacteraceae;Acutalibacteraceae;Otu1098;;;;;;;;;;;;;;;;;;
Otu1099;Bacteria;Bacillota_A;Clostridia;Lachnospirales;Lachnospiraceae;Coprococcus_A;Coprococcus_A catus_A;Otu1099;;;;;;;;;;;;;;;;;;
Otu1100;Bacteria;Bacillota_A;Clostridia;Lachnospirales;Lachnospiraceae;Agathobacter;Agathobacter rectalis;Otu1100;;;;;;;;;;;;;;;;;;
Otu1101;Bacteria;Bacillota_A;Clostridia;Lachnospirales;Lachnospiraceae;Agathobacter;Agathobacter sp900543445;Otu1101;;;;;;;;;;;;;;;;;;
Otu1102;Bacteria;Bacillota_A;Clostridia;Lachnospirales;Lachnospiraceae;Agathobacter;Agathobacter;Otu1102;;;;;;;;;;;;;;;;;;
Otu1103;Bacteria;Bacillota_A;Clostridia;Oscillospirales;Oscillospiraceae;Oscillospiraceae;Oscillospiraceae;Otu1103;;;;;;;;;;;;;;;;;;
Otu1104;Bacteria;Bacillota_I;Bacilli_A;RF39;UBA660;Onthocola_B;Onthocola_B sp000437355;Otu1104;;;;;;;;;;;;;;;;;;
Otu1105;Bacteria;Bacillota_A;Clostridia;Christensenellales;QALW01;Neochristensenella;Neochristensenella gallicola;Otu1105;;;;;;;;;;;;;;;;;;
Otu1106;Bacteria;Bacteroidota;Bacteroidia;Bacteroidales;Bacteroidaceae;Bacteroides;Bacteroides;Otu1106;;;;;;;;;;;;;;;;;;
Otu1110;Bacteria;Bacillota_A;Clostridia;Lachnospirales;Lachnospiraceae;Blautia_A;Blautia_A sp900066335;Otu1110;;;;;;;;;;;;;;;;;;
Otu1111;Bacteria;Bacillota_A;Clostridia;Oscillospirales;Ruminococcaceae;Faecalibacterium;Faecalibacterium longum;Otu1111;;;;;;;;;;;;;;;;;;
Otu1112;Bacteria;Bacillota_A;Clostridia;Oscillospirales;Ruminococcaceae;Massilioclostridium;Massilioclostridium facile;Otu1112;;;;;;;;;;;;;;;;;;
Otu1114;Bacteria;Bacillota_A;Clostridia;TANB77;CAG-508;CAG-273;CAG-273 sp003534295;Otu1114;;;;;;;;;;;;;;;;;;
Otu1115;Bacteria;Bacillota_A;Clostridia;Oscillospirales;Oscillospiraceae;Faecousia;Faecousia sp000435995;Otu1115;;;;;;;;;;;;;;;;;;
Otu1116;Bacteria;Bacillota_A;Clostridia;Lachnospirales;Lachnospiraceae;Agathobacter;Agathobacter;Otu1116;;;;;;;;;;;;;;;;;;
Otu1117;Bacteria;Bacillota_A;Clostridia;Clostridia;Clostridia;Clostridia;Clostridia;Otu1117;;;;;;;;;;;;;;;;;;
Otu1118;Bacteria;Bacteroidota;Bacteroidia;Bacteroidales;Bacteroidaceae;Bacteroides;Bacteroides caccae;Otu1118;;;;;;;;;;;;;;;;;;
Otu1120;Bacteria;Bacteroidota;Bacteroidia;Bacteroidales;Coprobacteraceae;Coprobacter;Coprobacter fastidiosus;Otu1120;;;;;;;;;;;;;;;;;;
Otu1121;Bacteria;Bacillota_A;Clostridia;Lachnospirales;Lachnospiraceae;Agathobacter;Agathobacter rectalis;Otu1121;;;;;;;;;;;;;;;;;;
Otu1123;Bacteria;Bacillota_A;Clostridia;Oscillospirales;Butyricicoccaceae;Pseudobutyricicoccus;Pseudobutyricicoccus;Otu1123;;;;;;;;;;;;;;;;;;
Otu1124;Bacteria;Bacillota_A;Clostridia;Lachnospirales;Lachnospiraceae;Mediterraneibacter;Mediterraneibacter torques;Otu1124;;;;;;;;;;;;;;;;;;
Otu1126;Bacteria;Bacillota_A;Clostridia;Lachnospirales;Lachnospiraceae;Lachnospiraceae;Lachnospiraceae;Otu1126;;;;;;;;;;;;;;;;;;
Otu1131;Bacteria;Bacillota_A;Clostridia;Lachnospirales;Lachnospiraceae;Eubacterium_F;Eubacterium_F sp003491505;Otu1131;;;;;;;;;;;;;;;;;;
Otu1133;Bacteria;Bacillota_A;Clostridia;Lachnospirales;Lachnospiraceae;Roseburia;Roseburia rectibacter;Otu1133;;;;;;;;;;;;;;;;;;
Otu1136;Bacteria;Bacteroidota;Bacteroidia;Bacteroidales;Bacteroidaceae;Bacteroides;Bacteroides eggerthii;Otu1136;;;;;;;;;;;;;;;;;;
Otu1137;Bacteria;Bacillota_A;Clostridia;Lachnospirales;Lachnospiraceae;Fusicatenibacter;Fusicatenibacter saccharivorans;Otu1137;;;;;;;;;;;;;;;;;;
Otu1138;Bacteria;Bacillota_A;Clostridia;Lachnospirales;Lachnospiraceae;Fusicatenibacter;Fusicatenibacter saccharivorans;Otu1138;;;;;;;;;;;;;;;;;;
Otu1142;Bacteria;Bacillota_A;Clostridia;Lachnospirales;Lachnospiraceae;Agathobacter;Agathobacter;Otu1142;;;;;;;;;;;;;;;;;;
Otu1143;Bacteria;Bacillota_A;Clostridia;Lachnospirales;Lachnospiraceae;Blautia_A;Blautia_A wexlerae;Otu1143;;;;;;;;;;;;;;;;;;
Otu1146;Bacteria;Bacillota_A;Clostridia;Oscillospirales;Acutalibacteraceae;CAG-177;CAG-177 sp003514385;Otu1146;;;;;;;;;;;;;;;;;;
Otu1147;Bacteria;Bacillota_C;Negativicutes;Veillonellales;Dialisteraceae;Dialister;Dialister;Otu1147;;;;;;;;;;;;;;;;;;
Otu1148;Bacteria;Bacillota_A;Clostridia;Lachnospirales;Lachnospiraceae;Lachnospiraceae;Lachnospiraceae;Otu1148;;;;;;;;;;;;;;;;;;
Otu1152;Bacteria;Bacillota_A;Clostridia;Lachnospirales;Lachnospiraceae;Acetatifactor;Acetatifactor;Otu1152;;;;;;;;;;;;;;;;;;
Otu1153;Bacteria;Bacillota_A;Clostridia;Lachnospirales;Lachnospiraceae;Lachnospiraceae;Lachnospiraceae;Otu1153;;;;;;;;;;;;;;;;;;
Otu1155;Bacteria;Bacillota_A;Clostridia;Lachnospirales;Lachnospiraceae;Lachnospiraceae;Lachnospiraceae;Otu1155;;;;;;;;;;;;;;;;;;
Otu1157;Bacteria;Bacillota_A;Clostridia;Lachnospirales;Lachnospiraceae;Lachnospiraceae;Lachnospiraceae;Otu1157;;;;;;;;;;;;;;;;;;
Otu1158;Bacteria;Bacillota_A;Clostridia;Lachnospirales;Lachnospiraceae;Hominiventricola;Hominiventricola sp018223365;Otu1158;;;;;;;;;;;;;;;;;;
Otu1159;Bacteria;Bacillota_A;Clostridia;Clostridia;Clostridia;Clostridia;Clostridia;Otu1159;;;;;;;;;;;;;;;;;;
Otu1161;Bacteria;Bacillota_A;Clostridia;Oscillospirales;Ruminococcaceae;Ruminococcus_F;Ruminococcus_F champanellensis;Otu1161;;;;;;;;;;;;;;;;;;
Otu1162;Bacteria;Bacillota_A;Clostridia;Lachnospirales;Lachnospiraceae;Lachnospiraceae;Lachnospiraceae;Otu1162;;;;;;;;;;;;;;;;;;
Otu1163;Bacteria;Bacillota_A;Clostridia;Lachnospirales;Lachnospiraceae;Lachnospiraceae;Lachnospiraceae;Otu1163;;;;;;;;;;;;;;;;;;
Otu1164;Bacteria;Bacillota_A;Clostridia;Oscillospirales;Ruminococcaceae;Ruminococcus_F;Ruminococcus_F champanellensis;Otu1164;;;;;;;;;;;;;;;;;;
Otu1165;Bacteria;Bacillota_A;Clostridia;Lachnospirales;Lachnospiraceae;Lachnospiraceae;Lachnospiraceae;Otu1165;;;;;;;;;;;;;;;;;;
Otu1166;Bacteria;Bacillota_A;Clostridia;Oscillospirales;Oscillospiraceae;Oscillospiraceae;Oscillospiraceae;Otu1166;;;;;;;;;;;;;;;;;;
Otu1167;Bacteria;Bacillota_A;Clostridia;Lachnospirales;Lachnospiraceae;Mediterraneibacter;Mediterraneibacter;Otu1167;;;;;;;;;;;;;;;;;;
Otu1169;Bacteria;Bacteroidota;Bacteroidia;Bacteroidales;Bacteroidaceae;Bacteroides;Bacteroides eggerthii;Otu1169;;;;;;;;;;;;;;;;;;
Otu1170;Bacteria;Bacillota_A;Clostridia;Oscillospirales;Oscillospiraceae;Oscillospiraceae;Oscillospiraceae;Otu1170;;;;;;;;;;;;;;;;;;
Otu1172;Bacteria;Bacillota_A;Clostridia;Oscillospirales;Oscillospiraceae;UMGS1202;UMGS1202 sp900549565;Otu1172;;;;;;;;;;;;;;;;;;
Otu1173;Bacteria;Bacillota_I;Bacilli_A;RF39;UBA660;CAG-533;CAG-533 sp000434495;Otu1173;;;;;;;;;;;;;;;;;;
Otu1174;Bacteria;Bacillota_C;Negativicutes;Veillonellales;Megasphaeraceae;Caecibacter;Caecibacter hominis;Otu1174;;;;;;;;;;;;;;;;;;
Otu1175;Bacteria;Bacillota_A;Clostridia;Lachnospirales;Lachnospiraceae;Lachnospira;Lachnospira;Otu1175;;;;;;;;;;;;;;;;;;
Otu1176;Bacteria;Bacillota_A;Clostridia;Lachnospirales;Lachnospiraceae;Blautia_A;Blautia_A;Otu1176;;;;;;;;;;;;;;;;;;
Otu1177;Bacteria;Bacillota_A;Clostridia;Oscillospirales;Acutalibacteraceae;CAG-177;CAG-177;Otu1177;;;;;;;;;;;;;;;;;;
Otu1178;Bacteria;Bacillota_A;Clostridia;Oscillospirales;Ruminococcaceae;Hominimerdicola;Hominimerdicola aceti;Otu1178;;;;;;;;;;;;;;;;;;
Otu1179;Bacteria;Bacteroidota;Bacteroidia;Bacteroidales;Bacteroidaceae;Phocaeicola;Phocaeicola vulgatus;Otu1179;;;;;;;;;;;;;;;;;;
Otu1180;Bacteria;Bacillota_A;Clostridia;Lachnospirales;Lachnospiraceae;Blautia_A;Blautia_A faecis;Otu1180;;;;;;;;;;;;;;;;;;
Otu1181;Bacteria;Bacillota_A;Clostridia;Lachnospirales;Lachnospiraceae;Lachnospiraceae;Lachnospiraceae;Otu1181;;;;;;;;;;;;;;;;;;
Otu1182;Bacteria;Bacillota_A;Clostridia;Oscillospirales;Oscillospiraceae;Hominicoprocola;Hominicoprocola sp900317525;Otu1182;;;;;;;;;;;;;;;;;;
Otu1184;Bacteria;Bacillota_A;Clostridia;Lachnospirales;Lachnospiraceae;Dorea;Dorea formicigenerans;Otu1184;;;;;;;;;;;;;;;;;;
Otu1186;Bacteria;Bacillota_A;Clostridia;Lachnospirales;Lachnospiraceae;Bariatricus;Bariatricus;Otu1186;;;;;;;;;;;;;;;;;;
Otu1187;Bacteria;Bacillota_A;Clostridia;Clostridia;Clostridia;Clostridia;Clostridia;Otu1187;;;;;;;;;;;;;;;;;;
Otu1188;Bacteria;Bacteroidota;Bacteroidia;Bacteroidales;Bacteroidaceae;Bacteroides;Bacteroides;Otu1188;;;;;;;;;;;;;;;;;;
Otu1190;Bacteria;Bacillota_A;Clostridia;Lachnospirales;Lachnospiraceae;Eubacterium_F;Eubacterium_F sp003491505;Otu1190;;;;;;;;;;;;;;;;;;
Otu1191;Bacteria;Bacillota_A;Clostridia;Lachnospirales;Lachnospiraceae;Fusicatenibacter;Fusicatenibacter saccharivorans;Otu1191;;;;;;;;;;;;;;;;;;
Otu1192;Bacteria;Bacillota_A;Clostridia;Lachnospirales;Lachnospiraceae;Roseburia;Roseburia rectibacter;Otu1192;;;;;;;;;;;;;;;;;;
Otu1193;Bacteria;Bacillota_A;Clostridia;Lachnospirales;Lachnospiraceae;Otoolea;Otoolea fessa;Otu1193;;;;;;;;;;;;;;;;;;
Otu1196;Bacteria;Actinomycetota;Coriobacteriia;Coriobacteriales;Coriobacteriaceae;Collinsella;Collinsella;Otu1196;;;;;;;;;;;;;;;;;;
Otu1197;Bacteria;Bacillota_A;Clostridia;Lachnospirales;Lachnospiraceae;Blautia_A;Blautia_A faecis;Otu1197;;;;;;;;;;;;;;;;;;
Otu1200;Bacteria;Bacillota_A;Clostridia;Lachnospirales;Lachnospiraceae;Blautia_A;Blautia_A;Otu1200;;;;;;;;;;;;;;;;;;
Otu1201;Bacteria;Bacillota_A;Clostridia;Oscillospirales;Acutalibacteraceae;Hydrogeniiclostridium;Hydrogeniiclostridium mannosilyticum;Otu1201;;;;;;;;;;;;;;;;;;
Otu1203;Bacteria;Bacillota_A;Clostridia;Lachnospirales;Lachnospiraceae;Lachnospiraceae;Lachnospiraceae;Otu1203;;;;;;;;;;;;;;;;;;
Otu1204;Bacteria;Bacillota_A;Clostridia;Lachnospirales;Lachnospiraceae;Eubacterium_G;Eubacterium_G;Otu1204;;;;;;;;;;;;;;;;;;
Otu1205;Bacteria;Bacteroidota;Bacteroidia;Bacteroidales;Coprobacteraceae;Coprobacter;Coprobacter secundus;Otu1205;;;;;;;;;;;;;;;;;;
Otu1206;Bacteria;Bacillota_A;Clostridia;Oscillospirales;Oscillospirales;Oscillospirales;Oscillospirales;Otu1206;;;;;;;;;;;;;;;;;;
Otu1208;Bacteria;Bacillota_A;Clostridia;Peptostreptococcales;Peptostreptococcaceae;Peptostreptococcaceae;Peptostreptococcaceae;Otu1208;;;;;;;;;;;;;;;;;;
Otu1209;Bacteria;Bacillota_A;Clostridia;Peptostreptococcales;Anaerovoracaceae;Hominibacterium;Hominibacterium hominis;Otu1209;;;;;;;;;;;;;;;;;;
Otu1210;Bacteria;Bacillota_A;Clostridia;Lachnospirales;Lachnospiraceae;Blautia_A;Blautia_A wexlerae;Otu1210;;;;;;;;;;;;;;;;;;
Otu1211;Bacteria;Bacillota_A;Clostridia;Oscillospirales;Ruminococcaceae;Faecalibacterium;Faecalibacterium;Otu1211;;;;;;;;;;;;;;;;;;
Otu1214;Bacteria;Bacillota_A;Clostridia;TANB77;CAG-508;CAG-269;CAG-269 sp001916005;Otu1214;;;;;;;;;;;;;;;;;;
Otu1215;Bacteria;Bacillota_A;Clostridia;Oscillospirales;Oscillospiraceae;Oscillospiraceae;Oscillospiraceae;Otu1215;;;;;;;;;;;;;;;;;;
Otu1218;Bacteria;Bacillota_A;Clostridia;Lachnospirales;Lachnospiraceae;Bariatricus;Bariatricus;Otu1218;;;;;;;;;;;;;;;;;;
Otu1220;Bacteria;Bacillota_A;Clostridia;Oscillospirales;Ruminococcaceae;Faecalibacterium;Faecalibacterium;Otu1220;;;;;;;;;;;;;;;;;;
Otu1221;Bacteria;Bacillota_A;Clostridia;Oscillospirales;Ruminococcaceae;Merdimmobilis;Merdimmobilis hominis;Otu1221;;;;;;;;;;;;;;;;;;
Otu1227;Bacteria;Bacteroidota;Bacteroidia;Bacteroidales;Tannerellaceae;Parabacteroides;Parabacteroides;Otu1227;;;;;;;;;;;;;;;;;;
Otu1228;Bacteria;Bacillota_A;Clostridia;Oscillospirales;Ruminococcaceae;Faecalibacterium;Faecalibacterium prausnitzii;Otu1228;;;;;;;;;;;;;;;;;;
Otu1230;Bacteria;Bacillota_A;Clostridia;Oscillospirales;Oscillospiraceae;Vescimonas;Vescimonas;Otu1230;;;;;;;;;;;;;;;;;;
Otu1231;Bacteria;Bacillota_A;Clostridia;Oscillospirales;Oscillospiraceae;Dysosmobacter;Dysosmobacter welbionis;Otu1231;;;;;;;;;;;;;;;;;;
Otu1233;Bacteria;Bacillota_A;Clostridia;Oscillospirales;Oscillospiraceae;Faecousia;Faecousia sp000434635;Otu1233;;;;;;;;;;;;;;;;;;
Otu1234;Bacteria;Bacillota_A;Clostridia;Lachnospirales;Lachnospiraceae;Fusicatenibacter;Fusicatenibacter saccharivorans;Otu1234;;;;;;;;;;;;;;;;;;
Otu1237;Bacteria;Bacillota_A;Clostridia;Lachnospirales;Lachnospiraceae;Hominiventricola;Hominiventricola;Otu1237;;;;;;;;;;;;;;;;;;
Otu1238;Bacteria;Bacillota_A;Clostridia;Lachnospirales;Lachnospiraceae;Eubacterium_F;Eubacterium_F sp000433735;Otu1238;;;;;;;;;;;;;;;;;;
Otu1239;Bacteria;Bacillota_A;Clostridia;Lachnospirales;Lachnospiraceae;Ventrisoma;Ventrisoma faecale;Otu1239;;;;;;;;;;;;;;;;;;
Otu1240;Bacteria;Actinomycetota;Actinomycetes;Actinomycetales;Micrococcaceae;Arthrobacter;Arthrobacter;Otu1240;;;;;;;;;;;;;;;;;;
Otu1241;Bacteria;Bacillota_A;Clostridia;Lachnospirales;Lachnospiraceae;Agathobacter;Agathobacter;Otu1241;;;;;;;;;;;;;;;;;;
Otu1242;Bacteria;Bacteroidota;Bacteroidia;Bacteroidales;Bacteroidaceae;Bacteroides;Bacteroides;Otu1242;;;;;;;;;;;;;;;;;;
Otu1243;Bacteria;Bacillota_A;Clostridia;Lachnospirales;Lachnospiraceae;Eubacterium_I;Eubacterium_I ramulus;Otu1243;;;;;;;;;;;;;;;;;;
Otu1244;Bacteria;Bacillota_A;Clostridia;Christensenellales;Aristaeellaceae;UBA11524;UBA11524 sp000437595;Otu1244;;;;;;;;;;;;;;;;;;
Otu1245;Bacteria;Bacillota_A;Clostridia;Oscillospirales;Ruminococcaceae;Massiliimalia;Massiliimalia timonensis;Otu1245;;;;;;;;;;;;;;;;;;
Otu1246;Bacteria;Bacillota_A;Clostridia;Lachnospirales;Lachnospiraceae;Eubacterium_G;Eubacterium_G ventriosum;Otu1246;;;;;;;;;;;;;;;;;;
Otu1247;Bacteria;Bacillota_A;Clostridia;Oscillospirales;Ruminococcaceae;Hominimerdicola;Hominimerdicola aceti;Otu1247;;;;;;;;;;;;;;;;;;
Otu1249;Bacteria;Bacillota_A;Clostridia;Lachnospirales;Lachnospiraceae;Lachnospiraceae;Lachnospiraceae;Otu1249;;;;;;;;;;;;;;;;;;
Otu1251;Bacteria;Bacillota_A;Clostridia;Oscillospirales;Feifaniaceae;Feifania;Feifania hominis;Otu1251;;;;;;;;;;;;;;;;;;
Otu1252;Bacteria;Bacillota_A;Clostridia;Lachnospirales;Bianqueaceae;Bianquea;Bianquea renquensis;Otu1252;;;;;;;;;;;;;;;;;;
Otu1253;Bacteria;Bacillota_A;Clostridia;Lachnospirales;Lachnospiraceae;Lachnospiraceae;Lachnospiraceae;Otu1253;;;;;;;;;;;;;;;;;;
Otu1254;Bacteria;Bacillota_A;Clostridia;Lachnospirales;Lachnospiraceae;Massilistercora;Massilistercora timonensis;Otu1254;;;;;;;;;;;;;;;;;;
Otu1255;Bacteria;Bacteroidota;Bacteroidia;Bacteroidales;Tannerellaceae;Parabacteroides;Parabacteroides;Otu1255;;;;;;;;;;;;;;;;;;
Otu1257;Bacteria;Bacillota_A;Clostridia;Oscillospirales;Ruminococcaceae;Ligaoa;Ligaoa zhengdingensis;Otu1257;;;;;;;;;;;;;;;;;;
Otu1259;Bacteria;Bacillota_I;Bacilli_A;Erysipelotrichales;Erysipelotrichaceae;Faecalicoccus;Faecalicoccus pleomorphus;Otu1259;;;;;;;;;;;;;;;;;;
Otu1260;Bacteria;Bacillota_I;Bacilli_A;RF39;UBA660;UMGS1498;UMGS1498 sp934153945;Otu1260;;;;;;;;;;;;;;;;;;
Otu1261;Bacteria;Bacillota_A;Clostridia;Oscillospirales;Oscillospirales;Oscillospirales;Oscillospirales;Otu1261;;;;;;;;;;;;;;;;;;
Otu1262;Bacteria;Bacillota_A;Clostridia;Lachnospirales;Lachnospiraceae;Bariatricus;Bariatricus comes_A;Otu1262;;;;;;;;;;;;;;;;;;
Otu1263;Bacteria;Bacillota_A;Clostridia;Lachnospirales;Lachnospiraceae;Blautia;Blautia;Otu1263;;;;;;;;;;;;;;;;;;
Otu1266;Bacteria;Bacillota_A;Clostridia;Lachnospirales;Lachnospiraceae;Acetatifactor;Acetatifactor;Otu1266;;;;;;;;;;;;;;;;;;
Otu1268;Bacteria;Bacillota_A;Clostridia;Lachnospirales;Lachnospiraceae;Hominiventricola;Hominiventricola sp003480725;Otu1268;;;;;;;;;;;;;;;;;;
Otu1270;Bacteria;Bacillota_A;Clostridia;Lachnospirales;Lachnospiraceae;Oliverpabstia;Oliverpabstia tarda;Otu1270;;;;;;;;;;;;;;;;;;
Otu1271;Bacteria;Bacteroidota;Bacteroidia;Bacteroidales;Bacteroidaceae;Bacteroides;Bacteroides clarus;Otu1271;;;;;;;;;;;;;;;;;;
Otu1273;Bacteria;Bacillota_A;Clostridia;Oscillospirales;Ruminococcaceae;Gemmiger;Gemmiger formicilis;Otu1273;;;;;;;;;;;;;;;;;;
Otu1274;Bacteria;Bacillota_A;Clostridia;Oscillospirales;Ruminococcaceae;Faecalibacterium;Faecalibacterium sp900758465;Otu1274;;;;;;;;;;;;;;;;;;
Otu1276;Bacteria;Bacillota_A;Clostridia;Oscillospirales;Ruminococcaceae;Faecalibacterium;Faecalibacterium;Otu1276;;;;;;;;;;;;;;;;;;
Otu1277;Bacteria;Bacillota_C;Negativicutes;Veillonellales;Megasphaeraceae;Megasphaera;Megasphaera sp000417505;Otu1277;;;;;;;;;;;;;;;;;;
Otu1279;Bacteria;Bacillota_A;Clostridia;Lachnospirales;Lachnospiraceae;Mediterraneibacter;Mediterraneibacter faecis;Otu1279;;;;;;;;;;;;;;;;;;
Otu1280;Bacteria;Bacillota_A;Clostridia;Lachnospirales;Lachnospiraceae;Faecalimonas;Faecalimonas phoceensis;Otu1280;;;;;;;;;;;;;;;;;;
Otu1282;Bacteria;Bacteroidota;Bacteroidia;Bacteroidales;Bacteroidaceae;Phocaeicola;Phocaeicola massiliensis;Otu1282;;;;;;;;;;;;;;;;;;
Otu1286;Bacteria;Bacteroidota;Bacteroidia;Bacteroidales;Bacteroidaceae;Phocaeicola;Phocaeicola;Otu1286;;;;;;;;;;;;;;;;;;
Otu1288;Bacteria;Bacteroidota;Bacteroidia;Bacteroidales;Bacteroidaceae;Bacteroides;Bacteroides;Otu1288;;;;;;;;;;;;;;;;;;
Otu1289;Bacteria;Bacteroidota;Bacteroidia;Bacteroidales;Bacteroidaceae;Bacteroides;Bacteroides;Otu1289;;;;;;;;;;;;;;;;;;
Otu1290;Bacteria;Bacillota_A;Clostridia;Lachnospirales;Lachnospiraceae;Agathobacter;Agathobacter;Otu1290;;;;;;;;;;;;;;;;;;
Otu1293;Bacteria;Bacillota_A;Clostridia;Lachnospirales;Lachnospiraceae;Lachnospiraceae;Lachnospiraceae;Otu1293;;;;;;;;;;;;;;;;;;
Otu1294;Bacteria;Bacillota_A;Clostridia;Lachnospirales;Lachnospiraceae;Blautia_A;Blautia_A sp900066335;Otu1294;;;;;;;;;;;;;;;;;;
Otu1298;Bacteria;Bacillota_A;Clostridia;Lachnospirales;Lachnospiraceae;Lachnospira;Lachnospira;Otu1298;;;;;;;;;;;;;;;;;;
Otu1299;Bacteria;Bacillota_A;Clostridia;Oscillospirales;Acutalibacteraceae;CAG-177;CAG-177 sp003514385;Otu1299;;;;;;;;;;;;;;;;;;
Otu1300;Bacteria;Bacteroidota;Bacteroidia;Bacteroidales;Bacteroidaceae;Bacteroides;Bacteroides;Otu1300;;;;;;;;;;;;;;;;;;
Otu1301;Bacteria;Bacillota_A;Clostridia;Oscillospirales;Ruminococcaceae;Anaerotruncus;Anaerotruncus rubiinfantis;Otu1301;;;;;;;;;;;;;;;;;;
Otu1302;Bacteria;Bacillota_A;Clostridia;Lachnospirales;Lachnospiraceae;Eubacterium_G;Eubacterium_G segne;Otu1302;;;;;;;;;;;;;;;;;;
Otu1303;Bacteria;Bacillota_A;Clostridia;Oscillospirales;Acutalibacteraceae;Fimenecus;Fimenecus sp000432435;Otu1303;;;;;;;;;;;;;;;;;;
Otu1305;Bacteria;Bacillota_B;Peptococcia;Peptococcales;Peptococcaceae;UBA7185;UBA7185 sp910585405;Otu1305;;;;;;;;;;;;;;;;;;
Otu1306;Bacteria;Bacillota_A;Clostridia;Oscillospirales;Butyricicoccaceae;Butyricicoccus;Butyricicoccus sp900604335;Otu1306;;;;;;;;;;;;;;;;;;
Otu1308;Bacteria;Bacillota_A;Clostridia;Lachnospirales;Lachnospiraceae;Lachnospiraceae;Lachnospiraceae;Otu1308;;;;;;;;;;;;;;;;;;
Otu1309;Bacteria;Bacteroidota;Bacteroidia;Bacteroidales;Bacteroidaceae;Phocaeicola;Phocaeicola massiliensis;Otu1309;;;;;;;;;;;;;;;;;;
Otu1310;Bacteria;Bacteroidota;Bacteroidia;Bacteroidales;Bacteroidaceae;Bacteroides;Bacteroides caccae;Otu1310;;;;;;;;;;;;;;;;;;
Otu1311;Bacteria;Bacillota_A;Clostridia;Lachnospirales;Lachnospiraceae;Blautia_A;Blautia_A;Otu1311;;;;;;;;;;;;;;;;;;
Otu1312;Bacteria;Bacillota_A;Clostridia;Lachnospirales;Lachnospiraceae;Alitiscatomonas;Alitiscatomonas;Otu1312;;;;;;;;;;;;;;;;;;
Otu1313;Bacteria;Bacillota_A;Clostridia;Oscillospirales;Acutalibacteraceae;Fimenecus;Fimenecus sp000432435;Otu1313;;;;;;;;;;;;;;;;;;
Otu1314;Bacteria;Bacillota_A;Clostridia;Lachnospirales;Lachnospiraceae;Lachnospiraceae;Lachnospiraceae;Otu1314;;;;;;;;;;;;;;;;;;
Otu1315;Bacteria;Bacillota_A;Clostridia;Lachnospirales;Lachnospiraceae;Eubacterium_F;Eubacterium_F sp003491505;Otu1315;;;;;;;;;;;;;;;;;;
Otu1316;Bacteria;Bacteria;Bacteria;Bacteria;Bacteria;Bacteria;Bacteria;Otu1316;;;;;;;;;;;;;;;;;;
Otu1319;Bacteria;Bacillota_A;Clostridia;Lachnospirales;Lachnospiraceae;Blautia_A;Blautia_A wexlerae;Otu1319;;;;;;;;;;;;;;;;;;
Otu1320;Bacteria;Bacillota_A;Clostridia;Lachnospirales;Lachnospiraceae;Blautia_A;Blautia_A;Otu1320;;;;;;;;;;;;;;;;;;
Otu1321;Bacteria;Bacillota_A;Clostridia;Lachnospirales;Lachnospiraceae;Anaerobutyricum;Anaerobutyricum soehngenii;Otu1321;;;;;;;;;;;;;;;;;;
Otu1322;Bacteria;Bacillota_A;Clostridia;Lachnospirales;Lachnospiraceae;Agathobacter;Agathobacter rectalis;Otu1322;;;;;;;;;;;;;;;;;;
Otu1324;Bacteria;Bacillota_A;Clostridia;Peptostreptococcales;Anaerovoracaceae;Mogibacterium;Mogibacterium diversum;Otu1324;;;;;;;;;;;;;;;;;;
Otu1325;Bacteria;Bacteroidota;Bacteroidia;Bacteroidales;Bacteroidaceae;Bacteroides;Bacteroides eggerthii;Otu1325;;;;;;;;;;;;;;;;;;
Otu1327;Bacteria;Bacteroidota;Bacteroidia;Bacteroidales;Bacteroidaceae;Bacteroides;Bacteroides;Otu1327;;;;;;;;;;;;;;;;;;
Otu1328;Bacteria;Bacillota_A;Clostridia;Oscillospirales;Ruminococcaceae;Harryflintia;Harryflintia acetispora;Otu1328;;;;;;;;;;;;;;;;;;
Otu1329;Bacteria;Bacillota_A;Clostridia;Lachnospirales;Lachnospiraceae;Mediterraneibacter;Mediterraneibacter torques;Otu1329;;;;;;;;;;;;;;;;;;
Otu1331;Bacteria;Bacillota_A;Clostridia;Lachnospirales;Lachnospiraceae;Blautia_A;Blautia_A;Otu1331;;;;;;;;;;;;;;;;;;
Otu1332;Bacteria;Bacillota_A;Clostridia;Oscillospirales;Ruminococcaceae;Faecalibacterium;Faecalibacterium;Otu1332;;;;;;;;;;;;;;;;;;
Otu1333;Bacteria;Bacillota_A;Clostridia;Lachnospirales;Lachnospiraceae;Fusicatenibacter;Fusicatenibacter saccharivorans;Otu1333;;;;;;;;;;;;;;;;;;
Otu1335;Bacteria;Bacillota_A;Clostridia;Lachnospirales;Lachnospiraceae;Eubacterium_I;Eubacterium_I ramulus;Otu1335;;;;;;;;;;;;;;;;;;
Otu1336;Bacteria;Bacillota_A;Clostridia;Lachnospirales;Lachnospiraceae;Roseburia;Roseburia inulinivorans;Otu1336;;;;;;;;;;;;;;;;;;
Otu1337;Bacteria;Bacillota_A;Clostridia;Lachnospirales;Lachnospiraceae;Mediterraneibacter;Mediterraneibacter lactaris;Otu1337;;;;;;;;;;;;;;;;;;
Otu1338;Bacteria;Bacillota_A;Clostridia;Lachnospirales;Lachnospiraceae;Roseburia;Roseburia inulinivorans;Otu1338;;;;;;;;;;;;;;;;;;
Otu1340;Bacteria;Bacteroidota;Bacteroidia;Bacteroidales;Bacteroidaceae;Bacteroides;Bacteroides;Otu1340;;;;;;;;;;;;;;;;;;
Otu1341;Bacteria;Pseudomonadota;Gammaproteobacteria;Burkholderiales;Burkholderiaceae;Comamonas;Comamonas tsuruhatensis;Otu1341;;;;;;;;;;;;;;;;;;
Otu1342;Bacteria;Bacillota_A;Clostridia;Oscillospirales;Oscillospirales;Oscillospirales;Oscillospirales;Otu1342;;;;;;;;;;;;;;;;;;
Otu1343;Bacteria;Bacillota_A;Clostridia;Lachnospirales;Lachnospiraceae;Lachnospiraceae;Lachnospiraceae;Otu1343;;;;;;;;;;;;;;;;;;
Otu1346;Bacteria;Bacillota_A;Clostridia;Lachnospirales;Lachnospiraceae;Lachnospiraceae;Lachnospiraceae;Otu1346;;;;;;;;;;;;;;;;;;
Otu1347;Bacteria;Bacillota_A;Clostridia;Lachnospirales;Lachnospiraceae;Roseburia;Roseburia inulinivorans;Otu1347;;;;;;;;;;;;;;;;;;
Otu1348;Bacteria;Bacillota_A;Clostridia;Lachnospirales;Lachnospiraceae;Lachnospiraceae;Lachnospiraceae;Otu1348;;;;;;;;;;;;;;;;;;
Otu1349;Bacteria;Bacillota_A;Clostridia;Oscillospirales;Ruminococcaceae;Gemmiger;Gemmiger formicilis;Otu1349;;;;;;;;;;;;;;;;;;
Otu1353;Bacteria;Bacillota_A;Clostridia;Oscillospirales;Acutalibacteraceae;Ruminococcus_E;Ruminococcus_E bromii;Otu1353;;;;;;;;;;;;;;;;;;
Otu1355;Bacteria;Bacteroidota;Bacteroidia;Bacteroidales;Bacteroidaceae;Prevotella;Prevotella;Otu1355;;;;;;;;;;;;;;;;;;
Otu1357;Bacteria;Bacillota_A;Clostridia;Lachnospirales;Lachnospiraceae;Lachnospiraceae;Lachnospiraceae;Otu1357;;;;;;;;;;;;;;;;;;
Otu1358;Bacteria;Bacteroidota;Bacteroidia;Bacteroidales;Bacteroidaceae;Bacteroides;Bacteroides;Otu1358;;;;;;;;;;;;;;;;;;
Otu1361;Bacteria;Bacteroidota;Bacteroidia;Bacteroidales;Bacteroidaceae;Phocaeicola;Phocaeicola vulgatus;Otu1361;;;;;;;;;;;;;;;;;;
Otu1362;Bacteria;Bacillota_A;Clostridia;Lachnospirales;Lachnospiraceae;Blautia_A;Blautia_A;Otu1362;;;;;;;;;;;;;;;;;;
Otu1364;Bacteria;Bacillota_A;Clostridia;Lachnospirales;Lachnospiraceae;Mediterraneibacter;Mediterraneibacter;Otu1364;;;;;;;;;;;;;;;;;;
Otu1366;Bacteria;Pseudomonadota;Alphaproteobacteria;Caulobacterales;Caulobacteraceae;Brevundimonas;Brevundimonas nasdae;Otu1366;;;;;;;;;;;;;;;;;;
Otu1367;Bacteria;Bacillota_A;Clostridia;Lachnospirales;Lachnospiraceae;Otoolea;Otoolea;Otu1367;;;;;;;;;;;;;;;;;;
Otu1369;Bacteria;Bacillota_A;Clostridia;Lachnospirales;Lachnospiraceae;Agathobacter;Agathobacter;Otu1369;;;;;;;;;;;;;;;;;;
Otu1371;Bacteria;Bacteroidota;Bacteroidia;Bacteroidales;Bacteroidaceae;Phocaeicola;Phocaeicola massiliensis;Otu1371;;;;;;;;;;;;;;;;;;
Otu1372;Bacteria;Bacillota_A;Clostridia;Oscillospirales;Acutalibacteraceae;Avimonas;Avimonas sp001513365;Otu1372;;;;;;;;;;;;;;;;;;
Otu1375;Bacteria;Bacillota_A;Clostridia;Lachnospirales;Lachnospiraceae;Lachnospiraceae;Lachnospiraceae;Otu1375;;;;;;;;;;;;;;;;;;
Otu1376;Bacteria;Bacteroidota;Bacteroidia;Bacteroidales;Bacteroidaceae;UBA1179;UBA1179 sp905235565;Otu1376;;;;;;;;;;;;;;;;;;
Otu1378;Bacteria;Bacillota_A;Clostridia;Lachnospirales;Lachnospiraceae;Suilimivivens;Suilimivivens sp021628825;Otu1378;;;;;;;;;;;;;;;;;;
Otu1382;Bacteria;Bacteroidota;Bacteroidia;Bacteroidales;Bacteroidaceae;Phocaeicola;Phocaeicola;Otu1382;;;;;;;;;;;;;;;;;;
Otu1383;Bacteria;Bacillota_C;Negativicutes;Selenomonadales;Selenomonadaceae;Megamonas;Megamonas funiformis;Otu1383;;;;;;;;;;;;;;;;;;
Otu1385;Bacteria;Bacillota_A;Clostridia;Lachnospirales;Lachnospiraceae;CAG-882;CAG-882 sp003486385;Otu1385;;;;;;;;;;;;;;;;;;
Otu1386;Bacteria;Bacillota_A;Clostridia;Lachnospirales;Lachnospiraceae;Lachnospiraceae;Lachnospiraceae;Otu1386;;;;;;;;;;;;;;;;;;
Otu1388;Bacteria;Bacillota_A;Clostridia;Lachnospirales;Lachnospiraceae;Roseburia_C;Roseburia_C amylophila;Otu1388;;;;;;;;;;;;;;;;;;
Otu1389;Bacteria;Bacillota_A;Clostridia;Lachnospirales;Lachnospiraceae;Lachnospiraceae;Lachnospiraceae;Otu1389;;;;;;;;;;;;;;;;;;
Otu1390;Bacteria;Bacillota_A;Clostridia;Lachnospirales;Lachnospiraceae;Eubacterium_I;Eubacterium_I ramulus;Otu1390;;;;;;;;;;;;;;;;;;
Otu1391;Bacteria;Bacillota_A;Clostridia;Oscillospirales;Ruminococcaceae;Faecalibacterium;Faecalibacterium prausnitzii_I;Otu1391;;;;;;;;;;;;;;;;;;
Otu1392;Bacteria;Pseudomonadota;Gammaproteobacteria;Pseudomonadales;Moraxellaceae;Acinetobacter;Acinetobacter johnsonii;Otu1392;;;;;;;;;;;;;;;;;;
Otu1393;Bacteria;Bacillota_A;Clostridia;Lachnospirales;Lachnospiraceae;Pararoseburia;Pararoseburia lenta;Otu1393;;;;;;;;;;;;;;;;;;
Otu1394;Bacteria;Bacillota_A;Clostridia;Oscillospirales;Ruminococcaceae;Negativibacillus;Negativibacillus massiliensis;Otu1394;;;;;;;;;;;;;;;;;;
Otu1396;Bacteria;Bacillota_A;Clostridia;Oscillospirales;CAG-272;Avispirillum;Avispirillum sp011957885;Otu1396;;;;;;;;;;;;;;;;;;
Otu1399;Bacteria;Bacillota_A;Clostridia;Lachnospirales;Lachnospiraceae;Lachnospiraceae;Lachnospiraceae;Otu1399;;;;;;;;;;;;;;;;;;
Otu1401;Bacteria;Bacillota_A;Clostridia;Lachnospirales;Lachnospiraceae;Dorea;Dorea formicigenerans;Otu1401;;;;;;;;;;;;;;;;;;
Otu1402;Bacteria;Bacillota_A;Clostridia;Oscillospirales;Oscillospiraceae;CAG-170;CAG-170 sp900549635;Otu1402;;;;;;;;;;;;;;;;;;
Otu1403;Bacteria;Bacillota_A;Clostridia;Oscillospirales;Oscillospiraceae;Oscillibacter;Oscillibacter ruminantium;Otu1403;;;;;;;;;;;;;;;;;;
Otu1407;Bacteria;Bacillota_A;Clostridia;Lachnospirales;Lachnospiraceae;Lachnospiraceae;Lachnospiraceae;Otu1407;;;;;;;;;;;;;;;;;;
Otu1409;Bacteria;Bacillota_A;Clostridia;Lachnospirales;Lachnospiraceae;Hominiventricola;Hominiventricola sp003480725;Otu1409;;;;;;;;;;;;;;;;;;
Otu1410;Bacteria;Bacillota_A;Clostridia;Lachnospirales;Bianqueaceae;Bianquea;Bianquea renquensis;Otu1410;;;;;;;;;;;;;;;;;;
Otu1411;Bacteria;Bacillota_A;Clostridia;Lachnospirales;Lachnospiraceae;Anaerobutyricum;Anaerobutyricum;Otu1411;;;;;;;;;;;;;;;;;;
Otu1413;Bacteria;Bacillota_A;Clostridia;Lachnospirales;Lachnospiraceae;Agathobacter;Agathobacter sp900543445;Otu1413;;;;;;;;;;;;;;;;;;
Otu1416;Bacteria;Bacillota_A;Clostridia;Oscillospirales;Oscillospiraceae;Vescimonas;Vescimonas coprocola;Otu1416;;;;;;;;;;;;;;;;;;
Otu1417;Bacteria;Bacillota_A;Clostridia;Lachnospirales;Lachnospiraceae;Mediterraneibacter;Mediterraneibacter torques;Otu1417;;;;;;;;;;;;;;;;;;
Otu1418;Bacteria;Bacillota_A;Clostridia;Lachnospirales;Lachnospiraceae;Lachnospiraceae;Lachnospiraceae;Otu1418;;;;;;;;;;;;;;;;;;
Otu1421;Bacteria;Bacillota_A;Clostridia;Lachnospirales;Lachnospiraceae;Lachnospiraceae;Lachnospiraceae;Otu1421;;;;;;;;;;;;;;;;;;
Otu1422;Bacteria;Bacillota_A;Clostridia;Lachnospirales;Lachnospiraceae;Lachnospiraceae;Lachnospiraceae;Otu1422;;;;;;;;;;;;;;;;;;
Otu1423;Bacteria;Bacteroidota;Bacteroidia;Bacteroidales;Bacteroidaceae;Phocaeicola;Phocaeicola vulgatus;Otu1423;;;;;;;;;;;;;;;;;;
Otu1424;Bacteria;Bacillota_A;Clostridia;Lachnospirales;Lachnospiraceae;Acetatifactor;Acetatifactor intestinalis;Otu1424;;;;;;;;;;;;;;;;;;
Otu1428;Bacteria;Bacillota_A;Clostridia;Oscillospirales;Ruminococcaceae;Faecalibacterium;Faecalibacterium;Otu1428;;;;;;;;;;;;;;;;;;
Otu1431;Bacteria;Bacillota_A;Clostridia;Lachnospirales;Lachnospiraceae;Anaerobutyricum;Anaerobutyricum hallii;Otu1431;;;;;;;;;;;;;;;;;;
Otu1434;Bacteria;Bacillota_A;Clostridia;Oscillospirales;Ruminococcaceae;Anaerotruncus;Anaerotruncus colihominis;Otu1434;;;;;;;;;;;;;;;;;;
Otu1436;Bacteria;Bacillota_A;Clostridia;Lachnospirales;Lachnospiraceae;Anthropogastromicrobium;Anthropogastromicrobium aceti;Otu1436;;;;;;;;;;;;;;;;;;
Otu1438;Bacteria;Bacillota_A;Clostridia;Lachnospirales;Lachnospiraceae;Mediterraneibacter;Mediterraneibacter lactaris;Otu1438;;;;;;;;;;;;;;;;;;
Otu1442;Bacteria;Bacillota_A;Clostridia;Lachnospirales;Lachnospiraceae;Hominiventricola;Hominiventricola;Otu1442;;;;;;;;;;;;;;;;;;
Otu1443;Bacteria;Bacillota_A;Clostridia;Lachnospirales;Lachnospiraceae;Lachnospiraceae;Lachnospiraceae;Otu1443;;;;;;;;;;;;;;;;;;
Otu1444;Bacteria;Bacillota_A;Clostridia;Lachnospirales;Lachnospiraceae;Agathobacter;Agathobacter rectalis;Otu1444;;;;;;;;;;;;;;;;;;
Otu1447;Bacteria;Bacteroidota;Bacteroidia;Bacteroidales;Bacteroidaceae;Phocaeicola;Phocaeicola vulgatus;Otu1447;;;;;;;;;;;;;;;;;;
Otu1449;Bacteria;Bacillota_A;Clostridia;Christensenellales;Maliibacteriaceae;Maliibacterium;Maliibacterium massiliense;Otu1449;;;;;;;;;;;;;;;;;;
Otu1450;Bacteria;Bacillota_A;Clostridia;SK-Y3;SK-Y3;SK-Y3;SK-Y3;Otu1450;;;;;;;;;;;;;;;;;;
Otu1451;Bacteria;Bacillota_A;Clostridia;Lachnospirales;Lachnospiraceae;Blautia_A;Blautia_A;Otu1451;;;;;;;;;;;;;;;;;;
Otu1453;Bacteria;Bacillota_A;Clostridia;Lachnospirales;Lachnospiraceae;Lachnospira;Lachnospira sp000436475;Otu1453;;;;;;;;;;;;;;;;;;
Otu1455;Bacteria;Bacteroidota;Bacteroidia;Bacteroidales;Bacteroidaceae;Bacteroides;Bacteroides;Otu1455;;;;;;;;;;;;;;;;;;
Otu1458;Bacteria;Bacillota_A;Clostridia;Lachnospirales;Lachnospiraceae;Acetatifactor;Acetatifactor intestinalis;Otu1458;;;;;;;;;;;;;;;;;;
Otu1461;Bacteria;Bacillota_A;Clostridia;Lachnospirales;Lachnospiraceae;Roseburia_C;Roseburia_C amylophila;Otu1461;;;;;;;;;;;;;;;;;;
Otu1462;Bacteria;Bacillota_A;Clostridia;Lachnospirales;Lachnospiraceae;Alitiscatomonas;Alitiscatomonas sp900066785;Otu1462;;;;;;;;;;;;;;;;;;
Otu1464;Bacteria;Bacillota_A;Clostridia;Lachnospirales;Lachnospiraceae;Blautia_A;Blautia_A sp900066335;Otu1464;;;;;;;;;;;;;;;;;;
Otu1465;Bacteria;Bacillota_A;Clostridia;Lachnospirales;Lachnospiraceae;Lachnospiraceae;Lachnospiraceae;Otu1465;;;;;;;;;;;;;;;;;;
Otu1467;Bacteria;Bacillota_A;Clostridia;Lachnospirales;Lachnospiraceae;Agathobacter;Agathobacter rectalis;Otu1467;;;;;;;;;;;;;;;;;;
Otu1473;Bacteria;Bacillota_A;Clostridia;Oscillospirales;Oscillospiraceae;Oscillospiraceae;Oscillospiraceae;Otu1473;;;;;;;;;;;;;;;;;;
Otu1475;Bacteria;Bacillota_A;Clostridia;Lachnospirales;Lachnospiraceae;Agathobacter;Agathobacter;Otu1475;;;;;;;;;;;;;;;;;;
Otu1477;Bacteria;Bacillota_A;Clostridia;Lachnospirales;Lachnospiraceae;Agathobacter;Agathobacter;Otu1477;;;;;;;;;;;;;;;;;;
Otu1478;Bacteria;Bacillota_A;Clostridia;Lachnospirales;Lachnospiraceae;Blautia_A;Blautia_A;Otu1478;;;;;;;;;;;;;;;;;;
Otu1479;Bacteria;Bacillota_A;Clostridia;Lachnospirales;Lachnospiraceae;Blautia;Blautia;Otu1479;;;;;;;;;;;;;;;;;;
Otu1480;Bacteria;Bacillota_A;Clostridia;Lachnospirales;Lachnospiraceae;Agathobacter;Agathobacter rectalis;Otu1480;;;;;;;;;;;;;;;;;;
Otu1481;Bacteria;Bacillota_A;Clostridia;Oscillospirales;Acutalibacteraceae;Fimenecus;Fimenecus sp000432435;Otu1481;;;;;;;;;;;;;;;;;;
Otu1482;Bacteria;Bacteroidota;Bacteroidia;Bacteroidales;Bacteroidaceae;Phocaeicola;Phocaeicola plebeius_A;Otu1482;;;;;;;;;;;;;;;;;;
Otu1483;Bacteria;Bacillota_A;Clostridia;Clostridia;Clostridia;Clostridia;Clostridia;Otu1483;;;;;;;;;;;;;;;;;;
Otu1484;Bacteria;Bacillota_A;Clostridia;Lachnospirales;Lachnospiraceae;Agathobacter;Agathobacter;Otu1484;;;;;;;;;;;;;;;;;;
Otu1485;Bacteria;Bacillota_A;Clostridia;Lachnospirales;Lachnospiraceae;Lachnospiraceae;Lachnospiraceae;Otu1485;;;;;;;;;;;;;;;;;;
Otu1489;Bacteria;Bacillota_A;Clostridia;Lachnospirales;Lachnospiraceae;Alitiscatomonas;Alitiscatomonas sp900066535;Otu1489;;;;;;;;;;;;;;;;;;
Otu1490;Bacteria;Bacteroidota;Bacteroidia;Bacteroidales;Bacteroidaceae;Phocaeicola;Phocaeicola vulgatus;Otu1490;;;;;;;;;;;;;;;;;;
Otu1491;Bacteria;Bacillota_A;Clostridia;Lachnospirales;Lachnospiraceae;Lachnospiraceae;Lachnospiraceae;Otu1491;;;;;;;;;;;;;;;;;;
Otu1492;Bacteria;Bacteroidota;Bacteroidia;Bacteroidales;Bacteroidaceae;Paraprevotella;Paraprevotella clara;Otu1492;;;;;;;;;;;;;;;;;;
Otu1494;Bacteria;Bacillota_A;Clostridia;Lachnospirales;Lachnospiraceae;Mediterraneibacter;Mediterraneibacter torques;Otu1494;;;;;;;;;;;;;;;;;;
Otu1495;Bacteria;Bacillota_A;Clostridia;Lachnospirales;Lachnospiraceae;Laedolimicola;Laedolimicola ammoniilytica;Otu1495;;;;;;;;;;;;;;;;;;
Otu1496;Bacteria;Bacillota_A;Clostridia;Lachnospirales;Lachnospiraceae;Blautia_A;Blautia_A;Otu1496;;;;;;;;;;;;;;;;;;
Otu1498;Bacteria;Bacillota_A;Clostridia;TANB77;CAG-508;CAG-245;CAG-245 sp000435175;Otu1498;;;;;;;;;;;;;;;;;;
Otu1500;Bacteria;Bacillota_A;Clostridia;Lachnospirales;Lachnospiraceae;Blautia_A;Blautia_A;Otu1500;;;;;;;;;;;;;;;;;;
Otu1502;Bacteria;Bacillota_A;Clostridia;Lachnospirales;Lachnospiraceae;Blautia_A;Blautia_A;Otu1502;;;;;;;;;;;;;;;;;;
Otu1504;Bacteria;Bacillota_A;Clostridia;Oscillospirales;Ruminococcaceae;Avimicrobium;Avimicrobium caecorum;Otu1504;;;;;;;;;;;;;;;;;;
Otu1505;Bacteria;Bacillota_A;Clostridia;Lachnospirales;Lachnospiraceae;Lachnospiraceae;Lachnospiraceae;Otu1505;;;;;;;;;;;;;;;;;;
Otu1508;Bacteria;Bacillota_A;Clostridia;Lachnospirales;Lachnospiraceae;Lachnospiraceae;Lachnospiraceae;Otu1508;;;;;;;;;;;;;;;;;;
Otu1511;Bacteria;Bacteroidota;Bacteroidia;Bacteroidales;Bacteroidaceae;Prevotella;Prevotella sp002251385;Otu1511;;;;;;;;;;;;;;;;;;
Otu1515;Bacteria;Bacillota_A;Clostridia;Lachnospirales;Lachnospiraceae;Lachnospiraceae;Lachnospiraceae;Otu1515;;;;;;;;;;;;;;;;;;
Otu1519;Bacteria;Bacillota_A;Clostridia;Lachnospirales;Lachnospiraceae;Hominiventricola;Hominiventricola sp003480725;Otu1519;;;;;;;;;;;;;;;;;;
Otu1520;Bacteria;Bacteroidota;Bacteroidia;Bacteroidales;Rikenellaceae;Alistipes;Alistipes finegoldii;Otu1520;;;;;;;;;;;;;;;;;;
Otu1521;Bacteria;Bacillota_A;Clostridia;Lachnospirales;Lachnospiraceae;Mediterraneibacter;Mediterraneibacter;Otu1521;;;;;;;;;;;;;;;;;;
Otu1524;Bacteria;Bacillota_A;Clostridia;Oscillospirales;Oscillospiraceae;Oscillospiraceae;Oscillospiraceae;Otu1524;;;;;;;;;;;;;;;;;;
Otu1525;Bacteria;Bacillota_A;Clostridia;Lachnospirales;Lachnospiraceae;Agathobacter;Agathobacter sp934365945;Otu1525;;;;;;;;;;;;;;;;;;
Otu1526;Bacteria;Bacillota_A;Clostridia;Lachnospirales;Lachnospiraceae;Blautia_A;Blautia_A wexlerae;Otu1526;;;;;;;;;;;;;;;;;;
Otu1527;Bacteria;Bacillota_A;Clostridia;Lachnospirales;Lachnospiraceae;Lachnospiraceae;Lachnospiraceae;Otu1527;;;;;;;;;;;;;;;;;;
Otu1528;Bacteria;Bacillota_A;Clostridia;Oscillospirales;Ruminococcaceae;Huintestinicola;Huintestinicola butyrica;Otu1528;;;;;;;;;;;;;;;;;;
Otu1531;Bacteria;Bacillota_A;Clostridia;Lachnospirales;Lachnospiraceae;Lachnospiraceae;Lachnospiraceae;Otu1531;;;;;;;;;;;;;;;;;;
Otu1533;Bacteria;Bacillota_A;Clostridia;Oscillospirales;Ruminococcaceae;Hominimerdicola;Hominimerdicola aceti;Otu1533;;;;;;;;;;;;;;;;;;
Otu1534;Bacteria;Bacillota_A;Clostridia;Lachnospirales;Lachnospiraceae;Anaerobutyricum;Anaerobutyricum hallii;Otu1534;;;;;;;;;;;;;;;;;;
Otu1535;Bacteria;Bacillota;Bacilli;Lactobacillales;Streptococcaceae;Streptococcus;Streptococcus;Otu1535;;;;;;;;;;;;;;;;;;
Otu1536;Bacteria;Bacteroidota;Bacteroidia;Bacteroidales;Bacteroidaceae;Phocaeicola;Phocaeicola;Otu1536;;;;;;;;;;;;;;;;;;
Otu1537;Bacteria;Bacillota_A;Clostridia;Oscillospirales;Oscillospiraceae;Faecousia;Faecousia sp000434635;Otu1537;;;;;;;;;;;;;;;;;;
Otu1542;Bacteria;Bacillota_A;Clostridia;Lachnospirales;Lachnospiraceae;Agathobacter;Agathobacter;Otu1542;;;;;;;;;;;;;;;;;;
Otu1543;Bacteria;Bacteroidota;Bacteroidia;Bacteroidales;Bacteroidaceae;Bacteroides;Bacteroides eggerthii;Otu1543;;;;;;;;;;;;;;;;;;
Otu1544;Bacteria;Bacillota_A;Clostridia;Lachnospirales;Lachnospiraceae;Lachnospiraceae;Lachnospiraceae;Otu1544;;;;;;;;;;;;;;;;;;
Otu1545;Bacteria;Bacteroidota;Bacteroidia;Bacteroidales;Bacteroidaceae;Bacteroides;Bacteroides;Otu1545;;;;;;;;;;;;;;;;;;
Otu1546;Bacteria;Bacillota_C;Negativicutes;Veillonellales;Veillonellaceae;Veillonella;Veillonella;Otu1546;;;;;;;;;;;;;;;;;;
Otu1554;Bacteria;Bacillota_A;Clostridia;Clostridia;Clostridia;Clostridia;Clostridia;Otu1554;;;;;;;;;;;;;;;;;;
Otu1555;Bacteria;Bacillota_A;Clostridia;Lachnospirales;Lachnospiraceae;Blautia_A;Blautia_A wexlerae;Otu1555;;;;;;;;;;;;;;;;;;
Otu1561;Bacteria;Bacillota_A;Clostridia;Oscillospirales;Ruminococcaceae;Ruminococcaceae;Ruminococcaceae;Otu1561;;;;;;;;;;;;;;;;;;
Otu1563;Bacteria;Acidobacteriota;Terriglobia;Acidoferrales;UBA7541;Acidoferrum;Acidoferrum sp003225295;Otu1563;;;;;;;;;;;;;;;;;;
Otu1564;Bacteria;Bacillota_A;Clostridia;Oscillospirales;Oscillospiraceae;Oscillospiraceae;Oscillospiraceae;Otu1564;;;;;;;;;;;;;;;;;;
Otu1565;Bacteria;Bacillota_A;Clostridia;Lachnospirales;Lachnospiraceae;Fusicatenibacter;Fusicatenibacter saccharivorans;Otu1565;;;;;;;;;;;;;;;;;;
Otu1566;Bacteria;Bacillota_A;Clostridia;Lachnospirales;Lachnospiraceae;Agathobacter;Agathobacter sp900543445;Otu1566;;;;;;;;;;;;;;;;;;
Otu1567;Bacteria;Bacillota_A;Clostridia;Oscillospirales;Ruminococcaceae;Negativibacillus;Negativibacillus;Otu1567;;;;;;;;;;;;;;;;;;
Otu1568;Bacteria;Bacillota_A;Clostridia;Oscillospirales;Oscillospirales;Oscillospirales;Oscillospirales;Otu1568;;;;;;;;;;;;;;;;;;
Otu1570;Bacteria;Bacillota_A;Clostridia;Lachnospirales;Lachnospiraceae;Lachnospiraceae;Lachnospiraceae;Otu1570;;;;;;;;;;;;;;;;;;
Otu1571;Bacteria;Bacillota_A;Clostridia;Clostridia;Clostridia;Clostridia;Clostridia;Otu1571;;;;;;;;;;;;;;;;;;
Otu1576;Bacteria;Bacillota_A;Clostridia;Lachnospirales;Lachnospiraceae;Fusicatenibacter;Fusicatenibacter saccharivorans;Otu1576;;;;;;;;;;;;;;;;;;
Otu1578;Bacteria;Bacillota_A;Clostridia;Lachnospirales;Lachnospiraceae;Agathobacter;Agathobacter rectalis;Otu1578;;;;;;;;;;;;;;;;;;
Otu1579;Bacteria;Bacillota_A;Clostridia;Lachnospirales;Lachnospiraceae;Lachnospiraceae;Lachnospiraceae;Otu1579;;;;;;;;;;;;;;;;;;
Otu1580;Bacteria;Bacteroidota;Bacteroidia;Bacteroidales;Bacteroidaceae;Bacteroides;Bacteroides;Otu1580;;;;;;;;;;;;;;;;;;
Otu1581;Bacteria;Bacillota_A;Clostridia;Lachnospirales;Lachnospiraceae;Lachnospiraceae;Lachnospiraceae;Otu1581;;;;;;;;;;;;;;;;;;
Otu1584;Bacteria;Bacillota_A;Clostridia;Oscillospirales;Oscillospiraceae;Vescimonas;Vescimonas;Otu1584;;;;;;;;;;;;;;;;;;
Otu1585;Bacteria;Bacillota_A;Clostridia;Lachnospirales;Lachnospiraceae;Lachnospiraceae;Lachnospiraceae;Otu1585;;;;;;;;;;;;;;;;;;
Otu1586;Bacteria;Bacillota_A;Clostridia;Lachnospirales;Lachnospiraceae;Blautia_A;Blautia_A;Otu1586;;;;;;;;;;;;;;;;;;
Otu1587;Bacteria;Bacillota_A;Clostridia;Lachnospirales;Lachnospiraceae;Lachnospiraceae;Lachnospiraceae;Otu1587;;;;;;;;;;;;;;;;;;
Otu1588;Bacteria;Bacillota_A;Clostridia;Lachnospirales;Lachnospiraceae;Eubacterium_G;Eubacterium_G segne;Otu1588;;;;;;;;;;;;;;;;;;
Otu1590;Bacteria;Bacillota_A;Clostridia;Oscillospirales;Oscillospiraceae;Oscillospiraceae;Oscillospiraceae;Otu1590;;;;;;;;;;;;;;;;;;
Otu1591;Bacteria;Bacteroidota;Bacteroidia;Bacteroidales;Bacteroidaceae;Phocaeicola;Phocaeicola vulgatus;Otu1591;;;;;;;;;;;;;;;;;;
Otu1592;Bacteria;Actinomycetota;Coriobacteriia;Coriobacteriales;QAMH01;QAMH01;QAMH01 sp900544245;Otu1592;;;;;;;;;;;;;;;;;;
Otu1596;Bacteria;Bacillota_A;Clostridia;Oscillospirales;Oscillospiraceae;Hominicoprocola;Hominicoprocola sp900317525;Otu1596;;;;;;;;;;;;;;;;;;
Otu1597;Bacteria;Bacillota_A;Clostridia;Oscillospirales;Oscillospiraceae;Oscillospiraceae;Oscillospiraceae;Otu1597;;;;;;;;;;;;;;;;;;
Otu1598;Bacteria;Bacillota_A;Clostridia;Oscillospirales;Acutalibacteraceae;CAG-177;CAG-177 sp003538135;Otu1598;;;;;;;;;;;;;;;;;;
Otu1599;Bacteria;Bacillota_A;Clostridia;Lachnospirales;Lachnospiraceae;Hominisplanchenecus;Hominisplanchenecus faecis;Otu1599;;;;;;;;;;;;;;;;;;
Otu1600;Bacteria;Bacillota_A;Clostridia;Lachnospirales;Lachnospiraceae;Lachnospiraceae;Lachnospiraceae;Otu1600;;;;;;;;;;;;;;;;;;
Otu1601;Bacteria;Bacteroidota;Bacteroidia;Bacteroidales;Bacteroidaceae;Phocaeicola;Phocaeicola vulgatus;Otu1601;;;;;;;;;;;;;;;;;;
Otu1605;Bacteria;Bacillota_A;Clostridia;Clostridia;Clostridia;Clostridia;Clostridia;Otu1605;;;;;;;;;;;;;;;;;;
Otu1606;Bacteria;Bacillota_A;Clostridia;Oscillospirales;Acutalibacteraceae;Hominenteromicrobium;Hominenteromicrobium mulieris;Otu1606;;;;;;;;;;;;;;;;;;
Otu1610;Bacteria;Bacillota_A;Clostridia;Peptostreptococcales;Anaerovoracaceae;Lentihominibacter;Lentihominibacter;Otu1610;;;;;;;;;;;;;;;;;;
Otu1612;Bacteria;Bacillota_A;Clostridia;Lachnospirales;Lachnospiraceae;Lachnospiraceae;Lachnospiraceae;Otu1612;;;;;;;;;;;;;;;;;;
Otu1614;Bacteria;Bacillota_A;Clostridia;Lachnospirales;Lachnospiraceae;Lachnospiraceae;Lachnospiraceae;Otu1614;;;;;;;;;;;;;;;;;;
Otu1615;Bacteria;Bacillota_A;Clostridia;Lachnospirales;Lachnospiraceae;Eubacterium_I;Eubacterium_I ramulus;Otu1615;;;;;;;;;;;;;;;;;;
Otu1616;Bacteria;Bacillota_A;Clostridia;Lachnospirales;Lachnospiraceae;Enterocloster;Enterocloster sp000431375;Otu1616;;;;;;;;;;;;;;;;;;
Otu1621;Bacteria;Bacteroidota;Bacteroidia;Bacteroidales;Bacteroidaceae;Phocaeicola;Phocaeicola vulgatus;Otu1621;;;;;;;;;;;;;;;;;;
Otu1622;Bacteria;Pseudomonadota;Gammaproteobacteria;Enterobacterales;Vibrionaceae;Vibrio;Vibrio;Otu1622;;;;;;;;;;;;;;;;;;
Otu1624;Bacteria;Bacillota_C;Negativicutes;Selenomonadales;Selenomonadaceae;Megamonas;Megamonas funiformis;Otu1624;;;;;;;;;;;;;;;;;;
Otu1625;Bacteria;Bacillota_A;Clostridia;Oscillospirales;Oscillospiraceae;Hominicoprocola;Hominicoprocola sp900317525;Otu1625;;;;;;;;;;;;;;;;;;
Otu1626;Bacteria;Bacillota_A;Clostridia;Lachnospirales;Lachnospiraceae;Blautia_A;Blautia_A difficilis;Otu1626;;;;;;;;;;;;;;;;;;
Otu1628;Bacteria;Bacillota_A;Clostridia;Lachnospirales;Lachnospiraceae;Blautia_A;Blautia_A;Otu1628;;;;;;;;;;;;;;;;;;
Otu1631;Bacteria;Bacillota_A;Clostridia;Lachnospirales;Lachnospiraceae;Enterocloster;Enterocloster sp000431375;Otu1631;;;;;;;;;;;;;;;;;;
Otu1632;Bacteria;Bacillota_A;Clostridia;Lachnospirales;Lachnospiraceae;Agathobacter;Agathobacter;Otu1632;;;;;;;;;;;;;;;;;;
Otu1633;Bacteria;Bacillota_A;Clostridia;Lachnospirales;Lachnospiraceae;Coprococcus_A;Coprococcus_A catus;Otu1633;;;;;;;;;;;;;;;;;;
Otu1634;Bacteria;Bacteroidota;Bacteroidia;Bacteroidales;Bacteroidaceae;Bacteroides;Bacteroides;Otu1634;;;;;;;;;;;;;;;;;;
Otu1637;Bacteria;Bacillota_A;Clostridia;Lachnospirales;Lachnospiraceae;Agathobacter;Agathobacter;Otu1637;;;;;;;;;;;;;;;;;;
Otu1638;Bacteria;Bacillota_A;Clostridia;Lachnospirales;Lachnospiraceae;UBA3402;UBA3402 sp003478355;Otu1638;;;;;;;;;;;;;;;;;;
Otu1640;Bacteria;Bacillota_A;Clostridia;Lachnospirales;Lachnospiraceae;Lachnospiraceae;Lachnospiraceae;Otu1640;;;;;;;;;;;;;;;;;;
Otu1643;Bacteria;Bacteroidota;Bacteroidia;Bacteroidales;Bacteroidaceae;Phocaeicola;Phocaeicola vulgatus;Otu1643;;;;;;;;;;;;;;;;;;
Otu1644;Bacteria;Bacillota_A;Clostridia;Lachnospirales;Lachnospiraceae;Coprococcus_A;Coprococcus_A catus_A;Otu1644;;;;;;;;;;;;;;;;;;
Otu1645;Bacteria;Bacillota_A;Clostridia;Lachnospirales;Lachnospiraceae;Massilistercora;Massilistercora sp902406105;Otu1645;;;;;;;;;;;;;;;;;;
Otu1646;Bacteria;Bacillota_A;Clostridia;Lachnospirales;Lachnospiraceae;Lachnospiraceae;Lachnospiraceae;Otu1646;;;;;;;;;;;;;;;;;;
Otu1647;Bacteria;Bacillota_A;Clostridia;Lachnospirales;Lachnospiraceae;Dorea_A;Dorea_A;Otu1647;;;;;;;;;;;;;;;;;;
Otu1648;Bacteria;Bacillota_A;Clostridia;Lachnospirales;Lachnospiraceae;Lachnospiraceae;Lachnospiraceae;Otu1648;;;;;;;;;;;;;;;;;;
Otu1649;Bacteria;Bacillota_A;Clostridia;Oscillospirales;Ruminococcaceae;Ruminococcaceae;Ruminococcaceae;Otu1649;;;;;;;;;;;;;;;;;;
Otu1650;Bacteria;Bacillota_A;Clostridia;Lachnospirales;Lachnospiraceae;UBA3402;UBA3402 sp003478355;Otu1650;;;;;;;;;;;;;;;;;;
Otu1652;Bacteria;Bacteroidota;Bacteroidia;Bacteroidales;Bacteroidaceae;Bacteroides;Bacteroides stercoris_A;Otu1652;;;;;;;;;;;;;;;;;;
Otu1653;Bacteria;Bacillota_A;Clostridia;Lachnospirales;Lachnospiraceae;Fusicatenibacter;Fusicatenibacter saccharivorans;Otu1653;;;;;;;;;;;;;;;;;;
Otu1654;Bacteria;Bacillota_A;Clostridia;Oscillospirales;Oscillospiraceae;Faecousia;Faecousia sp000435995;Otu1654;;;;;;;;;;;;;;;;;;
Otu1655;Bacteria;Bacteroidota;Bacteroidia;Bacteroidales;Bacteroidaceae;Phocaeicola;Phocaeicola;Otu1655;;;;;;;;;;;;;;;;;;
Otu1657;Bacteria;Bacillota_A;Clostridia;Lachnospirales;Lachnospiraceae;Wujia;Wujia chipingensis;Otu1657;;;;;;;;;;;;;;;;;;
Otu1658;Bacteria;Bacillota_A;Clostridia;Lachnospirales;Lachnospiraceae;Bariatricus;Bariatricus;Otu1658;;;;;;;;;;;;;;;;;;
Otu1659;Bacteria;Bacteroidota;Bacteroidia;Bacteroidales;Bacteroidaceae;Phocaeicola;Phocaeicola coprophilus;Otu1659;;;;;;;;;;;;;;;;;;
Otu1660;Bacteria;Acidobacteriota;Terriglobia;Terriglobales;SbA1;SbA1;SbA1;Otu1660;;;;;;;;;;;;;;;;;;
Otu1661;Bacteria;Bacillota_A;Clostridia;TANB77;CAG-508;CAG-508;CAG-508;Otu1661;;;;;;;;;;;;;;;;;;
Otu1662;Bacteria;Bacillota_A;Clostridia;Lachnospirales;Lachnospiraceae;Lachnospiraceae;Lachnospiraceae;Otu1662;;;;;;;;;;;;;;;;;;
Otu1663;Bacteria;Bacillota_A;Clostridia;Oscillospirales;Ruminococcaceae;Youxingia;Youxingia wuxianensis;Otu1663;;;;;;;;;;;;;;;;;;
Otu1665;Bacteria;Bacillota_A;Clostridia;Lachnospirales;Lachnospiraceae;Lachnospiraceae;Lachnospiraceae;Otu1665;;;;;;;;;;;;;;;;;;
Otu1666;Bacteria;Bacillota_A;Clostridia;Lachnospirales;Lachnospiraceae;Lachnospiraceae;Lachnospiraceae;Otu1666;;;;;;;;;;;;;;;;;;
Otu1668;Bacteria;Bacillota_A;Clostridia;Oscillospirales;Acutalibacteraceae;Ruminococcus_E;Ruminococcus_E intestinalis;Otu1668;;;;;;;;;;;;;;;;;;
Otu1669;Bacteria;Bacillota_A;Clostridia;Oscillospirales;Ruminococcaceae;Ruminococcaceae;Ruminococcaceae;Otu1669;;;;;;;;;;;;;;;;;;
Otu1670;Bacteria;Bacillota_A;Clostridia;Lachnospirales;Lachnospiraceae;Agathobacter;Agathobacter;Otu1670;;;;;;;;;;;;;;;;;;
Otu1673;Bacteria;Bacteroidota;Bacteroidia;Bacteroidales;Tannerellaceae;Parabacteroides;Parabacteroides merdae;Otu1673;;;;;;;;;;;;;;;;;;
Otu1674;Bacteria;Bacillota_A;Clostridia;Lachnospirales;Lachnospiraceae;Lachnoclostridium_B;Lachnoclostridium_B ammoniilytica;Otu1674;;;;;;;;;;;;;;;;;;
Otu1675;Bacteria;Bacillota_A;Clostridia;Oscillospirales;Ruminococcaceae;Ruminococcaceae;Ruminococcaceae;Otu1675;;;;;;;;;;;;;;;;;;
Otu1676;Bacteria;Bacillota_A;Clostridia;Oscillospirales;Acutalibacteraceae;CAG-177;CAG-177 sp003538135;Otu1676;;;;;;;;;;;;;;;;;;
Otu1679;Bacteria;Bacillota_A;Clostridia;Lachnospirales;Lachnospiraceae;Schaedlerella;Schaedlerella glycyrrhizinilytica_A;Otu1679;;;;;;;;;;;;;;;;;;
Otu1680;Bacteria;Bacillota_A;Clostridia;Oscillospirales;Oscillospiraceae;Dysosmobacter;Dysosmobacter;Otu1680;;;;;;;;;;;;;;;;;;
Otu1681;Bacteria;Bacillota_A;Clostridia;Lachnospirales;Lachnospiraceae;Schaedlerella;Schaedlerella;Otu1681;;;;;;;;;;;;;;;;;;
Otu1682;Bacteria;Bacillota_A;Clostridia;Lachnospirales;Lachnospiraceae;Lachnospiraceae;Lachnospiraceae;Otu1682;;;;;;;;;;;;;;;;;;
Otu1683;Bacteria;Bacillota_A;Clostridia;Lachnospirales;Lachnospiraceae;Lachnospiraceae;Lachnospiraceae;Otu1683;;;;;;;;;;;;;;;;;;
Otu1687;Bacteria;Bacillota_A;Clostridia;Lachnospirales;Lachnospiraceae;Lachnospiraceae;Lachnospiraceae;Otu1687;;;;;;;;;;;;;;;;;;
Otu1688;Bacteria;Bacillota_A;Clostridia;Lachnospirales;Lachnospiraceae;Fusicatenibacter;Fusicatenibacter saccharivorans;Otu1688;;;;;;;;;;;;;;;;;;
Otu1692;Bacteria;Bacillota_A;Clostridia;Clostridia;Clostridia;Clostridia;Clostridia;Otu1692;;;;;;;;;;;;;;;;;;
Otu1694;Bacteria;Bacillota_A;Clostridia;Oscillospirales;Acutalibacteraceae;Hominenteromicrobium;Hominenteromicrobium mulieris;Otu1694;;;;;;;;;;;;;;;;;;
Otu1695;Bacteria;Bacillota_A;Clostridia;Lachnospirales;Lachnospiraceae;Alitiscatomonas;Alitiscatomonas sp900066055;Otu1695;;;;;;;;;;;;;;;;;;
Otu1700;Bacteria;Bacteroidota;Bacteroidia;Bacteroidales;Tannerellaceae;Parabacteroides;Parabacteroides distasonis;Otu1700;;;;;;;;;;;;;;;;;;
Otu1702;Bacteria;Bacillota_A;Clostridia;Lachnospirales;Lachnospiraceae;Lachnospiraceae;Lachnospiraceae;Otu1702;;;;;;;;;;;;;;;;;;
Otu1703;Bacteria;Bacillota_A;Clostridia;Oscillospirales;Ruminococcaceae;Ruminiclostridium_E;Ruminiclostridium_E;Otu1703;;;;;;;;;;;;;;;;;;
Otu1705;Bacteria;Bacillota_A;Clostridia;Lachnospirales;Lachnospiraceae;Roseburia;Roseburia;Otu1705;;;;;;;;;;;;;;;;;;
Otu1706;Bacteria;Bacillota_A;Clostridia;Lachnospirales;Lachnospiraceae;Lachnospiraceae;Lachnospiraceae;Otu1706;;;;;;;;;;;;;;;;;;
Otu1707;Bacteria;Bacillota_A;Clostridia;Oscillospirales;Butyricicoccaceae;Agathobaculum;Agathobaculum hominis;Otu1707;;;;;;;;;;;;;;;;;;
Otu1708;Bacteria;Bacillota_A;Clostridia;Christensenellales;Christensenellaceae;Guopingia;Guopingia tenuis;Otu1708;;;;;;;;;;;;;;;;;;
Otu1712;Bacteria;Bacteroidota;Bacteroidia;Bacteroidales;Bacteroidaceae;Bacteroides;Bacteroides sp019412865;Otu1712;;;;;;;;;;;;;;;;;;
Otu1714;Bacteria;Bacillota_A;Clostridia;Lachnospirales;Lachnospiraceae;Blautia_A;Blautia_A;Otu1714;;;;;;;;;;;;;;;;;;
Otu1718;Bacteria;Bacillota_A;Clostridia;Oscillospirales;Ruminococcaceae;Ruminococcaceae;Ruminococcaceae;Otu1718;;;;;;;;;;;;;;;;;;
Otu1720;Bacteria;Pseudomonadota;Alphaproteobacteria;RF32;CAG-239;RUG410;RUG410 sp900769705;Otu1720;;;;;;;;;;;;;;;;;;
Otu1721;Bacteria;Bacteroidota;Bacteroidia;Bacteroidales;Bacteroidaceae;Phocaeicola;Phocaeicola;Otu1721;;;;;;;;;;;;;;;;;;
Otu1725;Bacteria;Bacillota_A;Clostridia;Oscillospirales;Ruminococcaceae;Huintestinicola;Huintestinicola butyrica;Otu1725;;;;;;;;;;;;;;;;;;
Otu1728;Bacteria;Actinomycetota;Actinomycetes;Actinomycetales;Actinomycetaceae;Pauljensenia;Pauljensenia turicensis_B;Otu1728;;;;;;;;;;;;;;;;;;
Otu1729;Bacteria;Bacillota_A;Clostridia;Lachnospirales;Lachnospiraceae;Blautia_A;Blautia_A wexlerae;Otu1729;;;;;;;;;;;;;;;;;;
Otu1730;Bacteria;Bacillota_A;Clostridia;Lachnospirales;Lachnospiraceae;Blautia_A;Blautia_A;Otu1730;;;;;;;;;;;;;;;;;;
Otu1731;Bacteria;Bacteroidota;Bacteroidia;Bacteroidales;Bacteroidaceae;Bacteroides;Bacteroides;Otu1731;;;;;;;;;;;;;;;;;;
Otu1732;Bacteria;Bacillota_A;Clostridia;Lachnospirales;Lachnospiraceae;Mediterraneibacter;Mediterraneibacter faecis;Otu1732;;;;;;;;;;;;;;;;;;
Otu1734;Bacteria;Bacillota;Bacilli;Lactobacillales;Lactobacillaceae;Leuconostoc;Leuconostoc;Otu1734;;;;;;;;;;;;;;;;;;
Otu1735;Bacteria;Bacillota_A;Clostridia;Lachnospirales;Lachnospiraceae;Blautia_A;Blautia_A;Otu1735;;;;;;;;;;;;;;;;;;
Otu1740;Bacteria;Bacteroidota;Bacteroidia;Bacteroidales;Bacteroidaceae;Phocaeicola;Phocaeicola vulgatus;Otu1740;;;;;;;;;;;;;;;;;;
Otu1741;Bacteria;Bacillota_A;Clostridia;Lachnospirales;Lachnospiraceae;Acetatifactor;Acetatifactor intestinalis;Otu1741;;;;;;;;;;;;;;;;;;
Otu1742;Bacteria;Bacillota_A;Clostridia;Peptostreptococcales;Anaerovoracaceae;CAG-238;CAG-238 sp900542245;Otu1742;;;;;;;;;;;;;;;;;;
Otu1744;Bacteria;Actinomycetota;Actinomycetes;Actinomycetales;Bifidobacteriaceae;Bifidobacterium;Bifidobacterium;Otu1744;;;;;;;;;;;;;;;;;;
Otu1747;Bacteria;Bacillota_A;Clostridia;Lachnospirales;Lachnospiraceae;Eubacterium_F;Eubacterium_F sp000433735;Otu1747;;;;;;;;;;;;;;;;;;
Otu1748;Bacteria;Bacillota;Bacilli;Lactobacillales;Lactobacillaceae;Weissella;Weissella cibaria;Otu1748;;;;;;;;;;;;;;;;;;
Otu1749;Bacteria;Bacillota_A;Clostridia;Lachnospirales;Lachnospiraceae;Eubacterium_I;Eubacterium_I;Otu1749;;;;;;;;;;;;;;;;;;
Otu1750;Bacteria;Bacillota_A;Clostridia;Oscillospirales;Oscillospiraceae;Flavonifractor;Flavonifractor plautii;Otu1750;;;;;;;;;;;;;;;;;;
Otu1754;Bacteria;Bacillota_A;Clostridia;Lachnospirales;Lachnospiraceae;Butyrivibrio_A;Butyrivibrio_A crossotus;Otu1754;;;;;;;;;;;;;;;;;;
Otu1756;Bacteria;Bacillota_A;Clostridia;Lachnospirales;Lachnospiraceae;Roseburia;Roseburia hominis;Otu1756;;;;;;;;;;;;;;;;;;
Otu1757;Bacteria;Bacillota_A;Clostridia;Lachnospirales;Lachnospiraceae;Roseburia;Roseburia inulinivorans;Otu1757;;;;;;;;;;;;;;;;;;
Otu1758;Bacteria;Bacteroidota;Bacteroidia;Bacteroidales;Bacteroidaceae;Prevotella;Prevotella;Otu1758;;;;;;;;;;;;;;;;;;
Otu1760;Bacteria;Bacillota_A;Clostridia;Peptostreptococcales;Peptostreptococcaceae;Peptostreptococcaceae;Peptostreptococcaceae;Otu1760;;;;;;;;;;;;;;;;;;
Otu1761;Bacteria;Bacillota_A;Clostridia;Lachnospirales;Lachnospiraceae;Limivivens;Limivivens faecihominis;Otu1761;;;;;;;;;;;;;;;;;;
Otu1762;Bacteria;Bacillota_A;Clostridia;Lachnospirales;Lachnospiraceae;Gallintestinimicrobium;Gallintestinimicrobium propionicum;Otu1762;;;;;;;;;;;;;;;;;;
Otu1763;Bacteria;Bacteroidota;Bacteroidia;Bacteroidales;Bacteroidaceae;Bacteroidaceae;Bacteroidaceae;Otu1763;;;;;;;;;;;;;;;;;;
Otu1764;Bacteria;Bacillota_A;Clostridia;Lachnospirales;Lachnospiraceae;Blautia_A;Blautia_A faecis;Otu1764;;;;;;;;;;;;;;;;;;
Otu1765;Bacteria;Bacteroidota;Bacteroidia;Bacteroidales;G3-4614;Caccoplasma_A;Caccoplasma_A merdipullorum;Otu1765;;;;;;;;;;;;;;;;;;
Otu1768;Bacteria;Bacillota_A;Clostridia;Lachnospirales;Lachnospiraceae;Roseburia;Roseburia inulinivorans;Otu1768;;;;;;;;;;;;;;;;;;
Otu1770;Bacteria;Bacillota_A;Clostridia;Lachnospirales;Lachnospiraceae;Blautia_A;Blautia_A sp900066335;Otu1770;;;;;;;;;;;;;;;;;;
Otu1772;Bacteria;Bacillota_A;Clostridia;Lachnospirales;Lachnospiraceae;Lachnospiraceae;Lachnospiraceae;Otu1772;;;;;;;;;;;;;;;;;;
Otu1775;Bacteria;Bacillota_A;Clostridia;Oscillospirales;Ruminococcaceae;Ruminococcaceae;Ruminococcaceae;Otu1775;;;;;;;;;;;;;;;;;;
Otu1777;Bacteria;Bacillota_A;Clostridia;Lachnospirales;Lachnospiraceae;Agathobacter;Agathobacter;Otu1777;;;;;;;;;;;;;;;;;;
Otu1781;Bacteria;Bacteroidota;Bacteroidia;Bacteroidales;Bacteroidaceae;Phocaeicola;Phocaeicola;Otu1781;;;;;;;;;;;;;;;;;;
Otu1782;Bacteria;Bacillota_A;Clostridia;Lachnospirales;Lachnospiraceae;Anaerostipes;Anaerostipes;Otu1782;;;;;;;;;;;;;;;;;;
Otu1783;Bacteria;Bacillota_A;Clostridia;Lachnospirales;Lachnospiraceae;Lachnospiraceae;Lachnospiraceae;Otu1783;;;;;;;;;;;;;;;;;;
Otu1785;Bacteria;Bacillota_A;Clostridia;Lachnospirales;Lachnospiraceae;Lachnospiraceae;Lachnospiraceae;Otu1785;;;;;;;;;;;;;;;;;;
Otu1787;Bacteria;Bacteria;Bacteria;Bacteria;Bacteria;Bacteria;Bacteria;Otu1787;;;;;;;;;;;;;;;;;;
Otu1789;Bacteria;Bacillota_A;Clostridia;Oscillospirales;Acutalibacteraceae;Ruminococcus_E;Ruminococcus_E;Otu1789;;;;;;;;;;;;;;;;;;
Otu1793;Bacteria;Bacillota_A;Clostridia;Oscillospirales;Ruminococcaceae;Hominimerdicola;Hominimerdicola aceti;Otu1793;;;;;;;;;;;;;;;;;;
Otu1797;Bacteria;Bacteroidota;Bacteroidia;Bacteroidales;Bacteroidaceae;Bacteroides;Bacteroides stercoris_A;Otu1797;;;;;;;;;;;;;;;;;;
Otu1798;Bacteria;Bacillota_A;Clostridia;Lachnospirales;Lachnospiraceae;Oliverpabstia;Oliverpabstia sp000432335;Otu1798;;;;;;;;;;;;;;;;;;
Otu1800;Bacteria;Bacillota_C;Negativicutes;Veillonellales;Dialisteraceae;Dialister;Dialister;Otu1800;;;;;;;;;;;;;;;;;;
Otu1801;Bacteria;Bacillota_A;Clostridia;Lachnospirales;Lachnospiraceae;Blautia_A;Blautia_A;Otu1801;;;;;;;;;;;;;;;;;;
Otu1803;Bacteria;Bacillota_A;Clostridia;Lachnospirales;Lachnospiraceae;Blautia_A;Blautia_A;Otu1803;;;;;;;;;;;;;;;;;;
Otu1812;Bacteria;Bacillota_A;Clostridia;Lachnospirales;Lachnospiraceae;Lachnospiraceae;Lachnospiraceae;Otu1812;;;;;;;;;;;;;;;;;;
Otu1813;Bacteria;Bacillota_A;Clostridia;Christensenellales;Aristaeellaceae;Ventricola;Ventricola sp900542395;Otu1813;;;;;;;;;;;;;;;;;;
Otu1814;Bacteria;Bacillota_A;Clostridia;Lachnospirales;Lachnospiraceae;Blautia_A;Blautia_A;Otu1814;;;;;;;;;;;;;;;;;;
Otu1817;Bacteria;Bacillota_A;Clostridia;Lachnospirales;Lachnospiraceae;Oliverpabstia;Oliverpabstia intestinalis;Otu1817;;;;;;;;;;;;;;;;;;
Otu1819;Bacteria;Bacillota_C;Negativicutes;Acidaminococcales;Acidaminococcaceae;Acidaminococcus;Acidaminococcus;Otu1819;;;;;;;;;;;;;;;;;;
Otu1821;Bacteria;Bacillota_A;Clostridia;Lachnospirales;Lachnospiraceae;Lachnospiraceae;Lachnospiraceae;Otu1821;;;;;;;;;;;;;;;;;;
Otu1822;Bacteria;Bacillota_A;Clostridia;Lachnospirales;Lachnospiraceae;Blautia_A;Blautia_A;Otu1822;;;;;;;;;;;;;;;;;;
Otu1823;Bacteria;Bacillota_A;Clostridia;Lachnospirales;Lachnospiraceae;Fusicatenibacter;Fusicatenibacter saccharivorans;Otu1823;;;;;;;;;;;;;;;;;;
Otu1824;Bacteria;Bacillota_A;Clostridia;Lachnospirales;Lachnospiraceae;Blautia_A;Blautia_A wexlerae;Otu1824;;;;;;;;;;;;;;;;;;
Otu1826;Bacteria;Bacillota_A;Clostridia;Lachnospirales;Lachnospiraceae;Lachnospira;Lachnospira;Otu1826;;;;;;;;;;;;;;;;;;
Otu1829;Bacteria;Bacillota_A;Clostridia;Christensenellales;Aristaeellaceae;Ventricola;Ventricola sp900542395;Otu1829;;;;;;;;;;;;;;;;;;
Otu1830;Bacteria;Bacillota_A;Clostridia;Oscillospirales;Ruminococcaceae;Faecalibacterium;Faecalibacterium prausnitzii_I;Otu1830;;;;;;;;;;;;;;;;;;
Otu1831;Bacteria;Bacillota_A;Clostridia;Lachnospirales;Lachnospiraceae;Lachnospiraceae;Lachnospiraceae;Otu1831;;;;;;;;;;;;;;;;;;
Otu1835;Bacteria;Bacillota_A;Clostridia;Lachnospirales;Lachnospiraceae;Lachnospiraceae;Lachnospiraceae;Otu1835;;;;;;;;;;;;;;;;;;
Otu1836;Bacteria;Bacillota_A;Clostridia;Lachnospirales;Lachnospiraceae;Laedolimicola;Laedolimicola ammoniilytica;Otu1836;;;;;;;;;;;;;;;;;;
Otu1838;Bacteria;Bacillota_A;Clostridia;Oscillospirales;Ruminococcaceae;Gemmiger;Gemmiger formicilis;Otu1838;;;;;;;;;;;;;;;;;;
Otu1839;Bacteria;Bacillota_A;Clostridia;Lachnospirales;Lachnospiraceae;Butyrivibrio_A;Butyrivibrio_A crossotus;Otu1839;;;;;;;;;;;;;;;;;;
Otu1841;Bacteria;Bacillota_A;Clostridia;Oscillospirales;Ruminococcaceae;Faecalibacterium;Faecalibacterium;Otu1841;;;;;;;;;;;;;;;;;;
Otu1843;Bacteria;Bacteroidota;Bacteroidia;Bacteroidales;Bacteroidaceae;Prevotella;Prevotella;Otu1843;;;;;;;;;;;;;;;;;;
Otu1845;Bacteria;Bacillota_A;Clostridia;Lachnospirales;Lachnospiraceae;Lachnospira;Lachnospira;Otu1845;;;;;;;;;;;;;;;;;;
Otu1849;Bacteria;Bacteroidota;Bacteroidia;Bacteroidales;Bacteroidaceae;Phocaeicola;Phocaeicola;Otu1849;;;;;;;;;;;;;;;;;;
Otu1850;Bacteria;Bacillota_A;Clostridia;Oscillospirales;Oscillospirales;Oscillospirales;Oscillospirales;Otu1850;;;;;;;;;;;;;;;;;;
Otu1851;Bacteria;Bacillota_A;Clostridia;Oscillospirales;Acutalibacteraceae;Acutalibacteraceae;Acutalibacteraceae;Otu1851;;;;;;;;;;;;;;;;;;
Otu1852;Bacteria;Bacillota_A;Clostridia;Lachnospirales;Lachnospiraceae;Roseburia_C;Roseburia_C amylophila;Otu1852;;;;;;;;;;;;;;;;;;
Otu1854;Bacteria;Bacillota_A;Clostridia;Lachnospirales;Lachnospiraceae;Limivivens;Limivivens faecihominis;Otu1854;;;;;;;;;;;;;;;;;;
Otu1855;Bacteria;Bacillota_A;Clostridia;Oscillospirales;Acutalibacteraceae;CAG-217;CAG-217 sp000436335;Otu1855;;;;;;;;;;;;;;;;;;
Otu1856;Bacteria;Bacillota_A;Clostridia;Lachnospirales;Lachnospiraceae;Lachnospira;Lachnospira;Otu1856;;;;;;;;;;;;;;;;;;
Otu1858;Bacteria;Bacillota_A;Clostridia;Oscillospirales;Oscillospiraceae;Hominicoprocola;Hominicoprocola sp900317525;Otu1858;;;;;;;;;;;;;;;;;;
Otu1860;Bacteria;Bacillota_A;Clostridia;Lachnospirales;Lachnospiraceae;Anthropogastromicrobium;Anthropogastromicrobium aceti;Otu1860;;;;;;;;;;;;;;;;;;
Otu1863;Bacteria;Bacillota_A;Clostridia;Lachnospirales;Lachnospiraceae;Agathobacter;Agathobacter;Otu1863;;;;;;;;;;;;;;;;;;
Otu1864;Bacteria;Bacillota_A;Clostridia;Oscillospirales;Acutalibacteraceae;Ruminococcus_E;Ruminococcus_E intestinalis;Otu1864;;;;;;;;;;;;;;;;;;
Otu1869;Bacteria;Bacteroidota;Bacteroidia;Bacteroidales;Bacteroidaceae;Prevotella;Prevotella;Otu1869;;;;;;;;;;;;;;;;;;
Otu1870;Bacteria;Bacteroidota;Bacteroidia;Bacteroidales;Rikenellaceae;Alistipes;Alistipes communis;Otu1870;;;;;;;;;;;;;;;;;;
Otu1872;Bacteria;Bacillota_A;Clostridia;Lachnospirales;Lachnospiraceae;Agathobacter;Agathobacter;Otu1872;;;;;;;;;;;;;;;;;;
Otu1873;Bacteria;Bacillota_A;Clostridia;Lachnospirales;Lachnospiraceae;Suilimivivens;Suilimivivens sp021628825;Otu1873;;;;;;;;;;;;;;;;;;
Otu1874;Bacteria;Bacillota_A;Clostridia;Oscillospirales;Oscillospiraceae;Oscillospiraceae;Oscillospiraceae;Otu1874;;;;;;;;;;;;;;;;;;
Otu1877;Bacteria;Actinomycetota;Coriobacteriia;Coriobacteriales;Coriobacteriaceae;Collinsella;Collinsella;Otu1877;;;;;;;;;;;;;;;;;;
Otu1880;Bacteria;Bacillota_A;Clostridia;Lachnospirales;Lachnospiraceae;Lachnospiraceae;Lachnospiraceae;Otu1880;;;;;;;;;;;;;;;;;;
Otu1881;Bacteria;Bacteroidota;Bacteroidia;Bacteroidales;Bacteroidaceae;Bacteroides;Bacteroides;Otu1881;;;;;;;;;;;;;;;;;;
Otu1882;Bacteria;Bacillota_A;Clostridia;Clostridiales;Clostridiaceae;Clostridium;Clostridium lentum;Otu1882;;;;;;;;;;;;;;;;;;
Otu1883;Bacteria;Bacillota_A;Clostridia;Lachnospirales;Lachnospiraceae;Eubacterium_G;Eubacterium_G sp000434315;Otu1883;;;;;;;;;;;;;;;;;;
Otu1888;Bacteria;Bacillota_A;Clostridia;Lachnospirales;Lachnospiraceae;Blautia_A;Blautia_A faecis;Otu1888;;;;;;;;;;;;;;;;;;
Otu1890;Bacteria;Bacillota_A;Clostridia;Lachnospirales;Lachnospiraceae;Blautia_A;Blautia_A acetigignens;Otu1890;;;;;;;;;;;;;;;;;;
Otu1892;Bacteria;Bacillota_A;Clostridia;Lachnospirales;Lachnospiraceae;Anaerostipes;Anaerostipes;Otu1892;;;;;;;;;;;;;;;;;;
Otu1895;Bacteria;Bacillota_A;Clostridia;Lachnospirales;Lachnospiraceae;Anthropogastromicrobium;Anthropogastromicrobium aceti;Otu1895;;;;;;;;;;;;;;;;;;
Otu1896;Bacteria;Bacillota_A;Clostridia;Lachnospirales;Lachnospiraceae;Blautia_A;Blautia_A faecis;Otu1896;;;;;;;;;;;;;;;;;;
Otu1897;Bacteria;Bacteroidota;Bacteroidia;Bacteroidales;Bacteroidaceae;Phocaeicola;Phocaeicola vulgatus;Otu1897;;;;;;;;;;;;;;;;;;
Otu1899;Bacteria;Bacteroidota;Bacteroidia;Bacteroidales;Bacteroidaceae;Bacteroides;Bacteroides;Otu1899;;;;;;;;;;;;;;;;;;
Otu1901;Bacteria;Bacillota_A;Clostridia;Lachnospirales;Lachnospiraceae;Eubacterium_F;Eubacterium_F sp003491505;Otu1901;;;;;;;;;;;;;;;;;;
Otu1902;Bacteria;Bacillota_A;Clostridia;Lachnospirales;Lachnospiraceae;Enterocloster;Enterocloster;Otu1902;;;;;;;;;;;;;;;;;;
Otu1903;Bacteria;Bacteroidota;Bacteroidia;Bacteroidales;Bacteroidaceae;Phocaeicola;Phocaeicola vulgatus;Otu1903;;;;;;;;;;;;;;;;;;
Otu1906;Bacteria;Bacillota_A;Clostridia;Christensenellales;CAG-314;CAG-314;CAG-314 sp900551395;Otu1906;;;;;;;;;;;;;;;;;;
Otu1907;Bacteria;Bacillota_A;Clostridia;Lachnospirales;Lachnospiraceae;Lachnospiraceae;Lachnospiraceae;Otu1907;;;;;;;;;;;;;;;;;;
Otu1909;Bacteria;Bacillota_A;Clostridia;Lachnospirales;Lachnospiraceae;Agathobacter;Agathobacter sp900543445;Otu1909;;;;;;;;;;;;;;;;;;
Otu1911;Bacteria;Bacillota_A;Clostridia;Lachnospirales;Lachnospiraceae;Anaerostipes;Anaerostipes;Otu1911;;;;;;;;;;;;;;;;;;
Otu1915;Bacteria;Bacillota_A;Clostridia;Christensenellales;Aristaeellaceae;UBA11524;UBA11524 sp000437595;Otu1915;;;;;;;;;;;;;;;;;;
Otu1916;Bacteria;Bacillota_A;Clostridia;Lachnospirales;Lachnospiraceae;Bariatricus;Bariatricus comes_A;Otu1916;;;;;;;;;;;;;;;;;;
Otu1917;Bacteria;Bacillota_A;Clostridia;Lachnospirales;Lachnospiraceae;Enterocloster;Enterocloster sp000431375;Otu1917;;;;;;;;;;;;;;;;;;
Otu1921;Bacteria;Bacillota_A;Clostridia;Lachnospirales;Lachnospiraceae;Lachnospira;Lachnospira;Otu1921;;;;;;;;;;;;;;;;;;
Otu1923;Bacteria;Bacillota_A;Clostridia;Lachnospirales;Lachnospiraceae;Lachnospiraceae;Lachnospiraceae;Otu1923;;;;;;;;;;;;;;;;;;
Otu1924;Bacteria;Bacillota_A;Clostridia;Lachnospirales;Lachnospiraceae;Lachnospiraceae;Lachnospiraceae;Otu1924;;;;;;;;;;;;;;;;;;
Otu1926;Bacteria;Bacillota_A;Clostridia;Lachnospirales;Lachnospiraceae;Scatomonas;Scatomonas hejianensis;Otu1926;;;;;;;;;;;;;;;;;;
Otu1928;Bacteria;Bacillota_A;Clostridia;Lachnospirales;Lachnospiraceae;Roseburia;Roseburia;Otu1928;;;;;;;;;;;;;;;;;;
Otu1929;Bacteria;Bacteroidota;Bacteroidia;Bacteroidales;Bacteroidaceae;Bacteroidaceae;Bacteroidaceae;Otu1929;;;;;;;;;;;;;;;;;;
Otu1935;Bacteria;Bacillota_A;Clostridia;Oscillospirales;Ruminococcaceae;Porcipelethomonas;Porcipelethomonas ammoniilytica;Otu1935;;;;;;;;;;;;;;;;;;
Otu1936;Bacteria;Bacillota_A;Clostridia;Oscillospirales;Ruminococcaceae;Negativibacillus;Negativibacillus sp905197685;Otu1936;;;;;;;;;;;;;;;;;;
Otu1938;Bacteria;Bacillota_A;Clostridia;Oscillospirales;Ruminococcaceae;Gemmiger;Gemmiger;Otu1938;;;;;;;;;;;;;;;;;;
Otu1939;Bacteria;Bacillota_A;Clostridia;Lachnospirales;Lachnospiraceae;Lachnospira;Lachnospira;Otu1939;;;;;;;;;;;;;;;;;;
Otu1942;Bacteria;Bacillota_A;Clostridia;Lachnospirales;Lachnospiraceae;Lachnospiraceae;Lachnospiraceae;Otu1942;;;;;;;;;;;;;;;;;;
Otu1943;Bacteria;Bacillota_A;Clostridia;Lachnospirales;Lachnospiraceae;Lachnospiraceae;Lachnospiraceae;Otu1943;;;;;;;;;;;;;;;;;;
Otu1944;Bacteria;Bacillota_A;Clostridia;Lachnospirales;Lachnospiraceae;Otoolea;Otoolea fessa;Otu1944;;;;;;;;;;;;;;;;;;
Otu1947;Bacteria;Bacillota_A;Clostridia;Lachnospirales;Lachnospiraceae;Brotaphodocola;Brotaphodocola sp003478505;Otu1947;;;;;;;;;;;;;;;;;;
Otu1950;Bacteria;Bacillota_A;Clostridia;Oscillospirales;Acutalibacteraceae;Fimenecus;Fimenecus sp000432435;Otu1950;;;;;;;;;;;;;;;;;;
Otu1952;Bacteria;Bacillota_A;Clostridia;TANB77;CAG-508;CAG-273;CAG-273 sp000435755;Otu1952;;;;;;;;;;;;;;;;;;
Otu1955;Bacteria;Bacillota_A;Clostridia;Lachnospirales;Lachnospiraceae;Blautia_A;Blautia_A;Otu1955;;;;;;;;;;;;;;;;;;
Otu1957;Bacteria;Bacillota_A;Clostridia;Lachnospirales;Lachnospiraceae;Lachnospiraceae;Lachnospiraceae;Otu1957;;;;;;;;;;;;;;;;;;
Otu1958;Bacteria;Bacillota;Bacilli;Staphylococcales;Staphylococcaceae;Macrococcus_B;Macrococcus_B;Otu1958;;;;;;;;;;;;;;;;;;
Otu1959;Bacteria;Bacillota_A;Clostridia;Lachnospirales;Lachnospiraceae;Blautia_A;Blautia_A difficilis;Otu1959;;;;;;;;;;;;;;;;;;
Otu1960;Bacteria;Bacillota_A;Clostridia;Lachnospirales;Lachnospiraceae;Acetatifactor;Acetatifactor intestinalis;Otu1960;;;;;;;;;;;;;;;;;;
Otu1961;Bacteria;Bacillota_A;Clostridia;Lachnospirales;Lachnospiraceae;Lachnospiraceae;Lachnospiraceae;Otu1961;;;;;;;;;;;;;;;;;;
Otu1963;Bacteria;Bacillota_A;Clostridia;Lachnospirales;Lachnospiraceae;Agathobacter;Agathobacter;Otu1963;;;;;;;;;;;;;;;;;;
Otu1964;Bacteria;Bacillota_A;Clostridia;Lachnospirales;Lachnospiraceae;Blautia_A;Blautia_A sp900066335;Otu1964;;;;;;;;;;;;;;;;;;
Otu1969;Bacteria;Bacillota_A;Clostridia;Lachnospirales;Lachnospiraceae;Blautia_A;Blautia_A;Otu1969;;;;;;;;;;;;;;;;;;
Otu1970;Bacteria;Bacillota_A;Clostridia;Lachnospirales;Lachnospiraceae;Lachnospiraceae;Lachnospiraceae;Otu1970;;;;;;;;;;;;;;;;;;
Otu1974;Bacteria;Bacillota_A;Clostridia;Lachnospirales;Lachnospiraceae;Laedolimicola;Laedolimicola ammoniilytica;Otu1974;;;;;;;;;;;;;;;;;;
Otu1982;Bacteria;Bacillota_A;Clostridia;Oscillospirales;Oscillospiraceae;Hominicoprocola;Hominicoprocola fusiformis;Otu1982;;;;;;;;;;;;;;;;;;
Otu1983;Bacteria;Bacillota_A;Clostridia;Oscillospirales;Oscillospiraceae;Dysosmobacter_A;Dysosmobacter_A hominis;Otu1983;;;;;;;;;;;;;;;;;;
Otu1984;Bacteria;Bacillota_A;Clostridia;Lachnospirales;Lachnospiraceae;Lachnospiraceae;Lachnospiraceae;Otu1984;;;;;;;;;;;;;;;;;;
Otu1985;Bacteria;Bacillota_A;Clostridia;Lachnospirales;Lachnospiraceae;Lachnospiraceae;Lachnospiraceae;Otu1985;;;;;;;;;;;;;;;;;;
Otu1987;Bacteria;Bacillota_A;Clostridia;Lachnospirales;Lachnospiraceae;Agathobacter;Agathobacter;Otu1987;;;;;;;;;;;;;;;;;;
Otu1989;Bacteria;Bacillota_A;Clostridia;Lachnospirales;Lachnospiraceae;UBA3402;UBA3402 sp003478355;Otu1989;;;;;;;;;;;;;;;;;;
Otu1990;Bacteria;Bacillota_A;Clostridia;Lachnospirales;Lachnospiraceae;Lachnospiraceae;Lachnospiraceae;Otu1990;;;;;;;;;;;;;;;;;;
Otu1992;Bacteria;Bacillota_A;Clostridia;Oscillospirales;CAG-272;UMGS1696;UMGS1696 sp900753285;Otu1992;;;;;;;;;;;;;;;;;;
Otu1993;Bacteria;Bacillota_A;Clostridia;Lachnospirales;Lachnospiraceae;Coprococcus_A;Coprococcus_A;Otu1993;;;;;;;;;;;;;;;;;;
Otu2000;Bacteria;Bacillota_A;Clostridia;UBA1381;UMGS1253;JAKJBW01;JAKJBW01 sp022706785;Otu2000;;;;;;;;;;;;;;;;;;
Otu2002;Bacteria;Bacteroidota;Bacteroidia;Bacteroidales;Bacteroidaceae;Paraprevotella;Paraprevotella clara;Otu2002;;;;;;;;;;;;;;;;;;
Otu2003;Bacteria;Bacillota_I;Bacilli_A;Erysipelotrichales;Coprobacillaceae;Faecalibacillus;Faecalibacillus intestinalis;Otu2003;;;;;;;;;;;;;;;;;;
Otu2008;Bacteria;Bacillota_A;Clostridia;TANB77;CAG-508;CAG-273;CAG-273 sp000435755;Otu2008;;;;;;;;;;;;;;;;;;
Otu2015;Bacteria;Bacillota_A;Clostridia;Lachnospirales;Lachnospiraceae;Anaerobutyricum;Anaerobutyricum hallii;Otu2015;;;;;;;;;;;;;;;;;;
Otu2019;Bacteria;Bacillota_A;Clostridia;Lachnospirales;Lachnospiraceae;Lachnoclostridium_B;Lachnoclostridium_B;Otu2019;;;;;;;;;;;;;;;;;;
Otu2021;Bacteria;Bacteroidota;Bacteroidia;Bacteroidales;Bacteroidaceae;Bacteroides;Bacteroides intestinigallinarum;Otu2021;;;;;;;;;;;;;;;;;;
Otu2022;Bacteria;Pseudomonadota;Alphaproteobacteria;RF32;CAG-239;51-20;51-20 sp910577095;Otu2022;;;;;;;;;;;;;;;;;;
Otu2027;Bacteria;Bacillota_A;Clostridia;Lachnospirales;Lachnospiraceae;Dorea_D;Dorea_D hominis;Otu2027;;;;;;;;;;;;;;;;;;
Otu2030;Bacteria;Bacillota_A;Clostridia;Lachnospirales;Lachnospiraceae;Acetatifactor;Acetatifactor intestinalis;Otu2030;;;;;;;;;;;;;;;;;;
Otu2033;Bacteria;Bacillota_A;Clostridia;Lachnospirales;Lachnospiraceae;Lachnospiraceae;Lachnospiraceae;Otu2033;;;;;;;;;;;;;;;;;;
Otu2034;Bacteria;Bacillota_A;Clostridia;Oscillospirales;Oscillospiraceae;Oscillospiraceae;Oscillospiraceae;Otu2034;;;;;;;;;;;;;;;;;;
Otu2035;Bacteria;Bacillota_A;Clostridia;Lachnospirales;Lachnospiraceae;Lachnospira;Lachnospira;Otu2035;;;;;;;;;;;;;;;;;;
Otu2038;Bacteria;Bacillota_A;Clostridia;Lachnospirales;Lachnospiraceae;Lachnospiraceae;Lachnospiraceae;Otu2038;;;;;;;;;;;;;;;;;;
Otu2039;Bacteria;Bacteroidota;Bacteroidia;Bacteroidales;Bacteroidaceae;Prevotella;Prevotella sp002265625;Otu2039;;;;;;;;;;;;;;;;;;
Otu2040;Bacteria;Bacillota_A;Clostridia;Oscillospirales;Acutalibacteraceae;Ruminococcus_E;Ruminococcus_E intestinalis;Otu2040;;;;;;;;;;;;;;;;;;
Otu2041;Bacteria;Bacillota_A;Clostridia;Oscillospirales;Oscillospiraceae;Vescimonas;Vescimonas fastidiosa;Otu2041;;;;;;;;;;;;;;;;;;
Otu2042;Bacteria;Bacillota_A;Clostridia;Oscillospirales;Ruminococcaceae;Gemmiger;Gemmiger formicilis;Otu2042;;;;;;;;;;;;;;;;;;
Otu2046;Bacteria;Bacillota_A;Clostridia;Clostridia;Clostridia;Clostridia;Clostridia;Otu2046;;;;;;;;;;;;;;;;;;
Otu2049;Bacteria;Bacteroidota;Bacteroidia;Bacteroidales;Bacteroidaceae;Bacteroides;Bacteroides;Otu2049;;;;;;;;;;;;;;;;;;
Otu2050;Bacteria;Bacteroidota;Bacteroidia;Bacteroidales;Bacteroidaceae;Prevotella;Prevotella ruminicola_A;Otu2050;;;;;;;;;;;;;;;;;;
Otu2051;Bacteria;Bacteroidota;Bacteroidia;Bacteroidales;Muribaculaceae;Muribaculaceae;Muribaculaceae;Otu2051;;;;;;;;;;;;;;;;;;
Otu2055;Bacteria;Bacteria;Bacteria;Bacteria;Bacteria;Bacteria;Bacteria;Otu2055;;;;;;;;;;;;;;;;;;
Otu2056;Bacteria;Bacillota_A;Clostridia;Oscillospirales;Oscillospiraceae;Oscillospiraceae;Oscillospiraceae;Otu2056;;;;;;;;;;;;;;;;;;
Otu2057;Bacteria;Bacillota_A;Clostridia;Lachnospirales;Lachnospiraceae;Lachnospiraceae;Lachnospiraceae;Otu2057;;;;;;;;;;;;;;;;;;
Otu2058;Bacteria;Bacillota_A;Clostridia;Lachnospirales;Lachnospiraceae;Fusicatenibacter;Fusicatenibacter saccharivorans;Otu2058;;;;;;;;;;;;;;;;;;
Otu2059;Bacteria;Bacillota_A;Clostridia;Lachnospirales;Lachnospiraceae;Blautia_A;Blautia_A;Otu2059;;;;;;;;;;;;;;;;;;
Otu2064;Bacteria;Bacillota_A;Clostridia;Lachnospirales;Lachnospiraceae;Lachnospiraceae;Lachnospiraceae;Otu2064;;;;;;;;;;;;;;;;;;
Otu2066;Bacteria;Bacteroidota;Bacteroidia;Bacteroidales;Bacteroidaceae;Bacteroides;Bacteroides;Otu2066;;;;;;;;;;;;;;;;;;
Otu2068;Bacteria;Bacillota_A;Clostridia;Oscillospirales;Oscillospiraceae;Vescimonas;Vescimonas sp000435555;Otu2068;;;;;;;;;;;;;;;;;;
Otu2071;Bacteria;Bacillota_A;Clostridia;Lachnospirales;Lachnospiraceae;Brotaphodocola;Brotaphodocola sp003478505;Otu2071;;;;;;;;;;;;;;;;;;
Otu2072;Bacteria;Verrucomicrobiota;Verrucomicrobiae;Verrucomicrobiales;Akkermansiaceae;Akkermansia;Akkermansia massiliensis;Otu2072;;;;;;;;;;;;;;;;;;
Otu2073;Bacteria;Bacillota_A;Clostridia;Oscillospirales;Acutalibacteraceae;Ruminococcus_E;Ruminococcus_E bromii;Otu2073;;;;;;;;;;;;;;;;;;
Otu2074;Bacteria;Bacillota_A;Clostridia;Lachnospirales;Lachnospiraceae;Lachnospiraceae;Lachnospiraceae;Otu2074;;;;;;;;;;;;;;;;;;
Otu2075;Bacteria;Bacillota_A;Clostridia;Lachnospirales;Lachnospiraceae;Lachnospiraceae;Lachnospiraceae;Otu2075;;;;;;;;;;;;;;;;;;
Otu2076;Bacteria;Bacillota_A;Clostridia;Lachnospirales;Lachnospiraceae;Lachnospiraceae;Lachnospiraceae;Otu2076;;;;;;;;;;;;;;;;;;
Otu2079;Bacteria;Bacillota_A;Clostridia;Lachnospirales;Lachnospiraceae;Blautia;Blautia stercoris;Otu2079;;;;;;;;;;;;;;;;;;
Otu2082;Bacteria;Bacillota_A;Clostridia;Lachnospirales;Lachnospiraceae;Hominisplanchenecus;Hominisplanchenecus faecis;Otu2082;;;;;;;;;;;;;;;;;;
Otu2085;Bacteria;Bacillota_A;Clostridia;Lachnospirales;Lachnospiraceae;Lachnospiraceae;Lachnospiraceae;Otu2085;;;;;;;;;;;;;;;;;;
Otu2086;Bacteria;Bacillota_A;Clostridia;Lachnospirales;Lachnospiraceae;Blautia_A;Blautia_A difficilis;Otu2086;;;;;;;;;;;;;;;;;;
Otu2089;Bacteria;Bacillota_A;Clostridia;Lachnospirales;Lachnospiraceae;Lachnospiraceae;Lachnospiraceae;Otu2089;;;;;;;;;;;;;;;;;;
Otu2090;Bacteria;Bacillota_A;Clostridia;Lachnospirales;Anaerotignaceae;Anaerotignum;Anaerotignum sp001304995;Otu2090;;;;;;;;;;;;;;;;;;
Otu2092;Bacteria;Bacillota_A;Clostridia;Lachnospirales;Lachnospiraceae;Agathobacter;Agathobacter;Otu2092;;;;;;;;;;;;;;;;;;
Otu2093;Bacteria;Bacillota_A;Clostridia;Oscillospirales;Acutalibacteraceae;Hydrogeniiclostridium;Hydrogeniiclostridium mannosilyticum;Otu2093;;;;;;;;;;;;;;;;;;
Otu2095;Bacteria;Bacillota_A;Clostridia;Christensenellales;Borkfalkiaceae;Scatosoma;Scatosoma;Otu2095;;;;;;;;;;;;;;;;;;
Otu2096;Bacteria;Bacillota_A;Clostridia;Lachnospirales;Lachnospiraceae;Agathobacter;Agathobacter;Otu2096;;;;;;;;;;;;;;;;;;
Otu2098;Bacteria;Bacillota;Bacilli;Lactobacillales;Lactobacillaceae;Limosilactobacillus;Limosilactobacillus reuteri_E;Otu2098;;;;;;;;;;;;;;;;;;
Otu2107;Bacteria;Bacteroidota;Bacteroidia;Bacteroidales;Bacteroidaceae;Phocaeicola;Phocaeicola;Otu2107;;;;;;;;;;;;;;;;;;
Otu2109;Bacteria;Bacillota_A;Clostridia;Lachnospirales;Lachnospiraceae;Eubacterium_I;Eubacterium_I ramulus;Otu2109;;;;;;;;;;;;;;;;;;
Otu2111;Bacteria;Bacillota_A;Clostridia;Lachnospirales;Lachnospiraceae;Eisenbergiella;Eisenbergiella tayi;Otu2111;;;;;;;;;;;;;;;;;;
Otu2113;Bacteria;Bacillota_A;Clostridia;Lachnospirales;Lachnospiraceae;Oliverpabstia;Oliverpabstia;Otu2113;;;;;;;;;;;;;;;;;;
Otu2114;Bacteria;Bacteroidota;Bacteroidia;Bacteroidales;Bacteroidaceae;Phocaeicola;Phocaeicola;Otu2114;;;;;;;;;;;;;;;;;;
Otu2115;Bacteria;Bacillota_A;Clostridia;Lachnospirales;Lachnospiraceae;Blautia_A;Blautia_A;Otu2115;;;;;;;;;;;;;;;;;;
Otu2116;Bacteria;Actinomycetota;Acidimicrobiia;Acidimicrobiales;Acidimicrobiales;Acidimicrobiales;Acidimicrobiales;Otu2116;;;;;;;;;;;;;;;;;;
Otu2117;Bacteria;Bacillota_I;Bacilli_A;RFN20;CAG-449;CAG-449;CAG-449;Otu2117;;;;;;;;;;;;;;;;;;
Otu2122;Bacteria;Bacillota_A;Clostridia;Lachnospirales;Lachnospiraceae;Lachnospiraceae;Lachnospiraceae;Otu2122;;;;;;;;;;;;;;;;;;
Otu2123;Bacteria;Bacillota_A;Clostridia;Lachnospirales;Lachnospiraceae;Blautia_A;Blautia_A;Otu2123;;;;;;;;;;;;;;;;;;
Otu2127;Bacteria;Bacillota_A;Clostridia;Lachnospirales;Lachnospiraceae;Eubacterium_G;Eubacterium_G segne;Otu2127;;;;;;;;;;;;;;;;;;
Otu2128;Bacteria;Bacillota_A;Clostridia;Lachnospirales;Lachnospiraceae;Laedolimicola;Laedolimicola ammoniilytica;Otu2128;;;;;;;;;;;;;;;;;;
Otu2129;Bacteria;Bacillota;Bacilli;Lactobacillales;Lactobacillaceae;Pediococcus;Pediococcus acidilactici;Otu2129;;;;;;;;;;;;;;;;;;
Otu2131;Bacteria;Bacillota_A;Clostridia;Lachnospirales;Lachnospiraceae;Roseburia;Roseburia inulinivorans;Otu2131;;;;;;;;;;;;;;;;;;
Otu2132;Bacteria;Bacillota_A;Clostridia;Oscillospirales;Acutalibacteraceae;CAG-177;CAG-177;Otu2132;;;;;;;;;;;;;;;;;;
Otu2135;Bacteria;Bacillota_A;Clostridia;TANB77;CAG-508;Merdicola;Merdicola sp900552655;Otu2135;;;;;;;;;;;;;;;;;;
Otu2137;Bacteria;Bacteroidota;Bacteroidia;Bacteroidales;Bacteroidaceae;Bacteroides;Bacteroides stercoris_A;Otu2137;;;;;;;;;;;;;;;;;;
Otu2139;Bacteria;Bacillota_A;Clostridia;Christensenellales;Borkfalkiaceae;Scatosoma;Scatosoma sp017626135;Otu2139;;;;;;;;;;;;;;;;;;
Otu2141;Bacteria;Bacillota_A;Clostridia;Oscillospirales;Oscillospiraceae;Vescimonas;Vescimonas fastidiosa;Otu2141;;;;;;;;;;;;;;;;;;
Otu2142;Bacteria;Bacillota_A;Clostridia;Lachnospirales;Lachnospiraceae;V9D3004;V9D3004 sp948472945;Otu2142;;;;;;;;;;;;;;;;;;
Otu2143;Bacteria;Bacillota_A;Clostridia;Lachnospirales;Lachnospiraceae;Lachnospira;Lachnospira;Otu2143;;;;;;;;;;;;;;;;;;
Otu2144;Bacteria;Bacillota_A;Clostridia;Christensenellales;Aristaeellaceae;Aristaeellaceae;Aristaeellaceae;Otu2144;;;;;;;;;;;;;;;;;;
Otu2146;Bacteria;Bacillota_A;Clostridia;Lachnospirales;Lachnospiraceae;Dorea;Dorea formicigenerans;Otu2146;;;;;;;;;;;;;;;;;;
Otu2148;Bacteria;Bacillota_A;Clostridia;Oscillospirales;Ruminococcaceae;Gemmiger;Gemmiger qucibialis;Otu2148;;;;;;;;;;;;;;;;;;
Otu2149;Bacteria;Bacillota_A;Clostridia;Oscillospirales;Ruminococcaceae;Hominimerdicola;Hominimerdicola aceti;Otu2149;;;;;;;;;;;;;;;;;;
Otu2150;Bacteria;Bacillota_A;Clostridia;Lachnospirales;Lachnospiraceae;Blautia_A;Blautia_A wexlerae;Otu2150;;;;;;;;;;;;;;;;;;
Otu2151;Bacteria;Bacillota_A;Clostridia;Oscillospirales;Acutalibacteraceae;Ruminococcus_E;Ruminococcus_E;Otu2151;;;;;;;;;;;;;;;;;;
Otu2153;Bacteria;Bacillota_A;Clostridia;Lachnospirales;Lachnospiraceae;Blautia_A;Blautia_A;Otu2153;;;;;;;;;;;;;;;;;;
Otu2157;Bacteria;Bacillota_A;Clostridia;Lachnospirales;Lachnospiraceae;Lachnospiraceae;Lachnospiraceae;Otu2157;;;;;;;;;;;;;;;;;;
Otu2158;Bacteria;Bacillota_A;Clostridia;Lachnospirales;Lachnospiraceae;Lachnospira;Lachnospira hominis;Otu2158;;;;;;;;;;;;;;;;;;
Otu2159;Bacteria;Bacillota_A;Clostridia;Lachnospirales;Lachnospiraceae;Blautia_A;Blautia_A;Otu2159;;;;;;;;;;;;;;;;;;
Otu2160;Bacteria;Bacteroidota;Bacteroidia;Bacteroidales;Bacteroidaceae;Bacteroides;Bacteroides;Otu2160;;;;;;;;;;;;;;;;;;
Otu2161;Bacteria;Bacillota_A;Clostridia;Oscillospirales;Oscillospiraceae;CAG-170;CAG-170 sp900549635;Otu2161;;;;;;;;;;;;;;;;;;
Otu2162;Bacteria;Bacillota_A;Clostridia;Lachnospirales;Lachnospiraceae;Blautia_A;Blautia_A;Otu2162;;;;;;;;;;;;;;;;;;
Otu2164;Bacteria;Bacillota_A;Clostridia;Oscillospirales;Oscillospiraceae;Oscillospiraceae;Oscillospiraceae;Otu2164;;;;;;;;;;;;;;;;;;
Otu2165;Bacteria;Bacillota_A;Clostridia;Eubacteriales;Anaerofustaceae;Anaerofustis;Anaerofustis stercorihominis;Otu2165;;;;;;;;;;;;;;;;;;
Otu2166;Bacteria;Bacillota;Bacilli;Lactobacillales;Lactobacillaceae;Limosilactobacillus;Limosilactobacillus gallistercoris;Otu2166;;;;;;;;;;;;;;;;;;
Otu2169;Bacteria;Bacillota_A;Clostridia;Oscillospirales;Oscillospirales;Oscillospirales;Oscillospirales;Otu2169;;;;;;;;;;;;;;;;;;
Otu2173;Bacteria;Bacillota_A;Clostridia;Lachnospirales;Lachnospiraceae;Coprococcus_A;Coprococcus_A catus;Otu2173;;;;;;;;;;;;;;;;;;
Otu2174;Bacteria;Bacillota_A;Clostridia;Lachnospirales;Lachnospiraceae;Oliverpabstia;Oliverpabstia faecicola;Otu2174;;;;;;;;;;;;;;;;;;
Otu2175;Bacteria;Bacillota_A;Clostridia;Lachnospirales;Lachnospiraceae;Lachnospiraceae;Lachnospiraceae;Otu2175;;;;;;;;;;;;;;;;;;
Otu2177;Bacteria;Bacillota_A;Clostridia;Lachnospirales;Lachnospiraceae;Blautia_A;Blautia_A;Otu2177;;;;;;;;;;;;;;;;;;
Otu2184;Bacteria;Bacillota_A;Clostridia;Lachnospirales;Lachnospiraceae;Roseburia;Roseburia;Otu2184;;;;;;;;;;;;;;;;;;
Otu2188;Bacteria;Bacillota_A;Clostridia;Lachnospirales;Anaerotignaceae;Anaerotignum;Anaerotignum sp001304995;Otu2188;;;;;;;;;;;;;;;;;;
Otu2190;Bacteria;Bacillota_A;Clostridia;Christensenellales;Aristaeellaceae;UBA11524;UBA11524 sp000437595;Otu2190;;;;;;;;;;;;;;;;;;
Otu2194;Bacteria;Bacteria;Bacteria;Bacteria;Bacteria;Bacteria;Bacteria;Otu2194;;;;;;;;;;;;;;;;;;
Otu2196;Bacteria;Bacillota_A;Clostridia;Lachnospirales;Lachnospiraceae;Mediterraneibacter;Mediterraneibacter;Otu2196;;;;;;;;;;;;;;;;;;
Otu2197;Bacteria;Bacillota_A;Clostridia;Lachnospirales;Bianqueaceae;Bianquea;Bianquea renquensis;Otu2197;;;;;;;;;;;;;;;;;;
Otu2200;Bacteria;Bacillota_A;Clostridia;Lachnospirales;Lachnospiraceae;Bariatricus;Bariatricus comes_A;Otu2200;;;;;;;;;;;;;;;;;;
Otu2201;Bacteria;Bacillota_A;Clostridia;Lachnospirales;Lachnospiraceae;Lachnospiraceae;Lachnospiraceae;Otu2201;;;;;;;;;;;;;;;;;;
Otu2203;Bacteria;Bacillota_A;Clostridia;Lachnospirales;Lachnospiraceae;Lachnospiraceae;Lachnospiraceae;Otu2203;;;;;;;;;;;;;;;;;;
Otu2214;Bacteria;Bacillota_A;Clostridia;Clostridia;Clostridia;Clostridia;Clostridia;Otu2214;;;;;;;;;;;;;;;;;;
Otu2216;Bacteria;Bacillota_A;Clostridia;Oscillospirales;Acutalibacteraceae;Acutalibacteraceae;Acutalibacteraceae;Otu2216;;;;;;;;;;;;;;;;;;
Otu2218;Bacteria;Bacteroidota;Bacteroidia;Bacteroidales;Bacteroidaceae;Prevotella;Prevotella ruminicola_A;Otu2218;;;;;;;;;;;;;;;;;;
Otu2220;Bacteria;Bacillota_A;Clostridia;TANB77;CAG-508;CAG-273;CAG-273 sp003534295;Otu2220;;;;;;;;;;;;;;;;;;
Otu2222;Bacteria;Bacillota_A;Clostridia;Lachnospirales;Lachnospiraceae;Lachnospiraceae;Lachnospiraceae;Otu2222;;;;;;;;;;;;;;;;;;
Otu2223;Bacteria;Bacteroidota;Bacteroidia;Bacteroidales;Bacteroidaceae;Phocaeicola;Phocaeicola;Otu2223;;;;;;;;;;;;;;;;;;
Otu2224;Bacteria;Bacillota_A;Clostridia;Oscillospirales;Oscillospiraceae;Oscillospiraceae;Oscillospiraceae;Otu2224;;;;;;;;;;;;;;;;;;
Otu2226;Bacteria;Pseudomonadota;Gammaproteobacteria;Burkholderiales;Burkholderiaceae;Sutterella;Sutterella wadsworthensis_A;Otu2226;;;;;;;;;;;;;;;;;;
Otu2229;Bacteria;Bacillota_A;Clostridia;Oscillospirales;Oscillospiraceae;Oscillospiraceae;Oscillospiraceae;Otu2229;;;;;;;;;;;;;;;;;;
Otu2230;Bacteria;Bacillota_A;Clostridia;Oscillospirales;Oscillospiraceae;Vescimonas;Vescimonas fastidiosa;Otu2230;;;;;;;;;;;;;;;;;;
Otu2231;Bacteria;Bacillota_A;Clostridia;Lachnospirales;Lachnospiraceae;Lachnospiraceae;Lachnospiraceae;Otu2231;;;;;;;;;;;;;;;;;;
Otu2234;Bacteria;Bacillota_A;Clostridia;Oscillospirales;Ruminococcaceae;Faecalibacterium;Faecalibacterium;Otu2234;;;;;;;;;;;;;;;;;;
Otu2237;Bacteria;Bacillota_A;Clostridia;Lachnospirales;Lachnospiraceae;Mediterraneibacter;Mediterraneibacter faecis;Otu2237;;;;;;;;;;;;;;;;;;
Otu2238;Bacteria;Bacteroidota;Bacteroidia;Bacteroidales;Bacteroidaceae;Bacteroides;Bacteroides;Otu2238;;;;;;;;;;;;;;;;;;
Otu2240;Bacteria;Bacillota_A;Clostridia;Oscillospirales;Ruminococcaceae;Anaerotruncus;Anaerotruncus;Otu2240;;;;;;;;;;;;;;;;;;
Otu2244;Bacteria;Bacillota_A;Clostridia;Lachnospirales;Lachnospiraceae;Agathobacter;Agathobacter sp900543445;Otu2244;;;;;;;;;;;;;;;;;;
Otu2247;Bacteria;Bacillota_A;Clostridia;Lachnospirales;Lachnospiraceae;Eubacterium_G;Eubacterium_G ventriosum;Otu2247;;;;;;;;;;;;;;;;;;
Otu2249;Bacteria;Bacillota_A;Clostridia;Lachnospirales;Lachnospiraceae;Lachnospiraceae;Lachnospiraceae;Otu2249;;;;;;;;;;;;;;;;;;
Otu2250;Bacteria;Bacillota_I;Bacilli_A;RF39;UBA660;CAJLIR01;CAJLIR01 sp905206805;Otu2250;;;;;;;;;;;;;;;;;;
Otu2253;Bacteria;Pseudomonadota;Gammaproteobacteria;Enterobacterales;Enterobacteriaceae;Hafnia;Hafnia protea;Otu2253;;;;;;;;;;;;;;;;;;
Otu2254;Bacteria;Bacillota_A;Clostridia;Christensenellales;Pumilibacteraceae;UBA10677;UBA10677 sp003533505;Otu2254;;;;;;;;;;;;;;;;;;
Otu2256;Bacteria;Bacillota_A;Clostridia;Lachnospirales;Lachnospiraceae;Lachnospiraceae;Lachnospiraceae;Otu2256;;;;;;;;;;;;;;;;;;
Otu2259;Bacteria;Bacteroidota;Bacteroidia;Bacteroidales;Bacteroidaceae;Bacteroides;Bacteroides;Otu2259;;;;;;;;;;;;;;;;;;
Otu2260;Bacteria;Bacillota_A;Clostridia;Lachnospirales;Lachnospiraceae;Roseburia_D;Roseburia_D yibonii;Otu2260;;;;;;;;;;;;;;;;;;
Otu2261;Bacteria;Bacillota_A;Clostridia;Lachnospirales;Lachnospiraceae;Lachnospiraceae;Lachnospiraceae;Otu2261;;;;;;;;;;;;;;;;;;
Otu2262;Bacteria;Bacillota_A;Clostridia;Lachnospirales;Lachnospiraceae;Blautia_A;Blautia_A wexlerae;Otu2262;;;;;;;;;;;;;;;;;;
Otu2265;Bacteria;Bacillota_A;Clostridia;Lachnospirales;Lachnospiraceae;Lachnospiraceae;Lachnospiraceae;Otu2265;;;;;;;;;;;;;;;;;;
Otu2266;Bacteria;Bacillota_A;Clostridia;Lachnospirales;Lachnospiraceae;Roseburia_C;Roseburia_C amylophila;Otu2266;;;;;;;;;;;;;;;;;;
Otu2268;Bacteria;Bacillota_A;Clostridia;Christensenellales;Borkfalkiaceae;Borkfalkiaceae;Borkfalkiaceae;Otu2268;;;;;;;;;;;;;;;;;;
Otu2270;Bacteria;Bacillota_A;Clostridia;Lachnospirales;Lachnospiraceae;Bariatricus;Bariatricus comes_A;Otu2270;;;;;;;;;;;;;;;;;;
Otu2271;Bacteria;Cyanobacteriota;Vampirovibrionia;Gastranaerophilales;Gastranaerophilaceae;UMGS1477;UMGS1477 sp900552205;Otu2271;;;;;;;;;;;;;;;;;;
Otu2272;Bacteria;Bacillota_A;Clostridia;Lachnospirales;Lachnospiraceae;Oliverpabstia;Oliverpabstia;Otu2272;;;;;;;;;;;;;;;;;;
Otu2273;Bacteria;Bacillota_A;Clostridia;Lachnospirales;Lachnospiraceae;Lachnospiraceae;Lachnospiraceae;Otu2273;;;;;;;;;;;;;;;;;;
Otu2274;Bacteria;Bacillota_A;Clostridia;Oscillospirales;Oscillospiraceae;Hominicoprocola;Hominicoprocola;Otu2274;;;;;;;;;;;;;;;;;;
Otu2276;Bacteria;Bacillota_A;Clostridia;Lachnospirales;Lachnospiraceae;Gallintestinimicrobium;Gallintestinimicrobium propionicum;Otu2276;;;;;;;;;;;;;;;;;;
Otu2277;Bacteria;Bacillota_A;Clostridia;Lachnospirales;Lachnospiraceae;Lachnospiraceae;Lachnospiraceae;Otu2277;;;;;;;;;;;;;;;;;;
Otu2280;Bacteria;Bacillota_A;Clostridia;Oscillospirales;Acutalibacteraceae;CAG-177;CAG-177 sp003514385;Otu2280;;;;;;;;;;;;;;;;;;
Otu2283;Bacteria;Cyanobacteriota;Vampirovibrionia;Gastranaerophilales;Gastranaerophilaceae;Zag111;Zag111 sp002102825;Otu2283;;;;;;;;;;;;;;;;;;
Otu2284;Bacteria;Bacteroidota;Bacteroidia;Bacteroidales;Bacteroidaceae;Paraprevotella;Paraprevotella clara;Otu2284;;;;;;;;;;;;;;;;;;
Otu2287;Bacteria;Bacteroidota;Bacteroidia;Bacteroidales;Bacteroidaceae;Prevotella;Prevotella stercorea;Otu2287;;;;;;;;;;;;;;;;;;
Otu2288;Bacteria;Bacillota_A;Clostridia;Lachnospirales;Lachnospiraceae;Lachnospiraceae;Lachnospiraceae;Otu2288;;;;;;;;;;;;;;;;;;
Otu2289;Bacteria;Bacillota_A;Clostridia;Lachnospirales;Lachnospiraceae;Agathobacter;Agathobacter rectalis;Otu2289;;;;;;;;;;;;;;;;;;
Otu2292;Bacteria;Bacillota_A;Clostridia;Lachnospirales;Lachnospiraceae;Eubacterium_F;Eubacterium_F sp003491505;Otu2292;;;;;;;;;;;;;;;;;;
Otu2301;Bacteria;Bacteroidota;Bacteroidia;Bacteroidales;Tannerellaceae;Parabacteroides;Parabacteroides merdae;Otu2301;;;;;;;;;;;;;;;;;;
Otu2304;Bacteria;Bacillota_A;Clostridia;Lachnospirales;Lachnospiraceae;Roseburia_C;Roseburia_C amylophila;Otu2304;;;;;;;;;;;;;;;;;;
Otu2306;Bacteria;Bacillota_A;Clostridia;Oscillospirales;Ruminococcaceae;Ruminococcaceae;Ruminococcaceae;Otu2306;;;;;;;;;;;;;;;;;;
Otu2307;Bacteria;Bacillota_A;Clostridia;Lachnospirales;Lachnospiraceae;Hominiventricola;Hominiventricola;Otu2307;;;;;;;;;;;;;;;;;;
Otu2315;Bacteria;Bacillota_A;Clostridia;Oscillospirales;Oscillospirales;Oscillospirales;Oscillospirales;Otu2315;;;;;;;;;;;;;;;;;;
Otu2316;Bacteria;Bacillota_A;Clostridia;Christensenellales;Aristaeellaceae;Aristaeellaceae;Aristaeellaceae;Otu2316;;;;;;;;;;;;;;;;;;
Otu2320;Bacteria;Bacillota_A;Clostridia;Lachnospirales;Lachnospiraceae;Muricomes;Muricomes;Otu2320;;;;;;;;;;;;;;;;;;
Otu2321;Bacteria;Bacillota_A;Clostridia;Lachnospirales;Lachnospiraceae;Lachnospiraceae;Lachnospiraceae;Otu2321;;;;;;;;;;;;;;;;;;
Otu2324;Bacteria;Bacillota_A;Clostridia;Lachnospirales;Lachnospiraceae;Blautia_A;Blautia_A sp900066335;Otu2324;;;;;;;;;;;;;;;;;;
Otu2325;Bacteria;Bacillota_A;Clostridia;Lachnospirales;Lachnospiraceae;Lachnospiraceae;Lachnospiraceae;Otu2325;;;;;;;;;;;;;;;;;;
Otu2328;Bacteria;Bacillota_A;Clostridia;Lachnospirales;Lachnospiraceae;Lachnospiraceae;Lachnospiraceae;Otu2328;;;;;;;;;;;;;;;;;;
Otu2329;Bacteria;Bacillota_A;Clostridia;Lachnospirales;Lachnospiraceae;Lachnospiraceae;Lachnospiraceae;Otu2329;;;;;;;;;;;;;;;;;;
Otu2330;Bacteria;Bacillota_A;Clostridia;Lachnospirales;Lachnospiraceae;Lachnospiraceae;Lachnospiraceae;Otu2330;;;;;;;;;;;;;;;;;;
Otu2332;Bacteria;Bacillota_A;Clostridia;Oscillospirales;CAG-272;CAG-272;CAG-272;Otu2332;;;;;;;;;;;;;;;;;;
Otu2333;Bacteria;Elusimicrobiota;Elusimicrobia;Elusimicrobiales;Elusimicrobiaceae;Avelusimicrobium;Avelusimicrobium sp900541355;Otu2333;;;;;;;;;;;;;;;;;;
Otu2334;Bacteria;Bacillota_A;Clostridia;Oscillospirales;Acutalibacteraceae;Acutalibacteraceae;Acutalibacteraceae;Otu2334;;;;;;;;;;;;;;;;;;
Otu2335;Bacteria;Bacillota_A;Clostridia;Lachnospirales;Lachnospiraceae;Lachnospiraceae;Lachnospiraceae;Otu2335;;;;;;;;;;;;;;;;;;
Otu2337;Bacteria;Bacillota_A;Clostridia;Lachnospirales;Lachnospiraceae;Blautia_A;Blautia_A;Otu2337;;;;;;;;;;;;;;;;;;
Otu2338;Bacteria;Bacteroidota;Bacteroidia;Bacteroidales;Bacteroidaceae;Phocaeicola;Phocaeicola plebeius_A;Otu2338;;;;;;;;;;;;;;;;;;
Otu2342;Bacteria;Bacillota_A;Clostridia;Lachnospirales;Lachnospiraceae;Blautia_A;Blautia_A sp900066335;Otu2342;;;;;;;;;;;;;;;;;;
Otu2343;Bacteria;Bacillota_A;Clostridia;Oscillospirales;Oscillospiraceae;Hominicoprocola;Hominicoprocola fusiformis;Otu2343;;;;;;;;;;;;;;;;;;
Otu2345;Bacteria;Bacillota_A;Clostridia;Oscillospirales;Oscillospiraceae;CAG-103;CAG-103 sp900543625;Otu2345;;;;;;;;;;;;;;;;;;
Otu2346;Bacteria;Bacillota_A;Clostridia;Oscillospirales;Acutalibacteraceae;CAG-177;CAG-177 sp003538135;Otu2346;;;;;;;;;;;;;;;;;;
Otu2347;Bacteria;Bacillota_A;Clostridia;Oscillospirales;Ruminococcaceae;Gemmiger;Gemmiger qucibialis;Otu2347;;;;;;;;;;;;;;;;;;
Otu2348;Bacteria;Bacillota_A;Clostridia;Lachnospirales;Lachnospiraceae;Lachnospiraceae;Lachnospiraceae;Otu2348;;;;;;;;;;;;;;;;;;
Otu2349;Bacteria;Bacillota_A;Clostridia;Lachnospirales;Lachnospiraceae;Lachnospiraceae;Lachnospiraceae;Otu2349;;;;;;;;;;;;;;;;;;
Otu2350;Bacteria;Bacillota_A;Clostridia;Oscillospirales;Ruminococcaceae;Hominimerdicola;Hominimerdicola aceti;Otu2350;;;;;;;;;;;;;;;;;;
Otu2352;Bacteria;Bacteroidota;Bacteroidia;Bacteroidales;Bacteroidaceae;Prevotella;Prevotella;Otu2352;;;;;;;;;;;;;;;;;;
Otu2360;Bacteria;Bacillota_A;Clostridia;Lachnospirales;Lachnospiraceae;Dorea_A;Dorea_A amylophila;Otu2360;;;;;;;;;;;;;;;;;;
Otu2362;Bacteria;Bacillota_A;Clostridia;Lachnospirales;Lachnospiraceae;Enterocloster;Enterocloster sp000431375;Otu2362;;;;;;;;;;;;;;;;;;
Otu2364;Bacteria;Bacteroidota;Bacteroidia;Bacteroidales;Muribaculaceae;Muribaculaceae;Muribaculaceae;Otu2364;;;;;;;;;;;;;;;;;;
Otu2365;Bacteria;Bacteroidota;Bacteroidia;Bacteroidales;Bacteroidales;Bacteroidales;Bacteroidales;Otu2365;;;;;;;;;;;;;;;;;;
Otu2366;Bacteria;Bacillota_A;Clostridia;Oscillospirales;Ruminococcaceae;Faecalibacterium;Faecalibacterium;Otu2366;;;;;;;;;;;;;;;;;;
Otu2368;Bacteria;Bacillota_A;Clostridia;Lachnospirales;Lachnospiraceae;Jutongia;Jutongia huaianensis;Otu2368;;;;;;;;;;;;;;;;;;
Otu2369;Bacteria;Pseudomonadota;Alphaproteobacteria;Micropepsales;Micropepsaceae;Rhizomicrobium;Rhizomicrobium sp945860165;Otu2369;;;;;;;;;;;;;;;;;;
Otu2370;Bacteria;Bacillota_A;Clostridia;Lachnospirales;Lachnospiraceae;Lachnospiraceae;Lachnospiraceae;Otu2370;;;;;;;;;;;;;;;;;;
Otu2373;Bacteria;Bacillota_A;Clostridia;Lachnospirales;Lachnospiraceae;Otoolea;Otoolea fessa;Otu2373;;;;;;;;;;;;;;;;;;
Otu2375;Bacteria;Bacillota_A;Clostridia;Oscillospirales;Ruminococcaceae;Faecalibacterium;Faecalibacterium prausnitzii_A;Otu2375;;;;;;;;;;;;;;;;;;
Otu2376;Bacteria;Bacillota_A;Clostridia;Lachnospirales;Lachnospiraceae;Lachnospiraceae;Lachnospiraceae;Otu2376;;;;;;;;;;;;;;;;;;
Otu2377;Bacteria;Bacillota_A;Clostridia;Oscillospirales;Butyricicoccaceae;Agathobaculum;Agathobaculum butyriciproducens;Otu2377;;;;;;;;;;;;;;;;;;
Otu2379;Bacteria;Bacillota_A;Clostridia;Lachnospirales;Lachnospiraceae;Lachnospira;Lachnospira;Otu2379;;;;;;;;;;;;;;;;;;
Otu2380;Bacteria;Bacillota_A;Clostridia;Oscillospirales;Ruminococcaceae;Ruminococcaceae;Ruminococcaceae;Otu2380;;;;;;;;;;;;;;;;;;
Otu2381;Bacteria;Bacillota_A;Clostridia;Lachnospirales;Lachnospiraceae;Lachnospiraceae;Lachnospiraceae;Otu2381;;;;;;;;;;;;;;;;;;
Otu2382;Bacteria;Bacteroidota;Bacteroidia;Bacteroidales;Bacteroidaceae;Bacteroides;Bacteroides;Otu2382;;;;;;;;;;;;;;;;;;
Otu2386;Bacteria;Bacillota_A;Clostridia;Lachnospirales;Lachnospiraceae;Lachnospiraceae;Lachnospiraceae;Otu2386;;;;;;;;;;;;;;;;;;
Otu2388;Bacteria;Bacillota_A;Clostridia;Lachnospirales;Lachnospiraceae;Lachnospiraceae;Lachnospiraceae;Otu2388;;;;;;;;;;;;;;;;;;
Otu2389;Bacteria;Bacteria;Bacteria;Bacteria;Bacteria;Bacteria;Bacteria;Otu2389;;;;;;;;;;;;;;;;;;
Otu2390;Bacteria;Bacteroidota;Bacteroidia;Bacteroidales;Bacteroidaceae;Prevotella;Prevotella ruminicola_A;Otu2390;;;;;;;;;;;;;;;;;;
Otu2391;Bacteria;Bacillota;Bacilli;MOL361;Turicibacteraceae;Turicibacter;Turicibacter bilis;Otu2391;;;;;;;;;;;;;;;;;;
Otu2393;Bacteria;Bacteroidota;Bacteroidia;Bacteroidales;Bacteroidaceae;Bacteroides;Bacteroides;Otu2393;;;;;;;;;;;;;;;;;;
Otu2394;Bacteria;Bacillota_A;Clostridia;Oscillospirales;Acutalibacteraceae;Acutalibacter;Acutalibacter;Otu2394;;;;;;;;;;;;;;;;;;
Otu2397;Bacteria;Bacillota_A;Clostridia;Lachnospirales;Lachnospiraceae;Roseburia;Roseburia;Otu2397;;;;;;;;;;;;;;;;;;
Otu2398;Bacteria;Bacillota_A;Clostridia;Oscillospirales;Acutalibacteraceae;Hominenteromicrobium;Hominenteromicrobium mulieris;Otu2398;;;;;;;;;;;;;;;;;;
Otu2399;Bacteria;Bacillota_A;Clostridia;Clostridia;Clostridia;Clostridia;Clostridia;Otu2399;;;;;;;;;;;;;;;;;;
Otu2400;Bacteria;Bacillota_I;Bacilli_A;RF39;UBA660;CAG-628;CAG-628 sp934085635;Otu2400;;;;;;;;;;;;;;;;;;
Otu2401;Bacteria;Bacillota_A;Clostridia;Lachnospirales;Lachnospiraceae;Butyribacter;Butyribacter sp003529475;Otu2401;;;;;;;;;;;;;;;;;;
Otu2403;Bacteria;Bacteroidota;Bacteroidia;Bacteroidales;Bacteroidaceae;Phocaeicola;Phocaeicola massiliensis;Otu2403;;;;;;;;;;;;;;;;;;
Otu2406;Bacteria;Actinomycetota;Actinomycetes;Actinomycetales;Micrococcaceae;Arthrobacter;Arthrobacter;Otu2406;;;;;;;;;;;;;;;;;;
Otu2411;Bacteria;Bacillota_A;Clostridia;Clostridia;Clostridia;Clostridia;Clostridia;Otu2411;;;;;;;;;;;;;;;;;;
Otu2412;Bacteria;Bacillota_A;Clostridia;Lachnospirales;Lachnospiraceae;Butyrivibrio_A;Butyrivibrio_A sp000431815;Otu2412;;;;;;;;;;;;;;;;;;
Otu2414;Bacteria;Bacillota_A;Clostridia;Lachnospirales;Lachnospiraceae;Bovifimicola;Bovifimicola ammoniilytica;Otu2414;;;;;;;;;;;;;;;;;;
Otu2415;Bacteria;Bacillota_A;Clostridia;Lachnospirales;Lachnospiraceae;Lachnospiraceae;Lachnospiraceae;Otu2415;;;;;;;;;;;;;;;;;;
Otu2416;Bacteria;Bacteroidota;Bacteroidia;Bacteroidales;Bacteroidaceae;Bacteroides;Bacteroides eggerthii;Otu2416;;;;;;;;;;;;;;;;;;
Otu2418;Bacteria;Bacillota_A;Clostridia;Lachnospirales;Lachnospiraceae;Blautia_A;Blautia_A;Otu2418;;;;;;;;;;;;;;;;;;
Otu2419;Bacteria;Bacillota_A;Clostridia;Lachnospirales;Lachnospiraceae;Lachnospiraceae;Lachnospiraceae;Otu2419;;;;;;;;;;;;;;;;;;
Otu2421;Bacteria;Bacillota_A;Clostridia;Lachnospirales;Lachnospiraceae;Alitiscatomonas;Alitiscatomonas sp900066055;Otu2421;;;;;;;;;;;;;;;;;;
Otu2424;Bacteria;Actinomycetota;Coriobacteriia;Coriobacteriales;Eggerthellaceae;Anaerotardibacter;Anaerotardibacter sp900556585;Otu2424;;;;;;;;;;;;;;;;;;
Otu2431;Bacteria;Bacillota_A;Clostridia;Lachnospirales;Lachnospiraceae;Bariatricus;Bariatricus comes_A;Otu2431;;;;;;;;;;;;;;;;;;
Otu2434;Bacteria;Bacillota_A;Clostridia;Lachnospirales;Lachnospiraceae;Lachnospiraceae;Lachnospiraceae;Otu2434;;;;;;;;;;;;;;;;;;
Otu2435;Bacteria;Bacillota_A;Clostridia;Oscillospirales;Ruminococcaceae;Faecalibacterium;Faecalibacterium;Otu2435;;;;;;;;;;;;;;;;;;
Otu2436;Bacteria;Bacillota_A;Clostridia;Lachnospirales;Lachnospiraceae;Lachnospiraceae;Lachnospiraceae;Otu2436;;;;;;;;;;;;;;;;;;
Otu2439;Bacteria;Bacillota_A;Clostridia;TANB77;CAG-508;CAG-508;CAG-508;Otu2439;;;;;;;;;;;;;;;;;;
Otu2440;Bacteria;Bacillota_A;Clostridia;Clostridia;Clostridia;Clostridia;Clostridia;Otu2440;;;;;;;;;;;;;;;;;;
Otu2441;Bacteria;Bacillota_A;Clostridia;Lachnospirales;Lachnospiraceae;Lachnospiraceae;Lachnospiraceae;Otu2441;;;;;;;;;;;;;;;;;;
Otu2442;Bacteria;Bacteroidota;Bacteroidia;Bacteroidales;Bacteroidaceae;Prevotella;Prevotella;Otu2442;;;;;;;;;;;;;;;;;;
Otu2443;Bacteria;Bacillota_A;Clostridia;Lachnospirales;Lachnospiraceae;Lachnospiraceae;Lachnospiraceae;Otu2443;;;;;;;;;;;;;;;;;;
Otu2447;Bacteria;Bacillota_A;Clostridia;Oscillospirales;Ruminococcaceae;Faecalibacterium;Faecalibacterium;Otu2447;;;;;;;;;;;;;;;;;;
Otu2449;Bacteria;Bacillota_A;Clostridia;TANB77;CAG-508;CAG-273;CAG-273 sp000435755;Otu2449;;;;;;;;;;;;;;;;;;
Otu2450;Bacteria;Bacillota_A;Clostridia;Lachnospirales;Lachnospiraceae;Lachnospiraceae;Lachnospiraceae;Otu2450;;;;;;;;;;;;;;;;;;
Otu2451;Bacteria;Bacillota_C;Negativicutes;Selenomonadales;Selenomonadaceae;Megamonas;Megamonas funiformis;Otu2451;;;;;;;;;;;;;;;;;;
Otu2453;Bacteria;Bacteroidota;Bacteroidia;Bacteroidales;Bacteroidaceae;Prevotella;Prevotella;Otu2453;;;;;;;;;;;;;;;;;;
Otu2454;Bacteria;Bacillota_A;Clostridia;Lachnospirales;Lachnospiraceae;Lachnospiraceae;Lachnospiraceae;Otu2454;;;;;;;;;;;;;;;;;;
Otu2455;Bacteria;Bacillota_A;Clostridia;Lachnospirales;Lachnospiraceae;Mediterraneibacter;Mediterraneibacter faecis;Otu2455;;;;;;;;;;;;;;;;;;
Otu2458;Bacteria;Bacillota_A;Clostridia;Lachnospirales;Lachnospiraceae;Lachnospiraceae;Lachnospiraceae;Otu2458;;;;;;;;;;;;;;;;;;
Otu2462;Bacteria;Bacillota_A;Clostridia;Lachnospirales;Lachnospiraceae;Lachnospiraceae;Lachnospiraceae;Otu2462;;;;;;;;;;;;;;;;;;
Otu2463;Bacteria;Bacillota_A;Clostridia;Oscillospirales;Ruminococcaceae;Faecalibacterium;Faecalibacterium;Otu2463;;;;;;;;;;;;;;;;;;
Otu2464;Bacteria;Bacillota_A;Clostridia;Lachnospirales;Lachnospiraceae;Agathobacter;Agathobacter rectalis;Otu2464;;;;;;;;;;;;;;;;;;
Otu2465;Bacteria;Bacillota_A;Clostridia;Lachnospirales;Lachnospiraceae;Roseburia;Roseburia;Otu2465;;;;;;;;;;;;;;;;;;
Otu2467;Bacteria;Bacillota_A;Clostridia;Lachnospirales;Lachnospiraceae;Agathobacter;Agathobacter sp900543445;Otu2467;;;;;;;;;;;;;;;;;;
Otu2468;Bacteria;Bacillota_A;Clostridia;Lachnospirales;Lachnospiraceae;Lachnospiraceae;Lachnospiraceae;Otu2468;;;;;;;;;;;;;;;;;;
Otu2469;Bacteria;Bacillota_A;Clostridia;Lachnospirales;Lachnospiraceae;Hungatella;Hungatella effluvii;Otu2469;;;;;;;;;;;;;;;;;;
Otu2471;Bacteria;Bacillota_A;Clostridia;Oscillospirales;Oscillospiraceae;Faecousia;Faecousia sp000434635;Otu2471;;;;;;;;;;;;;;;;;;
Otu2472;Bacteria;Bacillota_A;Clostridia;Lachnospirales;Lachnospiraceae;Blautia_A;Blautia_A;Otu2472;;;;;;;;;;;;;;;;;;
Otu2473;Bacteria;Bacteroidota;Bacteroidia;Bacteroidales;Bacteroidaceae;Bacteroides;Bacteroides;Otu2473;;;;;;;;;;;;;;;;;;
Otu2476;Bacteria;Actinomycetota;Actinomycetes;Actinomycetales;Bifidobacteriaceae;Bifidobacterium;Bifidobacterium;Otu2476;;;;;;;;;;;;;;;;;;
Otu2477;Bacteria;Bacteroidota;Bacteroidia;Bacteroidales;Bacteroidaceae;Bacteroides;Bacteroides;Otu2477;;;;;;;;;;;;;;;;;;
Otu2480;Bacteria;Bacillota_A;Clostridia;Lachnospirales;Lachnospiraceae;Anaerobutyricum;Anaerobutyricum hallii;Otu2480;;;;;;;;;;;;;;;;;;
Otu2481;Bacteria;Bacillota_A;Clostridia;Clostridia;Clostridia;Clostridia;Clostridia;Otu2481;;;;;;;;;;;;;;;;;;
Otu2483;Bacteria;Bacillota_A;Clostridia;Lachnospirales;Lachnospiraceae;Lachnospiraceae;Lachnospiraceae;Otu2483;;;;;;;;;;;;;;;;;;
Otu2486;Bacteria;Bacillota_A;Clostridia;Christensenellales;CAG-314;CAG-314;CAG-314 sp900551395;Otu2486;;;;;;;;;;;;;;;;;;
Otu2487;Bacteria;Bacillota_A;Clostridia;Lachnospirales;Lachnospiraceae;Lachnospiraceae;Lachnospiraceae;Otu2487;;;;;;;;;;;;;;;;;;
Otu2490;Bacteria;Bacillota_A;Clostridia;Lachnospirales;Lachnospiraceae;Agathobacter;Agathobacter;Otu2490;;;;;;;;;;;;;;;;;;
Otu2494;Bacteria;Bacillota_A;Clostridia;Oscillospirales;Oscillospiraceae;Vescimonas;Vescimonas sp000435555;Otu2494;;;;;;;;;;;;;;;;;;
Otu2496;Bacteria;Bacteroidota;Bacteroidia;Bacteroidales;Bacteroidaceae;Bacteroides;Bacteroides;Otu2496;;;;;;;;;;;;;;;;;;
Otu2498;Bacteria;Bacillota_A;Clostridia;Lachnospirales;Lachnospiraceae;Agathobacter;Agathobacter;Otu2498;;;;;;;;;;;;;;;;;;
Otu2501;Bacteria;Bacteroidota;Bacteroidia;Bacteroidales;Bacteroidaceae;Bacteroides;Bacteroides;Otu2501;;;;;;;;;;;;;;;;;;
Otu2503;Bacteria;Bacillota_A;Clostridia;Oscillospirales;Acutalibacteraceae;Fimenecus;Fimenecus sp000432435;Otu2503;;;;;;;;;;;;;;;;;;
Otu2510;Bacteria;Bacillota_A;Clostridia;Lachnospirales;Lachnospiraceae;Lachnospiraceae;Lachnospiraceae;Otu2510;;;;;;;;;;;;;;;;;;
Otu2511;Bacteria;Bacillota;Bacilli;Lactobacillales;Lactobacillaceae;Limosilactobacillus;Limosilactobacillus fermentum;Otu2511;;;;;;;;;;;;;;;;;;
Otu2512;Bacteria;Bacillota_A;Clostridia;Lachnospirales;Lachnospiraceae;Oliverpabstia;Oliverpabstia intestinalis;Otu2512;;;;;;;;;;;;;;;;;;
Otu2513;Bacteria;Bacteroidota;Bacteroidia;Bacteroidales;Bacteroidaceae;Bacteroides;Bacteroides stercoris_A;Otu2513;;;;;;;;;;;;;;;;;;
Otu2519;Bacteria;Bacillota_A;Clostridia;Lachnospirales;Lachnospiraceae;Lachnospiraceae;Lachnospiraceae;Otu2519;;;;;;;;;;;;;;;;;;
Otu2520;Bacteria;Bacillota_A;Clostridia;Lachnospirales;Lachnospiraceae;Lachnospiraceae;Lachnospiraceae;Otu2520;;;;;;;;;;;;;;;;;;
Otu2522;Bacteria;Bacteroidota;Bacteroidia;Bacteroidales;Bacteroidaceae;Bacteroides;Bacteroides;Otu2522;;;;;;;;;;;;;;;;;;
Otu2523;Bacteria;Bacillota_A;Clostridia;Lachnospirales;Lachnospiraceae;Gallintestinimicrobium;Gallintestinimicrobium propionicum;Otu2523;;;;;;;;;;;;;;;;;;
Otu2524;Bacteria;Bacillota_A;Clostridia;Oscillospirales;Oscillospiraceae;Dysosmobacter;Dysosmobacter sp000436875;Otu2524;;;;;;;;;;;;;;;;;;
Otu2525;Bacteria;Bacillota_A;Clostridia;Lachnospirales;Lachnospiraceae;Eubacterium_I;Eubacterium_I ramulus;Otu2525;;;;;;;;;;;;;;;;;;
Otu2526;Bacteria;Bacillota_A;Clostridia;Oscillospirales;Acutalibacteraceae;CAG-177;CAG-177 sp003514385;Otu2526;;;;;;;;;;;;;;;;;;
Otu2527;Bacteria;Bacillota_A;Clostridia;Lachnospirales;Lachnospiraceae;Blautia_A;Blautia_A;Otu2527;;;;;;;;;;;;;;;;;;
Otu2528;Bacteria;Bacillota_A;Clostridia;Lachnospirales;Lachnospiraceae;Lachnospiraceae;Lachnospiraceae;Otu2528;;;;;;;;;;;;;;;;;;
Otu2529;Bacteria;Bacillota_A;Clostridia;Oscillospirales;Oscillospirales;Oscillospirales;Oscillospirales;Otu2529;;;;;;;;;;;;;;;;;;
Otu2533;Bacteria;Bacillota_A;Clostridia;Christensenellales;QALW01;UMGS1322;UMGS1322 sp905200615;Otu2533;;;;;;;;;;;;;;;;;;
Otu2535;Bacteria;Bacillota_A;Clostridia;Lachnospirales;Lachnospiraceae;Lachnospiraceae;Lachnospiraceae;Otu2535;;;;;;;;;;;;;;;;;;
Otu2537;Bacteria;Bacillota_A;Clostridia;Oscillospirales;Acutalibacteraceae;Acutalibacteraceae;Acutalibacteraceae;Otu2537;;;;;;;;;;;;;;;;;;
Otu2545;Bacteria;Bacillota_A;Clostridia;Lachnospirales;Lachnospiraceae;Hominisplanchenecus;Hominisplanchenecus faecis;Otu2545;;;;;;;;;;;;;;;;;;
Otu2547;Bacteria;Bacillota_A;Clostridia;Lachnospirales;Lachnospiraceae;Dorea_A;Dorea_A;Otu2547;;;;;;;;;;;;;;;;;;
Otu2549;Bacteria;Bacillota_A;Clostridia;Christensenellales;Aristaeellaceae;UBA11524;UBA11524 sp000437595;Otu2549;;;;;;;;;;;;;;;;;;
Otu2550;Bacteria;Bacillota_A;Clostridia;Oscillospirales;Acutalibacteraceae;Ruminococcus_E;Ruminococcus_E intestinalis;Otu2550;;;;;;;;;;;;;;;;;;
Otu2551;Bacteria;Bacillota_C;Negativicutes;Veillonellales;Dialisteraceae;Allisonella;Allisonella histaminiformans;Otu2551;;;;;;;;;;;;;;;;;;
Otu2556;Bacteria;Bacillota_A;Clostridia;Lachnospirales;Lachnospiraceae;Hominisplanchenecus;Hominisplanchenecus faecis;Otu2556;;;;;;;;;;;;;;;;;;
Otu2557;Bacteria;Bacillota_A;Clostridia;Oscillospirales;Ruminococcaceae;Faecalibacterium;Faecalibacterium;Otu2557;;;;;;;;;;;;;;;;;;
Otu2563;Bacteria;Bacillota_A;Clostridia;Oscillospirales;Acutalibacteraceae;Fimenecus;Fimenecus;Otu2563;;;;;;;;;;;;;;;;;;
Otu2565;Bacteria;Bacillota_A;Clostridia;Lachnospirales;Anaerotignaceae;Anaerotignum;Anaerotignum faecicola;Otu2565;;;;;;;;;;;;;;;;;;
Otu2567;Bacteria;Bacillota_A;Clostridia;Oscillospirales;Ruminococcaceae;Neobittarella;Neobittarella massiliensis;Otu2567;;;;;;;;;;;;;;;;;;
Otu2568;Bacteria;Bacillota_A;Clostridia;Lachnospirales;Lachnospiraceae;CAG-194;CAG-194 sp018917935;Otu2568;;;;;;;;;;;;;;;;;;
Otu2569;Bacteria;Pseudomonadota;Gammaproteobacteria;Enterobacterales;Succinivibrionaceae;Succinivibrio;Succinivibrio sp000431835;Otu2569;;;;;;;;;;;;;;;;;;
Otu2570;Bacteria;Bacillota_A;Clostridia;Lachnospirales;Lachnospiraceae;Lachnospiraceae;Lachnospiraceae;Otu2570;;;;;;;;;;;;;;;;;;
Otu2575;Bacteria;Bacillota_A;Clostridia;Lachnospirales;Lachnospiraceae;Faecalimonas;Faecalimonas phoceensis;Otu2575;;;;;;;;;;;;;;;;;;
Otu2576;Bacteria;Bacillota_A;Clostridia;Lachnospirales;Lachnospiraceae;Fusicatenibacter;Fusicatenibacter saccharivorans;Otu2576;;;;;;;;;;;;;;;;;;
Otu2578;Bacteria;Bacillota_A;Clostridia;Lachnospirales;Lachnospiraceae;Lachnospiraceae;Lachnospiraceae;Otu2578;;;;;;;;;;;;;;;;;;
Otu2579;Bacteria;Bacillota_A;Clostridia;Lachnospirales;Lachnospiraceae;Agathobacter;Agathobacter;Otu2579;;;;;;;;;;;;;;;;;;
Otu2580;Bacteria;Bacillota_A;Clostridia;Lachnospirales;Lachnospiraceae;Brotaphodocola;Brotaphodocola sp003478505;Otu2580;;;;;;;;;;;;;;;;;;
Otu2583;Bacteria;Bacillota_A;Clostridia;Lachnospirales;Lachnospiraceae;Acetatifactor;Acetatifactor acetigignens;Otu2583;;;;;;;;;;;;;;;;;;
Otu2587;Bacteria;Bacillota_A;Clostridia;Clostridiales;Clostridiaceae;Clostridium;Clostridium lentum;Otu2587;;;;;;;;;;;;;;;;;;
Otu2588;Bacteria;Bacillota_A;Clostridia;Oscillospirales;Oscillospiraceae;Vescimonas;Vescimonas sp000435555;Otu2588;;;;;;;;;;;;;;;;;;
Otu2590;Bacteria;Bacillota_A;Clostridia;Lachnospirales;Lachnospiraceae;Butyrivibrio_A;Butyrivibrio_A crossotus;Otu2590;;;;;;;;;;;;;;;;;;
Otu2591;Bacteria;Bacillota_A;Clostridia;Oscillospirales;Oscillospirales;Oscillospirales;Oscillospirales;Otu2591;;;;;;;;;;;;;;;;;;
Otu2592;Bacteria;Bacillota_A;Clostridia;Lachnospirales;Lachnospiraceae;CAG-882;CAG-882 sp003486385;Otu2592;;;;;;;;;;;;;;;;;;
Otu2593;Bacteria;Bacteroidota;Bacteroidia;Bacteroidales;Bacteroidaceae;Prevotella;Prevotella;Otu2593;;;;;;;;;;;;;;;;;;
Otu2600;Bacteria;Bacteroidota;Bacteroidia;Bacteroidales;Bacteroidaceae;Prevotella;Prevotella sp900551275;Otu2600;;;;;;;;;;;;;;;;;;
Otu2603;Bacteria;Bacillota_A;Clostridia;Lachnospirales;Lachnospiraceae;Lachnospiraceae;Lachnospiraceae;Otu2603;;;;;;;;;;;;;;;;;;
Otu2604;Bacteria;Bacillota_A;Clostridia;Oscillospirales;CAG-272;CAG-272;CAG-272;Otu2604;;;;;;;;;;;;;;;;;;
Otu2607;Bacteria;Bacillota_A;Clostridia;Lachnospirales;Lachnospiraceae;Lachnospiraceae;Lachnospiraceae;Otu2607;;;;;;;;;;;;;;;;;;
Otu2611;Bacteria;Bacillota_A;Clostridia;Lachnospirales;Lachnospiraceae;Lachnospiraceae;Lachnospiraceae;Otu2611;;;;;;;;;;;;;;;;;;
Otu2613;Bacteria;Bacillota_A;Clostridia;UBA1381;UBA1381;Hominilimicola;Hominilimicola fabiformis;Otu2613;;;;;;;;;;;;;;;;;;
Otu2615;Bacteria;Bacillota_A;Clostridia;Lachnospirales;Lachnospiraceae;Lachnospiraceae;Lachnospiraceae;Otu2615;;;;;;;;;;;;;;;;;;
Otu2616;Bacteria;Bacteroidota;Bacteroidia;Bacteroidales;Bacteroidaceae;Bacteroides;Bacteroides;Otu2616;;;;;;;;;;;;;;;;;;
Otu2626;Bacteria;Bacillota_A;Clostridia;Oscillospirales;Oscillospiraceae;CAG-170;CAG-170 sp900549635;Otu2626;;;;;;;;;;;;;;;;;;
Otu2629;Bacteria;Bacillota_A;Clostridia;Lachnospirales;Lachnospiraceae;Hominiventricola;Hominiventricola;Otu2629;;;;;;;;;;;;;;;;;;
Otu2633;Bacteria;Bacillota_A;Clostridia;Lachnospirales;Lachnospiraceae;Lachnospiraceae;Lachnospiraceae;Otu2633;;;;;;;;;;;;;;;;;;
Otu2635;Bacteria;Bacillota_A;Clostridia;Lachnospirales;Lachnospiraceae;Agathobacter;Agathobacter;Otu2635;;;;;;;;;;;;;;;;;;
Otu2636;Bacteria;Bacillota_A;Clostridia;Lachnospirales;Lachnospiraceae;Blautia_A;Blautia_A;Otu2636;;;;;;;;;;;;;;;;;;
Otu2641;Bacteria;Bacillota_A;Clostridia;Lachnospirales;Lachnospiraceae;Lachnospira;Lachnospira;Otu2641;;;;;;;;;;;;;;;;;;
Otu2645;Bacteria;Bacteroidota;Bacteroidia;Bacteroidales;Bacteroidaceae;Phocaeicola;Phocaeicola vulgatus;Otu2645;;;;;;;;;;;;;;;;;;
Otu2649;Bacteria;Bacillota_A;Clostridia;Lachnospirales;Lachnospiraceae;Lachnospira;Lachnospira;Otu2649;;;;;;;;;;;;;;;;;;
Otu2651;Bacteria;Bacillota_A;Clostridia;Lachnospirales;Lachnospiraceae;Anaerostipes;Anaerostipes;Otu2651;;;;;;;;;;;;;;;;;;
Otu2654;Bacteria;Bacillota_A;Clostridia;Lachnospirales;Lachnospiraceae;Alitiscatomonas;Alitiscatomonas;Otu2654;;;;;;;;;;;;;;;;;;
Otu2656;Bacteria;Bacillota_A;Clostridia;Lachnospirales;Lachnospiraceae;Dorea_D;Dorea_D hominis;Otu2656;;;;;;;;;;;;;;;;;;
Otu2659;Bacteria;Bacillota_A;Clostridia;Lachnospirales;Lachnospiraceae;Lachnospiraceae;Lachnospiraceae;Otu2659;;;;;;;;;;;;;;;;;;
Otu2661;Bacteria;Actinomycetota;Actinomycetes;Actinomycetales;Bifidobacteriaceae;Bifidobacterium;Bifidobacterium;Otu2661;;;;;;;;;;;;;;;;;;
Otu2662;Bacteria;Bacillota_C;Negativicutes;Veillonellales;Dialisteraceae;Dialister;Dialister sp900543165;Otu2662;;;;;;;;;;;;;;;;;;
Otu2664;Bacteria;Bacteroidota;Bacteroidia;Bacteroidales;Bacteroidaceae;Bacteroides;Bacteroides caccae;Otu2664;;;;;;;;;;;;;;;;;;
Otu2666;Bacteria;Bacillota_A;Clostridia;Lachnospirales;Lachnospiraceae;Fusicatenibacter;Fusicatenibacter saccharivorans;Otu2666;;;;;;;;;;;;;;;;;;
Otu2670;Bacteria;Bacillota;Bacilli;Lactobacillales;Streptococcaceae;Streptococcus;Streptococcus;Otu2670;;;;;;;;;;;;;;;;;;
Otu2672;Bacteria;Bacillota_A;Clostridia;Oscillospirales;Oscillospiraceae;Dysosmobacter;Dysosmobacter;Otu2672;;;;;;;;;;;;;;;;;;
Otu2673;Bacteria;Bacillota_A;Clostridia;Lachnospirales;Lachnospiraceae;Mediterraneibacter;Mediterraneibacter;Otu2673;;;;;;;;;;;;;;;;;;
Otu2689;Bacteria;Bacillota_A;Clostridia;Lachnospirales;Lachnospiraceae;Lachnospiraceae;Lachnospiraceae;Otu2689;;;;;;;;;;;;;;;;;;
Otu2691;Bacteria;Bacteroidota;Bacteroidia;Bacteroidales;Bacteroidaceae;Phocaeicola;Phocaeicola vulgatus;Otu2691;;;;;;;;;;;;;;;;;;
Otu2692;Bacteria;Bacillota_A;Clostridia;Lachnospirales;Lachnospiraceae;Lachnospiraceae;Lachnospiraceae;Otu2692;;;;;;;;;;;;;;;;;;
Otu2701;Bacteria;Bacillota_A;Clostridia;Lachnospirales;Lachnospiraceae;Blautia_A;Blautia_A;Otu2701;;;;;;;;;;;;;;;;;;
Otu2704;Bacteria;Bacillota_A;Clostridia;Lachnospirales;Lachnospiraceae;Lachnospiraceae;Lachnospiraceae;Otu2704;;;;;;;;;;;;;;;;;;
Otu2705;Bacteria;Bacillota_I;Bacilli_A;Erysipelotrichales;Coprobacillaceae;Faecalibacillus;Faecalibacillus intestinalis;Otu2705;;;;;;;;;;;;;;;;;;
Otu2706;Bacteria;Bacillota_A;Clostridia;Oscillospirales;Ruminococcaceae;Faecalibacterium;Faecalibacterium;Otu2706;;;;;;;;;;;;;;;;;;
Otu2708;Bacteria;Bacillota_A;Clostridia;Oscillospirales;Ruminococcaceae;Ruminococcus_F;Ruminococcus_F champanellensis;Otu2708;;;;;;;;;;;;;;;;;;
Otu2717;Bacteria;Bacteroidota;Bacteroidia;Bacteroidales;Bacteroidaceae;Bacteroides;Bacteroides;Otu2717;;;;;;;;;;;;;;;;;;
Otu2722;Bacteria;Bacillota_A;Clostridia;Lachnospirales;Lachnospiraceae;Agathobacter;Agathobacter rectalis;Otu2722;;;;;;;;;;;;;;;;;;
Otu2723;Bacteria;Bacillota_A;Clostridia;Lachnospirales;Lachnospiraceae;Lachnospiraceae;Lachnospiraceae;Otu2723;;;;;;;;;;;;;;;;;;
Otu2727;Bacteria;Bacteroidota;Bacteroidia;Bacteroidales;Bacteroidaceae;Phocaeicola;Phocaeicola;Otu2727;;;;;;;;;;;;;;;;;;
Otu2730;Bacteria;Bacillota_A;Clostridia;Christensenellales;CAG-138;PeH17;PeH17 sp000435055;Otu2730;;;;;;;;;;;;;;;;;;
Otu2732;Bacteria;Bacillota_A;Clostridia;Lachnospirales;Lachnospiraceae;Frisingicoccus;Frisingicoccus caecimuris;Otu2732;;;;;;;;;;;;;;;;;;
Otu2733;Bacteria;Bacillota_A;Clostridia;Lachnospirales;Lachnospiraceae;Blautia_A;Blautia_A;Otu2733;;;;;;;;;;;;;;;;;;
Otu2735;Bacteria;Bacillota_A;Clostridia;TANB77;CAG-508;CAG-508;CAG-508;Otu2735;;;;;;;;;;;;;;;;;;
Otu2739;Bacteria;Bacillota_A;Clostridia;Lachnospirales;Lachnospiraceae;Jutongia;Jutongia huaianensis;Otu2739;;;;;;;;;;;;;;;;;;
Otu2744;Bacteria;Bacillota_A;Clostridia;Lachnospirales;Lachnospiraceae;Eubacterium_G;Eubacterium_G sp000435815;Otu2744;;;;;;;;;;;;;;;;;;
Otu2745;Bacteria;Bacillota_A;Clostridia;Lachnospirales;Lachnospiraceae;Anaerostipes;Anaerostipes amylophilus;Otu2745;;;;;;;;;;;;;;;;;;
Otu2748;Bacteria;Bacillota_A;Clostridia;Lachnospirales;Lachnospiraceae;Hominiventricola;Hominiventricola sp003480725;Otu2748;;;;;;;;;;;;;;;;;;
Otu2751;Bacteria;Bacillota_A;Clostridia;Lachnospirales;Lachnospiraceae;Hominiventricola;Hominiventricola sp003480725;Otu2751;;;;;;;;;;;;;;;;;;
Otu2754;Bacteria;Bacillota_A;Clostridia;Oscillospirales;Oscillospiraceae;CAG-103;CAG-103 sp000432375;Otu2754;;;;;;;;;;;;;;;;;;
Otu2755;Bacteria;Bacillota_A;Clostridia;Lachnospirales;Lachnospiraceae;Gallintestinimicrobium;Gallintestinimicrobium propionicum;Otu2755;;;;;;;;;;;;;;;;;;
Otu2759;Bacteria;Bacillota_A;Clostridia;Lachnospirales;Lachnospiraceae;Agathobacter;Agathobacter ruminis;Otu2759;;;;;;;;;;;;;;;;;;
Otu2766;Bacteria;Bacillota_A;Clostridia;Lachnospirales;Lachnospiraceae;Lachnospiraceae;Lachnospiraceae;Otu2766;;;;;;;;;;;;;;;;;;
Otu2769;Bacteria;Bacillota_A;Clostridia;Lachnospirales;Lachnospiraceae;Lachnospiraceae;Lachnospiraceae;Otu2769;;;;;;;;;;;;;;;;;;
Otu2774;Bacteria;Bacillota_A;Clostridia;Lachnospirales;Lachnospiraceae;Eubacterium_G;Eubacterium_G segne;Otu2774;;;;;;;;;;;;;;;;;;
Otu2775;Bacteria;Bacillota;Bacilli;Lactobacillales;Streptococcaceae;Streptococcus;Streptococcus;Otu2775;;;;;;;;;;;;;;;;;;
Otu2779;Bacteria;Bacillota_A;Clostridia;Christensenellales;Aristaeellaceae;UBA11524;UBA11524 sp000437595;Otu2779;;;;;;;;;;;;;;;;;;
Otu2780;Bacteria;Bacillota_A;Clostridia;Clostridia;Clostridia;Clostridia;Clostridia;Otu2780;;;;;;;;;;;;;;;;;;
Otu2783;Bacteria;Bacillota_A;Clostridia;Lachnospirales;Lachnospiraceae;CAG-194;CAG-194 sp018917935;Otu2783;;;;;;;;;;;;;;;;;;
Otu2784;Bacteria;Bacteroidota;Bacteroidia;Bacteroidales;Bacteroidaceae;Bacteroides;Bacteroides;Otu2784;;;;;;;;;;;;;;;;;;
Otu2786;Bacteria;Bacillota_A;Clostridia;Lachnospirales;Lachnospiraceae;Anaerobutyricum;Anaerobutyricum hallii;Otu2786;;;;;;;;;;;;;;;;;;
Otu2795;Bacteria;Bacillota_A;Clostridia;Oscillospirales;Oscillospiraceae;Onthomonas;Onthomonas sp900545815;Otu2795;;;;;;;;;;;;;;;;;;
Otu2799;Bacteria;Bacillota_A;Clostridia;Lachnospirales;Lachnospiraceae;Lachnospira;Lachnospira sp000436475;Otu2799;;;;;;;;;;;;;;;;;;
Otu2810;Bacteria;Bacillota_A;Clostridia;Christensenellales;Christensenellaceae;Christensenellaceae;Christensenellaceae;Otu2810;;;;;;;;;;;;;;;;;;
Otu2814;Bacteria;Bacillota_A;Clostridia;Lachnospirales;Lachnospiraceae;Dorea_A;Dorea_A contorta_A;Otu2814;;;;;;;;;;;;;;;;;;
Otu2817;Bacteria;Bacillota_A;Clostridia;Lachnospirales;Lachnospiraceae;Lachnospiraceae;Lachnospiraceae;Otu2817;;;;;;;;;;;;;;;;;;
Otu2819;Bacteria;Bacillota_A;Clostridia;Lachnospirales;Lachnospiraceae;Lachnospiraceae;Lachnospiraceae;Otu2819;;;;;;;;;;;;;;;;;;
Otu2823;Bacteria;Bacillota_A;Clostridia;Lachnospirales;Lachnospiraceae;Lachnospiraceae;Lachnospiraceae;Otu2823;;;;;;;;;;;;;;;;;;
Otu2825;Bacteria;Bacillota_A;Clostridia;Christensenellales;CAG-138;SFEL01;SFEL01 sp004557245;Otu2825;;;;;;;;;;;;;;;;;;
Otu2832;Bacteria;Bacillota_A;Clostridia;Lachnospirales;Lachnospiraceae;Roseburia;Roseburia hominis;Otu2832;;;;;;;;;;;;;;;;;;
Otu2833;Bacteria;Actinomycetota;Actinomycetes;Actinomycetales;Bifidobacteriaceae;Bifidobacterium;Bifidobacterium;Otu2833;;;;;;;;;;;;;;;;;;
Otu2845;Bacteria;Bacillota_A;Clostridia;Lachnospirales;Lachnospiraceae;Agathobacter;Agathobacter;Otu2845;;;;;;;;;;;;;;;;;;
Otu2846;Bacteria;Bacillota_A;Clostridia;Lachnospirales;Lachnospiraceae;Gallintestinimicrobium;Gallintestinimicrobium propionicum;Otu2846;;;;;;;;;;;;;;;;;;
Otu2847;Bacteria;Bacillota_A;Clostridia;Lachnospirales;Lachnospiraceae;Wujia;Wujia;Otu2847;;;;;;;;;;;;;;;;;;
Otu2851;Bacteria;Bacillota_A;Clostridia;Lachnospirales;Lachnospiraceae;Blautia_A;Blautia_A wexlerae;Otu2851;;;;;;;;;;;;;;;;;;
Otu2852;Bacteria;Bacillota_A;Clostridia;Lachnospirales;Lachnospiraceae;Anaerobutyricum;Anaerobutyricum hallii;Otu2852;;;;;;;;;;;;;;;;;;
Otu2860;Bacteria;Bacillota_A;Clostridia;Lachnospirales;Lachnospiraceae;Blautia_A;Blautia_A caecimuris;Otu2860;;;;;;;;;;;;;;;;;;
Otu2863;Bacteria;Bacillota_A;Clostridia;Lachnospirales;Lachnospiraceae;Butyrivibrio_A;Butyrivibrio_A crossotus;Otu2863;;;;;;;;;;;;;;;;;;
Otu2869;Bacteria;Bacillota_A;Clostridia;Lachnospirales;Lachnospiraceae;Dorea_A;Dorea_A;Otu2869;;;;;;;;;;;;;;;;;;
Otu2873;Bacteria;Bacteroidota;Bacteroidia;Bacteroidales;Coprobacteraceae;Coprobacter;Coprobacter fastidiosus;Otu2873;;;;;;;;;;;;;;;;;;
Otu2874;Bacteria;Bacillota_A;Clostridia;Lachnospirales;Lachnospiraceae;Lachnospiraceae;Lachnospiraceae;Otu2874;;;;;;;;;;;;;;;;;;
Otu2875;Bacteria;Bacillota_A;Clostridia;Lachnospirales;Lachnospiraceae;Agathobacter;Agathobacter sp900543445;Otu2875;;;;;;;;;;;;;;;;;;
Otu2878;Bacteria;Bacillota_A;Clostridia;Oscillospirales;Ruminococcaceae;Pygmaiobacter;Pygmaiobacter hominis;Otu2878;;;;;;;;;;;;;;;;;;
Otu2892;Bacteria;Bacillota_A;Clostridia;Lachnospirales;Lachnospiraceae;Oliverpabstia;Oliverpabstia;Otu2892;;;;;;;;;;;;;;;;;;
Otu2896;Bacteria;Bacillota_A;Clostridia;Oscillospirales;Oscillospiraceae;Vescimonas;Vescimonas;Otu2896;;;;;;;;;;;;;;;;;;
Otu2903;Bacteria;Bacillota_A;Clostridia;Lachnospirales;Lachnospiraceae;Agathobacter;Agathobacter;Otu2903;;;;;;;;;;;;;;;;;;
Otu2907;Bacteria;Bacteroidota;Bacteroidia;Bacteroidales;Bacteroidaceae;Bacteroides;Bacteroides;Otu2907;;;;;;;;;;;;;;;;;;
Otu2910;Bacteria;Bacteroidota;Bacteroidia;Bacteroidales;Bacteroidaceae;Phocaeicola;Phocaeicola sp948566455;Otu2910;;;;;;;;;;;;;;;;;;
Otu2912;Bacteria;Bacillota_A;Clostridia;Lachnospirales;Lachnospiraceae;Blautia_A;Blautia_A;Otu2912;;;;;;;;;;;;;;;;;;
Otu2913;Bacteria;Bacillota_A;Clostridia;Oscillospirales;CAG-272;CAG-448;CAG-448 sp003150135;Otu2913;;;;;;;;;;;;;;;;;;
Otu2915;Bacteria;Bacillota_A;Clostridia;Oscillospirales;Ruminococcaceae;Ruminococcus;Ruminococcus sp900540005;Otu2915;;;;;;;;;;;;;;;;;;
Otu2916;Bacteria;Bacillota_A;Clostridia;Lachnospirales;Lachnospiraceae;Lachnospiraceae;Lachnospiraceae;Otu2916;;;;;;;;;;;;;;;;;;
Otu2918;Bacteria;Bacillota_A;Clostridia;Oscillospirales;Acutalibacteraceae;CAG-177;CAG-177 sp003514385;Otu2918;;;;;;;;;;;;;;;;;;
Otu2920;Bacteria;Bacillota_A;Clostridia;Lachnospirales;Lachnospiraceae;Choladousia;Choladousia sp902363665;Otu2920;;;;;;;;;;;;;;;;;;
Otu2922;Bacteria;Bacillota_A;Clostridia;Oscillospirales;Ruminococcaceae;Ruminococcaceae;Ruminococcaceae;Otu2922;;;;;;;;;;;;;;;;;;
Otu2925;Bacteria;Bacillota_A;Clostridia;Lachnospirales;Lachnospiraceae;Lachnospiraceae;Lachnospiraceae;Otu2925;;;;;;;;;;;;;;;;;;
Otu2927;Bacteria;Bacillota_A;Clostridia;Lachnospirales;Lachnospiraceae;Hominiventricola;Hominiventricola sp003480725;Otu2927;;;;;;;;;;;;;;;;;;
Otu2928;Bacteria;Bacillota_A;Clostridia;Lachnospirales;Lachnospiraceae;Lachnospiraceae;Lachnospiraceae;Otu2928;;;;;;;;;;;;;;;;;;
Otu2929;Bacteria;Bacteroidota;Bacteroidia;Bacteroidales;Bacteroidaceae;Bacteroides;Bacteroides intestinigallinarum;Otu2929;;;;;;;;;;;;;;;;;;
Otu2937;Bacteria;Bacillota_A;Clostridia;Lachnospirales;Lachnospiraceae;Hominiventricola;Hominiventricola filiformis;Otu2937;;;;;;;;;;;;;;;;;;
Otu2940;Bacteria;Bacillota_C;Negativicutes;Acidaminococcales;Acidaminococcaceae;Phascolarctobacterium;Phascolarctobacterium faecium;Otu2940;;;;;;;;;;;;;;;;;;
Otu2944;Bacteria;Bacillota_A;Clostridia;Lachnospirales;Lachnospiraceae;Agathobacter;Agathobacter;Otu2944;;;;;;;;;;;;;;;;;;
Otu2946;Bacteria;Bacillota_A;Clostridia;Lachnospirales;Lachnospiraceae;Lachnospiraceae;Lachnospiraceae;Otu2946;;;;;;;;;;;;;;;;;;
Otu2951;Bacteria;Bacteroidota;Bacteroidia;Bacteroidales;Bacteroidaceae;Bacteroides;Bacteroides caccae;Otu2951;;;;;;;;;;;;;;;;;;
Otu2954;Bacteria;Bacillota_A;Clostridia;Lachnospirales;Lachnospiraceae;Mediterraneibacter;Mediterraneibacter torques;Otu2954;;;;;;;;;;;;;;;;;;
Otu2956;Bacteria;Bacillota_A;Clostridia;Lachnospirales;Lachnospiraceae;Blautia_A;Blautia_A;Otu2956;;;;;;;;;;;;;;;;;;
Otu2958;Bacteria;Bacillota_A;Clostridia;Lachnospirales;Lachnospiraceae;Lachnospiraceae;Lachnospiraceae;Otu2958;;;;;;;;;;;;;;;;;;
Otu2960;Bacteria;Bacillota_A;Clostridia;Lachnospirales;Lachnospiraceae;Lachnospiraceae;Lachnospiraceae;Otu2960;;;;;;;;;;;;;;;;;;
Otu2962;Bacteria;Bacillota_A;Clostridia;Lachnospirales;Lachnospiraceae;Lachnospiraceae;Lachnospiraceae;Otu2962;;;;;;;;;;;;;;;;;;
Otu2963;Bacteria;Bacillota_A;Clostridia;Lachnospirales;Lachnospiraceae;Blautia_A;Blautia_A sp900066335;Otu2963;;;;;;;;;;;;;;;;;;
Otu2975;Bacteria;Bacillota_A;Clostridia;Lachnospirales;Lachnospiraceae;Blautia;Blautia;Otu2975;;;;;;;;;;;;;;;;;;
Otu2989;Bacteria;Bacillota_A;Clostridia;Lachnospirales;Lachnospiraceae;Dorea_A;Dorea_A contorta_A;Otu2989;;;;;;;;;;;;;;;;;;
Otu2992;Bacteria;Bacteroidota;Bacteroidia;Bacteroidales;Bacteroidaceae;Bacteroides;Bacteroides;Otu2992;;;;;;;;;;;;;;;;;;
Otu2996;Bacteria;Bacillota_A;Clostridia;Lachnospirales;Lachnospiraceae;Lachnospiraceae;Lachnospiraceae;Otu2996;;;;;;;;;;;;;;;;;;
Otu2997;Bacteria;Bacillota_A;Clostridia;Lachnospirales;Lachnospiraceae;Lachnospiraceae;Lachnospiraceae;Otu2997;;;;;;;;;;;;;;;;;;
Otu2999;Bacteria;Bacillota_A;Clostridia;Lachnospirales;Lachnospiraceae;Oliverpabstia;Oliverpabstia;Otu2999;;;;;;;;;;;;;;;;;;
Otu3004;Bacteria;Bacillota_A;Clostridia;Lachnospirales;Lachnospiraceae;Lachnospiraceae;Lachnospiraceae;Otu3004;;;;;;;;;;;;;;;;;;
Otu3010;Bacteria;Bacillota_A;Clostridia;Lachnospirales;Lachnospiraceae;Lachnospiraceae;Lachnospiraceae;Otu3010;;;;;;;;;;;;;;;;;;
Otu3013;Bacteria;Bacillota_A;Clostridia;Lachnospirales;Lachnospiraceae;Blautia_A;Blautia_A;Otu3013;;;;;;;;;;;;;;;;;;
Otu3018;Bacteria;Bacteroidota;Bacteroidia;Bacteroidales;Bacteroidaceae;Phocaeicola;Phocaeicola;Otu3018;;;;;;;;;;;;;;;;;;
Otu3023;Bacteria;Bacillota_A;Clostridia;Lachnospirales;Lachnospiraceae;Blautia_A;Blautia_A;Otu3023;;;;;;;;;;;;;;;;;;
Otu3028;Bacteria;Bacillota_A;Clostridia;Lachnospirales;Lachnospiraceae;Lachnospiraceae;Lachnospiraceae;Otu3028;;;;;;;;;;;;;;;;;;
Otu3034;Bacteria;Bacillota_A;Clostridia;Clostridia;Clostridia;Clostridia;Clostridia;Otu3034;;;;;;;;;;;;;;;;;;
Otu3039;Bacteria;Bacillota_A;Clostridia;Lachnospirales;Lachnospiraceae;Limivivens;Limivivens faecihominis;Otu3039;;;;;;;;;;;;;;;;;;
Otu3044;Bacteria;Bacillota_A;Clostridia;Lachnospirales;Lachnospiraceae;Lachnospiraceae;Lachnospiraceae;Otu3044;;;;;;;;;;;;;;;;;;
Otu3049;Bacteria;Bacillota_A;Clostridia;Lachnospirales;Lachnospiraceae;Acetatifactor;Acetatifactor intestinalis;Otu3049;;;;;;;;;;;;;;;;;;
Otu3056;Bacteria;Bacteroidota;Bacteroidia;Bacteroidales;Bacteroidaceae;Bacteroides;Bacteroides;Otu3056;;;;;;;;;;;;;;;;;;
Otu3059;Bacteria;Bacillota_A;Clostridia;Oscillospirales;Oscillospiraceae;Hominicoprocola;Hominicoprocola sp900317525;Otu3059;;;;;;;;;;;;;;;;;;
Otu3066;Bacteria;Bacillota_A;Clostridia;Lachnospirales;Lachnospiraceae;Butyribacter;Butyribacter sp003529475;Otu3066;;;;;;;;;;;;;;;;;;
Otu3068;Bacteria;Bacillota_A;Clostridia;Lachnospirales;Lachnospiraceae;Anaerobutyricum;Anaerobutyricum soehngenii;Otu3068;;;;;;;;;;;;;;;;;;
Otu3072;Bacteria;Bacteroidota;Bacteroidia;Bacteroidales;Bacteroidaceae;Paraprevotella;Paraprevotella clara;Otu3072;;;;;;;;;;;;;;;;;;
Otu3076;Bacteria;Bacillota_A;Clostridia;Lachnospirales;Lachnospiraceae;Limivivens;Limivivens faecihominis;Otu3076;;;;;;;;;;;;;;;;;;
Otu3077;Bacteria;Bacteroidota;Bacteroidia;Bacteroidales;Bacteroidaceae;Bacteroides;Bacteroides eggerthii;Otu3077;;;;;;;;;;;;;;;;;;
Otu3087;Bacteria;Bacillota_A;Clostridia;Oscillospirales;Ruminococcaceae;Gemmiger;Gemmiger;Otu3087;;;;;;;;;;;;;;;;;;
Otu3092;Bacteria;Bacillota_A;Clostridia;Lachnospirales;Lachnospiraceae;Lachnospiraceae;Lachnospiraceae;Otu3092;;;;;;;;;;;;;;;;;;
Otu3097;Bacteria;Bacteroidota;Bacteroidia;Bacteroidales;Bacteroidaceae;Phocaeicola;Phocaeicola vulgatus;Otu3097;;;;;;;;;;;;;;;;;;
Otu3100;Bacteria;Bacillota_A;Clostridia;Lachnospirales;Lachnospiraceae;Lachnospiraceae;Lachnospiraceae;Otu3100;;;;;;;;;;;;;;;;;;
Otu3103;Bacteria;Bacillota_A;Clostridia;Lachnospirales;Lachnospiraceae;Roseburia;Roseburia;Otu3103;;;;;;;;;;;;;;;;;;
Otu3107;Bacteria;Bacillota_A;Clostridia;Oscillospirales;Oscillospiraceae;Oscillospiraceae;Oscillospiraceae;Otu3107;;;;;;;;;;;;;;;;;;
Otu3109;Bacteria;Bacillota_A;Clostridia;Lachnospirales;Lachnospiraceae;Anaerobutyricum;Anaerobutyricum hallii;Otu3109;;;;;;;;;;;;;;;;;;
Otu3112;Bacteria;Bacillota_A;Clostridia;UBA1381;UBA1381;Hominilimicola;Hominilimicola fabiformis;Otu3112;;;;;;;;;;;;;;;;;;
Otu3113;Bacteria;Bacillota_A;Clostridia;Oscillospirales;Acutalibacteraceae;Ruminococcus_E;Ruminococcus_E;Otu3113;;;;;;;;;;;;;;;;;;
Otu3115;Bacteria;Bacillota_A;Clostridia;Lachnospirales;Lachnospiraceae;Blautia_A;Blautia_A;Otu3115;;;;;;;;;;;;;;;;;;
Otu3117;Bacteria;Bacillota_A;Clostridia;Lachnospirales;Lachnospiraceae;Otoolea;Otoolea;Otu3117;;;;;;;;;;;;;;;;;;
Otu3125;Bacteria;Bacillota_A;Clostridia;Lachnospirales;Lachnospiraceae;Lachnospiraceae;Lachnospiraceae;Otu3125;;;;;;;;;;;;;;;;;;
Otu3126;Bacteria;Bacteroidota;Bacteroidia;Bacteroidales;Bacteroidaceae;Bacteroides;Bacteroides;Otu3126;;;;;;;;;;;;;;;;;;
Otu3130;Bacteria;Bacillota_A;Clostridia;Lachnospirales;Lachnospiraceae;Lachnospiraceae;Lachnospiraceae;Otu3130;;;;;;;;;;;;;;;;;;
Otu3131;Bacteria;Bacteroidota;Bacteroidia;Bacteroidales;Bacteroidaceae;Phocaeicola;Phocaeicola;Otu3131;;;;;;;;;;;;;;;;;;
Otu3132;Bacteria;Bacillota_A;Clostridia;Lachnospirales;Lachnospiraceae;Enterocloster;Enterocloster sp000431375;Otu3132;;;;;;;;;;;;;;;;;;
Otu3137;Bacteria;Bacillota_A;Clostridia;UBA1381;UBA1381;Hominilimicola;Hominilimicola fabiformis;Otu3137;;;;;;;;;;;;;;;;;;
Otu3138;Bacteria;Bacillota_A;Clostridia;Lachnospirales;Lachnospiraceae;Lachnospiraceae;Lachnospiraceae;Otu3138;;;;;;;;;;;;;;;;;;
Otu3140;Bacteria;Bacillota_A;Clostridia;Oscillospirales;Oscillospiraceae;Oscillospiraceae;Oscillospiraceae;Otu3140;;;;;;;;;;;;;;;;;;
Otu3146;Bacteria;Bacillota_A;Clostridia;Lachnospirales;Lachnospiraceae;Otoolea;Otoolea fessa;Otu3146;;;;;;;;;;;;;;;;;;
Otu3147;Bacteria;Bacteroidota;Bacteroidia;Bacteroidales;Bacteroidaceae;Bacteroides;Bacteroides eggerthii;Otu3147;;;;;;;;;;;;;;;;;;
Otu3148;Bacteria;Bacteroidota;Bacteroidia;Bacteroidales;Bacteroidaceae;Bacteroidaceae;Bacteroidaceae;Otu3148;;;;;;;;;;;;;;;;;;
Otu3155;Bacteria;Bacillota_A;Clostridia;Lachnospirales;Lachnospiraceae;Lachnospira;Lachnospira;Otu3155;;;;;;;;;;;;;;;;;;
Otu3158;Bacteria;Bacillota_A;Clostridia;Lachnospirales;Lachnospiraceae;Hominiventricola;Hominiventricola sp018223365;Otu3158;;;;;;;;;;;;;;;;;;
Otu3161;Bacteria;Bacillota_A;Clostridia;Lachnospirales;Lachnospiraceae;Blautia_A;Blautia_A sp900066335;Otu3161;;;;;;;;;;;;;;;;;;
Otu3167;Bacteria;Bacillota_A;Clostridia;Lachnospirales;Lachnospiraceae;Acetatifactor;Acetatifactor acetigignens;Otu3167;;;;;;;;;;;;;;;;;;
Otu3168;Bacteria;Bacillota_A;Clostridia;Oscillospirales;Ruminococcaceae;Hominimerdicola;Hominimerdicola aceti;Otu3168;;;;;;;;;;;;;;;;;;
Otu3169;Bacteria;Bacillota_A;Clostridia;Lachnospirales;Lachnospiraceae;Blautia_A;Blautia_A faecis;Otu3169;;;;;;;;;;;;;;;;;;
Otu3172;Bacteria;Bacillota_A;Clostridia;Oscillospirales;Butyricicoccaceae;Agathobaculum;Agathobaculum butyriciproducens;Otu3172;;;;;;;;;;;;;;;;;;
Otu3173;Bacteria;Bacillota_A;Clostridia;Lachnospirales;Lachnospiraceae;Enterocloster;Enterocloster sp001517625;Otu3173;;;;;;;;;;;;;;;;;;
Otu3174;Bacteria;Bacillota_A;Clostridia;Lachnospirales;Lachnospiraceae;Lachnospiraceae;Lachnospiraceae;Otu3174;;;;;;;;;;;;;;;;;;
Otu3179;Bacteria;Bacillota_A;Clostridia;Lachnospirales;Lachnospiraceae;Lachnospiraceae;Lachnospiraceae;Otu3179;;;;;;;;;;;;;;;;;;
Otu3180;Bacteria;Bacillota_A;Clostridia;Lachnospirales;Lachnospiraceae;Lachnospiraceae;Lachnospiraceae;Otu3180;;;;;;;;;;;;;;;;;;
Otu3182;Bacteria;Bacillota_A;Clostridia;Lachnospirales;Lachnospiraceae;Jutongia;Jutongia huaianensis;Otu3182;;;;;;;;;;;;;;;;;;
Otu3186;Bacteria;Bacillota_A;Clostridia;Lachnospirales;Lachnospiraceae;Blautia_A;Blautia_A difficilis;Otu3186;;;;;;;;;;;;;;;;;;
Otu3187;Bacteria;Bacillota_A;Clostridia;Oscillospirales;Ruminococcaceae;Hominimerdicola;Hominimerdicola aceti;Otu3187;;;;;;;;;;;;;;;;;;
Otu3191;Bacteria;Bacillota_A;Clostridia;Lachnospirales;Lachnospiraceae;Blautia_A;Blautia_A caecimuris;Otu3191;;;;;;;;;;;;;;;;;;
Otu3192;Bacteria;Bacillota_A;Clostridia;Lachnospirales;Lachnospiraceae;Blautia_A;Blautia_A;Otu3192;;;;;;;;;;;;;;;;;;
Otu3194;Bacteria;Desulfobacterota;Desulfovibrionia;Desulfovibrionales;Desulfovibrionaceae;Desulfovibrio;Desulfovibrio desulfuricans_E;Otu3194;;;;;;;;;;;;;;;;;;
Otu3197;Bacteria;Bacteroidota;Bacteroidia;Bacteroidales;Bacteroidaceae;Bacteroides;Bacteroides stercoris_A;Otu3197;;;;;;;;;;;;;;;;;;
Otu3203;Bacteria;Bacillota_A;Clostridia;Christensenellales;Aristaeellaceae;UBA11524;UBA11524 sp000437595;Otu3203;;;;;;;;;;;;;;;;;;
Otu3205;Bacteria;Bacteroidota;Bacteroidia;Bacteroidales;Bacteroidaceae;Bacteroides;Bacteroides;Otu3205;;;;;;;;;;;;;;;;;;
Otu3207;Bacteria;Bacillota_A;Clostridia;Oscillospirales;Acutalibacteraceae;Clostridium_A;Clostridium_A leptum;Otu3207;;;;;;;;;;;;;;;;;;
Otu3212;Bacteria;Bacillota_A;Clostridia;Lachnospirales;Lachnospiraceae;Anaerobutyricum;Anaerobutyricum soehngenii;Otu3212;;;;;;;;;;;;;;;;;;
Otu3213;Bacteria;Bacillota_A;Clostridia;Oscillospirales;Oscillospiraceae;Vescimonas;Vescimonas sp000435555;Otu3213;;;;;;;;;;;;;;;;;;
Otu3215;Bacteria;Bacillota_A;Clostridia;Oscillospirales;Ruminococcaceae;Ruminococcaceae;Ruminococcaceae;Otu3215;;;;;;;;;;;;;;;;;;
Otu3222;Bacteria;Bacillota_A;Clostridia;Lachnospirales;Lachnospiraceae;Butyribacter;Butyribacter sp003529475;Otu3222;;;;;;;;;;;;;;;;;;
Otu3223;Bacteria;Bacteroidota;Bacteroidia;Bacteroidales;Bacteroidaceae;Bacteroides;Bacteroides;Otu3223;;;;;;;;;;;;;;;;;;
Otu3224;Bacteria;Bacteroidota;Bacteroidia;Bacteroidales;Bacteroidaceae;Bacteroides;Bacteroides;Otu3224;;;;;;;;;;;;;;;;;;
Otu3231;Bacteria;Bacillota_A;Clostridia;Lachnospirales;Lachnospiraceae;Blautia_A;Blautia_A;Otu3231;;;;;;;;;;;;;;;;;;
Otu3232;Bacteria;Pseudomonadota;Gammaproteobacteria;Enterobacterales;Succinivibrionaceae;Succinivibrio;Succinivibrio sp000431835;Otu3232;;;;;;;;;;;;;;;;;;
Otu3237;Bacteria;Bacillota_A;Clostridia;Oscillospirales;Butyricicoccaceae;Pseudobutyricicoccus;Pseudobutyricicoccus sp003477405;Otu3237;;;;;;;;;;;;;;;;;;
Otu3239;Bacteria;Bacillota_A;Clostridia;Lachnospirales;Anaerotignaceae;JANFXS01;JANFXS01 sp024460105;Otu3239;;;;;;;;;;;;;;;;;;
Otu3244;Bacteria;Bacillota_A;Clostridia;Oscillospirales;Ruminococcaceae;Gemmiger;Gemmiger formicilis;Otu3244;;;;;;;;;;;;;;;;;;
Otu3249;Bacteria;Bacillota_A;Clostridia;Lachnospirales;Lachnospiraceae;Blautia_A;Blautia_A sp900548245;Otu3249;;;;;;;;;;;;;;;;;;
Otu3251;Bacteria;Bacillota_I;Bacilli_A;Erysipelotrichales;Erysipelotrichaceae;Holdemania;Holdemania filiformis;Otu3251;;;;;;;;;;;;;;;;;;
Otu3252;Bacteria;Bacillota_A;Clostridia;Lachnospirales;Lachnospiraceae;Blautia;Blautia stercoris;Otu3252;;;;;;;;;;;;;;;;;;
Otu3254;Bacteria;Bacillota_A;Clostridia;Lachnospirales;Lachnospiraceae;Lachnospiraceae;Lachnospiraceae;Otu3254;;;;;;;;;;;;;;;;;;
Otu3255;Bacteria;Bacillota_A;Clostridia;Lachnospirales;Lachnospiraceae;Lachnospiraceae;Lachnospiraceae;Otu3255;;;;;;;;;;;;;;;;;;
Otu3257;Bacteria;Bacillota_I;Bacilli_A;Erysipelotrichales;Coprobacillaceae;Catenibacterium;Catenibacterium mitsuokai;Otu3257;;;;;;;;;;;;;;;;;;
Otu3262;Bacteria;Bacillota_A;Clostridia;Lachnospirales;Lachnospiraceae;Coprococcus_A;Coprococcus_A catus;Otu3262;;;;;;;;;;;;;;;;;;
Otu3268;Bacteria;Bacillota_A;Clostridia;Christensenellales;Aristaeellaceae;Aristaeella;Aristaeella;Otu3268;;;;;;;;;;;;;;;;;;
Otu3274;Bacteria;Bacteroidota;Bacteroidia;Bacteroidales;Bacteroidaceae;Paraprevotella;Paraprevotella clara;Otu3274;;;;;;;;;;;;;;;;;;
Otu3275;Bacteria;Bacillota_A;Clostridia;Lachnospirales;Lachnospiraceae;Hominiventricola;Hominiventricola;Otu3275;;;;;;;;;;;;;;;;;;
Otu3277;Bacteria;Bacillota_A;Clostridia;Lachnospirales;Lachnospiraceae;Bariatricus;Bariatricus;Otu3277;;;;;;;;;;;;;;;;;;
Otu3278;Bacteria;Bacillota_A;Clostridia;Christensenellales;Christensenellaceae;Guopingia;Guopingia tenuis;Otu3278;;;;;;;;;;;;;;;;;;
Otu3288;Bacteria;Bacillota_A;Clostridia;Lachnospirales;Lachnospiraceae;Lachnospiraceae;Lachnospiraceae;Otu3288;;;;;;;;;;;;;;;;;;
Otu3292;Bacteria;Pseudomonadota;Gammaproteobacteria;Enterobacterales;Succinivibrionaceae;Succinivibrio;Succinivibrio sp000431835;Otu3292;;;;;;;;;;;;;;;;;;
Otu3303;Bacteria;Bacillota_A;Clostridia;Oscillospirales;Acutalibacteraceae;Acutalibacter;Acutalibacter timonensis;Otu3303;;;;;;;;;;;;;;;;;;
Otu3304;Bacteria;Bacillota_A;Clostridia;Lachnospirales;Lachnospiraceae;Bariatricus;Bariatricus comes_A;Otu3304;;;;;;;;;;;;;;;;;;
Otu3314;Bacteria;Bacillota_A;Clostridia;Lachnospirales;Lachnospiraceae;Blautia_A;Blautia_A;Otu3314;;;;;;;;;;;;;;;;;;
Otu3315;Bacteria;Bacillota_A;Clostridia;Lachnospirales;Lachnospiraceae;Lachnospiraceae;Lachnospiraceae;Otu3315;;;;;;;;;;;;;;;;;;
Otu3316;Bacteria;Bacillota_A;Clostridia;Lachnospirales;Lachnospiraceae;Butyrivibrio_A;Butyrivibrio_A crossotus;Otu3316;;;;;;;;;;;;;;;;;;
Otu3318;Bacteria;Bacillota_A;Clostridia;Christensenellales;Aristaeellaceae;UBA11524;UBA11524 sp000437595;Otu3318;;;;;;;;;;;;;;;;;;
Otu3320;Bacteria;Bacillota_A;Clostridia;Lachnospirales;Lachnospiraceae;Blautia;Blautia sp900541955;Otu3320;;;;;;;;;;;;;;;;;;
Otu3321;Bacteria;Bacillota_A;Clostridia;Oscillospirales;Oscillospiraceae;Hominicoprocola;Hominicoprocola sp900317525;Otu3321;;;;;;;;;;;;;;;;;;
Otu3327;Bacteria;Bacillota_A;Clostridia;Lachnospirales;Lachnospiraceae;Blautia_A;Blautia_A;Otu3327;;;;;;;;;;;;;;;;;;
Otu3328;Bacteria;Bacillota_A;Clostridia;Oscillospirales;Acutalibacteraceae;Ruminococcus_E;Ruminococcus_E bromii;Otu3328;;;;;;;;;;;;;;;;;;
Otu3329;Bacteria;Bacillota_A;Clostridia;Lachnospirales;Lachnospiraceae;Anaerostipes;Anaerostipes sp900066705;Otu3329;;;;;;;;;;;;;;;;;;
Otu3335;Bacteria;Pseudomonadota;Gammaproteobacteria;Pseudomonadales;Pseudomonadaceae;Pseudomonas_E;Pseudomonas_E;Otu3335;;;;;;;;;;;;;;;;;;
Otu3340;Bacteria;Bacillota_A;Clostridia;Lachnospirales;Lachnospiraceae;Lachnospiraceae;Lachnospiraceae;Otu3340;;;;;;;;;;;;;;;;;;
Otu3344;Bacteria;Bacillota_A;Clostridia;Lachnospirales;Lachnospiraceae;Lachnospiraceae;Lachnospiraceae;Otu3344;;;;;;;;;;;;;;;;;;
Otu3350;Bacteria;Bacillota_A;Clostridia;Lachnospirales;Lachnospiraceae;Eubacterium_G;Eubacterium_G sp000435815;Otu3350;;;;;;;;;;;;;;;;;;
Otu3353;Bacteria;Bacillota_A;Clostridia;Oscillospirales;Ruminococcaceae;Gemmiger;Gemmiger formicilis;Otu3353;;;;;;;;;;;;;;;;;;
Otu3367;Bacteria;Bacteroidota;Bacteroidia;Bacteroidales;Bacteroidaceae;Bacteroides;Bacteroides;Otu3367;;;;;;;;;;;;;;;;;;
Otu3370;Bacteria;Bacillota_A;Clostridia;Christensenellales;Aristaeellaceae;UBA11524;UBA11524 sp000437595;Otu3370;;;;;;;;;;;;;;;;;;
Otu3371;Bacteria;Bacillota_A;Clostridia;Lachnospirales;Lachnospiraceae;Lachnospira;Lachnospira pectinoschiza_A;Otu3371;;;;;;;;;;;;;;;;;;
Otu3373;Bacteria;Bacillota_A;Clostridia;Lachnospirales;Lachnospiraceae;Roseburia_D;Roseburia_D yibonii;Otu3373;;;;;;;;;;;;;;;;;;
Otu3385;Bacteria;Bacillota_A;Clostridia;Oscillospirales;Ruminococcaceae;Gemmiger;Gemmiger qucibialis;Otu3385;;;;;;;;;;;;;;;;;;
Otu3390;Bacteria;Bacillota_A;Clostridia;Lachnospirales;Lachnospiraceae;Lachnospiraceae;Lachnospiraceae;Otu3390;;;;;;;;;;;;;;;;;;
Otu3396;Bacteria;Bacillota_A;Clostridia;Lachnospirales;Lachnospiraceae;Mediterraneibacter;Mediterraneibacter faecis;Otu3396;;;;;;;;;;;;;;;;;;
Otu3400;Bacteria;Bacillota_A;Clostridia;Lachnospirales;Lachnospiraceae;Hominisplanchenecus;Hominisplanchenecus faecis;Otu3400;;;;;;;;;;;;;;;;;;
Otu3401;Bacteria;Bacillota_A;Clostridia;Lachnospirales;Lachnospiraceae;Agathobacter;Agathobacter;Otu3401;;;;;;;;;;;;;;;;;;
Otu3402;Bacteria;Bacillota_A;Clostridia;Lachnospirales;Lachnospiraceae;Roseburia;Roseburia inulinivorans;Otu3402;;;;;;;;;;;;;;;;;;
Otu3404;Bacteria;Bacillota_A;Clostridia;Peptostreptococcales;Anaerovoracaceae;Lentihominibacter;Lentihominibacter butyrica;Otu3404;;;;;;;;;;;;;;;;;;
Otu3412;Bacteria;Bacillota_A;Clostridia;Lachnospirales;Lachnospiraceae;Lachnospiraceae;Lachnospiraceae;Otu3412;;;;;;;;;;;;;;;;;;
Otu3415;Bacteria;Bacillota_A;Clostridia;Lachnospirales;Lachnospiraceae;Lachnospiraceae;Lachnospiraceae;Otu3415;;;;;;;;;;;;;;;;;;
Otu3426;Bacteria;Bacillota_A;Clostridia;Peptostreptococcales;Peptostreptococcaceae;Intestinibacter;Intestinibacter bartlettii;Otu3426;;;;;;;;;;;;;;;;;;
Otu3432;Bacteria;Bacillota_A;Clostridia;Lachnospirales;Lachnospiraceae;Roseburia;Roseburia rectibacter;Otu3432;;;;;;;;;;;;;;;;;;
Otu3433;Bacteria;Bacillota_A;Clostridia;Lachnospirales;Lachnospiraceae;Lachnospiraceae;Lachnospiraceae;Otu3433;;;;;;;;;;;;;;;;;;
Otu3436;Bacteria;Bacillota_A;Clostridia;Oscillospirales;Oscillospiraceae;Vescimonas;Vescimonas sp000435555;Otu3436;;;;;;;;;;;;;;;;;;
Otu3437;Bacteria;Bacillota_A;Clostridia;Lachnospirales;Lachnospiraceae;Eubacterium_I;Eubacterium_I ramulus_A;Otu3437;;;;;;;;;;;;;;;;;;
Otu3438;Bacteria;Bacillota_A;Clostridia;Oscillospirales;Oscillospiraceae;Hominicoprocola;Hominicoprocola;Otu3438;;;;;;;;;;;;;;;;;;
Otu3446;Bacteria;Bacillota_A;Clostridia;Lachnospirales;Lachnospiraceae;Ruminococcus_B;Ruminococcus_B gnavus;Otu3446;;;;;;;;;;;;;;;;;;
Otu3459;Bacteria;Bacillota_A;Clostridia;Lachnospirales;Lachnospiraceae;Roseburia_D;Roseburia_D yibonii;Otu3459;;;;;;;;;;;;;;;;;;
Otu3462;Bacteria;Bacillota_A;Clostridia;Lachnospirales;Lachnospiraceae;Blautia_A;Blautia_A acetigignens;Otu3462;;;;;;;;;;;;;;;;;;
Otu3463;Bacteria;Bacillota_A;Clostridia;Lachnospirales;Lachnospiraceae;Lachnospiraceae;Lachnospiraceae;Otu3463;;;;;;;;;;;;;;;;;;
Otu3466;Bacteria;Bacillota_A;Clostridia;Oscillospirales;Ruminococcaceae;Faecalibacterium;Faecalibacterium longum;Otu3466;;;;;;;;;;;;;;;;;;
Otu3468;Bacteria;Bacillota_A;Clostridia;Lachnospirales;Lachnospiraceae;Blautia;Blautia stercoris;Otu3468;;;;;;;;;;;;;;;;;;
Otu3469;Bacteria;Bacillota_A;Clostridia;Oscillospirales;Ruminococcaceae;Gemmiger;Gemmiger sp900539695;Otu3469;;;;;;;;;;;;;;;;;;
Otu3472;Bacteria;Bacillota_A;Clostridia;Lachnospirales;Lachnospiraceae;Mediterraneibacter;Mediterraneibacter faecis;Otu3472;;;;;;;;;;;;;;;;;;
Otu3475;Bacteria;Bacillota_C;Negativicutes;Veillonellales;Dialisteraceae;Dialister;Dialister hominis;Otu3475;;;;;;;;;;;;;;;;;;
Otu3476;Bacteria;Bacillota_A;Clostridia;Lachnospirales;Lachnospiraceae;Lachnospiraceae;Lachnospiraceae;Otu3476;;;;;;;;;;;;;;;;;;
Otu3477;Bacteria;Bacillota_A;Clostridia;Oscillospirales;Oscillospiraceae;Faecousia;Faecousia sp000434635;Otu3477;;;;;;;;;;;;;;;;;;
Otu3480;Bacteria;Bacillota_A;Clostridia;Lachnospirales;Lachnospiraceae;Blautia_A;Blautia_A;Otu3480;;;;;;;;;;;;;;;;;;
Otu3491;Bacteria;Bacillota_A;Clostridia;Lachnospirales;Lachnospiraceae;Lachnospiraceae;Lachnospiraceae;Otu3491;;;;;;;;;;;;;;;;;;
Otu3493;Bacteria;Bacillota_A;Clostridia;Lachnospirales;Anaerotignaceae;Anaerotignum;Anaerotignum faecicola;Otu3493;;;;;;;;;;;;;;;;;;
Otu3500;Bacteria;Bacillota_A;Clostridia;Lachnospirales;Lachnospiraceae;Mediterraneibacter;Mediterraneibacter faecis;Otu3500;;;;;;;;;;;;;;;;;;
Otu3508;Bacteria;Bacillota_A;Clostridia;Lachnospirales;Lachnospiraceae;Mediterraneibacter;Mediterraneibacter faecis;Otu3508;;;;;;;;;;;;;;;;;;
Otu3510;Bacteria;Bacillota_A;Clostridia;Oscillospirales;Acutalibacteraceae;Acutalibacteraceae;Acutalibacteraceae;Otu3510;;;;;;;;;;;;;;;;;;
Otu3514;Bacteria;Bacillota_A;Clostridia;Lachnospirales;Lachnospiraceae;CAG-194;CAG-194 sp018917935;Otu3514;;;;;;;;;;;;;;;;;;
Otu3519;Bacteria;Pseudomonadota;Gammaproteobacteria;Enterobacterales;Enterobacteriaceae;Escherichia;Escherichia;Otu3519;;;;;;;;;;;;;;;;;;
Otu3520;Bacteria;Bacillota_A;Clostridia;Lachnospirales;Lachnospiraceae;Anaerobutyricum;Anaerobutyricum hallii;Otu3520;;;;;;;;;;;;;;;;;;
Otu3526;Bacteria;Bacillota_A;Clostridia;Lachnospirales;Lachnospiraceae;Mediterraneibacter;Mediterraneibacter;Otu3526;;;;;;;;;;;;;;;;;;
Otu3531;Bacteria;Bacteroidota;Bacteroidia;Bacteroidales;Bacteroidaceae;Phocaeicola;Phocaeicola massiliensis;Otu3531;;;;;;;;;;;;;;;;;;
Otu3533;Bacteria;Bacillota_A;Clostridia;Oscillospirales;Ruminococcaceae;Gemmiger;Gemmiger qucibialis;Otu3533;;;;;;;;;;;;;;;;;;
Otu3540;Bacteria;Bacillota_A;Clostridia;Lachnospirales;Lachnospiraceae;Eubacterium_F;Eubacterium_F sp000433735;Otu3540;;;;;;;;;;;;;;;;;;
Otu3552;Bacteria;Bacillota_A;Clostridia;Lachnospirales;Lachnospiraceae;Lachnospiraceae;Lachnospiraceae;Otu3552;;;;;;;;;;;;;;;;;;
Otu3558;Bacteria;Bacillota_A;Clostridia;Oscillospirales;Oscillospiraceae;Vescimonas;Vescimonas sp000435555;Otu3558;;;;;;;;;;;;;;;;;;
Otu3566;Bacteria;Bacteroidota;Bacteroidia;Bacteroidales;Bacteroidaceae;Prevotella;Prevotella;Otu3566;;;;;;;;;;;;;;;;;;
Otu3570;Bacteria;Bacillota_A;Clostridia;Lachnospirales;Lachnospiraceae;Blautia_A;Blautia_A sp900066335;Otu3570;;;;;;;;;;;;;;;;;;
Otu3577;Bacteria;Bacillota_A;Clostridia;Oscillospirales;Oscillospiraceae;Faecousia;Faecousia sp000434635;Otu3577;;;;;;;;;;;;;;;;;;
Otu3578;Bacteria;Bacillota_A;Clostridia;Oscillospirales;Oscillospiraceae;Faecousia;Faecousia sp000434635;Otu3578;;;;;;;;;;;;;;;;;;
Otu3586;Bacteria;Bacillota_A;Clostridia;Lachnospirales;Lachnospiraceae;Schaedlerella;Schaedlerella hominis;Otu3586;;;;;;;;;;;;;;;;;;
Otu3589;Bacteria;Bacillota_A;Clostridia;Lachnospirales;Lachnospiraceae;Roseburia;Roseburia inulinivorans;Otu3589;;;;;;;;;;;;;;;;;;
Otu3591;Bacteria;Bacteroidota;Bacteroidia;Bacteroidales;Bacteroidaceae;Prevotella;Prevotella;Otu3591;;;;;;;;;;;;;;;;;;
Otu3592;Bacteria;Bacillota_A;Clostridia;Lachnospirales;Lachnospiraceae;Lachnospira;Lachnospira;Otu3592;;;;;;;;;;;;;;;;;;
Otu3597;Bacteria;Bacteroidota;Bacteroidia;Bacteroidales;Bacteroidaceae;Phocaeicola;Phocaeicola massiliensis;Otu3597;;;;;;;;;;;;;;;;;;
Otu3599;Bacteria;Bacillota_A;Clostridia;Lachnospirales;Lachnospiraceae;Lachnoclostridium_B;Lachnoclostridium_B ammoniilytica;Otu3599;;;;;;;;;;;;;;;;;;
Otu3603;Bacteria;Bacillota_A;Clostridia;Lachnospirales;Lachnospiraceae;Blautia_A;Blautia_A;Otu3603;;;;;;;;;;;;;;;;;;
Otu3617;Bacteria;Bacteroidota;Bacteroidia;Bacteroidales;Marinifilaceae;Odoribacter;Odoribacter splanchnicus;Otu3617;;;;;;;;;;;;;;;;;;
Otu3619;Bacteria;Bacillota_A;Clostridia;Lachnospirales;Lachnospiraceae;Muricomes;Muricomes contortus_B;Otu3619;;;;;;;;;;;;;;;;;;
Otu3621;Bacteria;Bacillota_A;Clostridia;Peptostreptococcales;Anaerovoracaceae;Lentihominibacter;Lentihominibacter butyrica;Otu3621;;;;;;;;;;;;;;;;;;
Otu3624;Bacteria;Bacillota_A;Clostridia;Lachnospirales;Lachnospiraceae;Lachnospiraceae;Lachnospiraceae;Otu3624;;;;;;;;;;;;;;;;;;
Otu3625;Bacteria;Bacillota_A;Clostridia;Oscillospirales;Ruminococcaceae;Ruthenibacterium;Ruthenibacterium lactatiformans;Otu3625;;;;;;;;;;;;;;;;;;
Otu3629;Bacteria;Bacillota_A;Clostridia;Clostridiales;Clostridiaceae;Clostridium;Clostridium lentum;Otu3629;;;;;;;;;;;;;;;;;;
Otu3631;Bacteria;Bacillota_A;Clostridia;Oscillospirales;Butyricicoccaceae;Agathobaculum;Agathobaculum hominis;Otu3631;;;;;;;;;;;;;;;;;;
Otu3632;Bacteria;Bacillota_A;Clostridia;Lachnospirales;Lachnospiraceae;Alitiscatomonas;Alitiscatomonas;Otu3632;;;;;;;;;;;;;;;;;;
Otu3633;Bacteria;Bacillota_A;Clostridia;Lachnospirales;Lachnospiraceae;Lachnospiraceae;Lachnospiraceae;Otu3633;;;;;;;;;;;;;;;;;;
Otu3635;Bacteria;Bacillota_A;Clostridia;Oscillospirales;Ruminococcaceae;Gemmiger;Gemmiger formicilis;Otu3635;;;;;;;;;;;;;;;;;;
Otu3639;Bacteria;Bacteroidota;Bacteroidia;Bacteroidales;Bacteroidaceae;Bacteroides;Bacteroides stercoris_A;Otu3639;;;;;;;;;;;;;;;;;;
Otu3640;Bacteria;Bacillota_A;Clostridia;Lachnospirales;Lachnospiraceae;Anthropogastromicrobium;Anthropogastromicrobium aceti;Otu3640;;;;;;;;;;;;;;;;;;
Otu3643;Bacteria;Bacillota_A;Clostridia;Lachnospirales;Lachnospiraceae;Bariatricus;Bariatricus comes_A;Otu3643;;;;;;;;;;;;;;;;;;
Otu3645;Bacteria;Bacillota_A;Clostridia;Lachnospirales;Lachnospiraceae;Blautia_A;Blautia_A sp900120195;Otu3645;;;;;;;;;;;;;;;;;;
Otu3646;Bacteria;Bacillota_A;Clostridia;Oscillospirales;Ruminococcaceae;Hominimerdicola;Hominimerdicola aceti;Otu3646;;;;;;;;;;;;;;;;;;
Otu3648;Bacteria;Bacteroidota;Bacteroidia;Bacteroidales;Bacteroidaceae;Bacteroides;Bacteroides;Otu3648;;;;;;;;;;;;;;;;;;
Otu3650;Bacteria;Bacillota_C;Negativicutes;Veillonellales;Dialisteraceae;Dialister;Dialister invisus;Otu3650;;;;;;;;;;;;;;;;;;
Otu3651;Bacteria;Bacillota_A;Clostridia;Lachnospirales;Lachnospiraceae;Mediterraneibacter;Mediterraneibacter;Otu3651;;;;;;;;;;;;;;;;;;
Otu3655;Bacteria;Bacteroidota;Bacteroidia;Bacteroidales;Bacteroidaceae;Phocaeicola;Phocaeicola;Otu3655;;;;;;;;;;;;;;;;;;
Otu3663;Bacteria;Bacteroidota;Bacteroidia;Bacteroidales;Bacteroidaceae;Phocaeicola;Phocaeicola;Otu3663;;;;;;;;;;;;;;;;;;
Otu3664;Bacteria;Bacillota_A;Clostridia;Lachnospirales;Lachnospiraceae;Eubacterium_F;Eubacterium_F sp003491505;Otu3664;;;;;;;;;;;;;;;;;;
Otu3665;Bacteria;Bacillota_A;Clostridia;Lachnospirales;Lachnospiraceae;Agathobacter;Agathobacter;Otu3665;;;;;;;;;;;;;;;;;;
Otu3671;Bacteria;Bacillota_A;Clostridia;Oscillospirales;Ruminococcaceae;Ruminococcus_C;Ruminococcus_C callidus;Otu3671;;;;;;;;;;;;;;;;;;
Otu3673;Bacteria;Bacillota_A;Clostridia;Christensenellales;CAG-138;PeH17;PeH17 sp000435055;Otu3673;;;;;;;;;;;;;;;;;;
Otu3675;Bacteria;Bacillota_A;Clostridia;Lachnospirales;Lachnospiraceae;Lachnospiraceae;Lachnospiraceae;Otu3675;;;;;;;;;;;;;;;;;;
Otu3676;Bacteria;Bacillota_A;Clostridia;Lachnospirales;Lachnospiraceae;Lachnospiraceae;Lachnospiraceae;Otu3676;;;;;;;;;;;;;;;;;;
Otu3677;Bacteria;Bacillota_A;Clostridia;Lachnospirales;Lachnospiraceae;Lachnospiraceae;Lachnospiraceae;Otu3677;;;;;;;;;;;;;;;;;;
Otu3679;Bacteria;Bacillota_A;Clostridia;Lachnospirales;Lachnospiraceae;Agathobacter;Agathobacter;Otu3679;;;;;;;;;;;;;;;;;;
Otu3680;Bacteria;Bacillota_A;Clostridia;Oscillospirales;Oscillospiraceae;Dysosmobacter;Dysosmobacter faecalis;Otu3680;;;;;;;;;;;;;;;;;;
Otu3697;Bacteria;Bacillota_A;Clostridia;Lachnospirales;Lachnospiraceae;Mediterraneibacter;Mediterraneibacter torques;Otu3697;;;;;;;;;;;;;;;;;;
Otu3701;Bacteria;Bacillota_A;Clostridia;Lachnospirales;Lachnospiraceae;Faecalimonas;Faecalimonas phoceensis;Otu3701;;;;;;;;;;;;;;;;;;
Otu3702;Bacteria;Bacillota_A;Clostridia;Lachnospirales;Lachnospiraceae;Roseburia_B;Roseburia_B zhanii;Otu3702;;;;;;;;;;;;;;;;;;
Otu3707;Bacteria;Bacillota_A;Clostridia;Peptostreptococcales;Peptostreptococcaceae;Intestinibacter;Intestinibacter bartlettii;Otu3707;;;;;;;;;;;;;;;;;;
Otu3710;Bacteria;Bacillota_A;Clostridia;Lachnospirales;Lachnospiraceae;Eubacterium_I;Eubacterium_I;Otu3710;;;;;;;;;;;;;;;;;;
Otu3711;Bacteria;Bacteroidota;Bacteroidia;Bacteroidales;Bacteroidaceae;Phocaeicola;Phocaeicola;Otu3711;;;;;;;;;;;;;;;;;;
Otu3713;Bacteria;Bacillota_A;Clostridia;Oscillospirales;Ruminococcaceae;Merdimmobilis;Merdimmobilis hominis;Otu3713;;;;;;;;;;;;;;;;;;
Otu3717;Bacteria;Bacillota_A;Clostridia;Lachnospirales;Lachnospiraceae;Blautia_A;Blautia_A;Otu3717;;;;;;;;;;;;;;;;;;
Otu3720;Bacteria;Bacillota_A;Clostridia;Lachnospirales;Lachnospiraceae;Lachnospiraceae;Lachnospiraceae;Otu3720;;;;;;;;;;;;;;;;;;
Otu3724;Bacteria;Bacillota_A;Clostridia;Lachnospirales;Lachnospiraceae;Lachnospiraceae;Lachnospiraceae;Otu3724;;;;;;;;;;;;;;;;;;
Otu3727;Bacteria;Bacillota_A;Clostridia;TANB77;CAG-508;CAG-269;CAG-269 sp003525075;Otu3727;;;;;;;;;;;;;;;;;;
Otu3729;Bacteria;Bacillota_A;Clostridia;Lachnospirales;Lachnospiraceae;Lachnospira;Lachnospira hominis;Otu3729;;;;;;;;;;;;;;;;;;
Otu3731;Bacteria;Bacillota_A;Clostridia;Oscillospirales;Oscillospiraceae;Vescimonas;Vescimonas coprocola;Otu3731;;;;;;;;;;;;;;;;;;
Otu3737;Bacteria;Bacillota_A;Clostridia;Lachnospirales;Lachnospiraceae;Lachnospiraceae;Lachnospiraceae;Otu3737;;;;;;;;;;;;;;;;;;
Otu3741;Bacteria;Bacillota_A;Clostridia;Lachnospirales;Lachnospiraceae;Hominisplanchenecus;Hominisplanchenecus faecis;Otu3741;;;;;;;;;;;;;;;;;;
Otu3748;Bacteria;Bacillota_A;Clostridia;Lachnospirales;Lachnospiraceae;CAG-194;CAG-194 sp018917935;Otu3748;;;;;;;;;;;;;;;;;;
Otu3752;Bacteria;Bacillota_A;Clostridia;Oscillospirales;Acutalibacteraceae;Acutalibacter;Acutalibacter;Otu3752;;;;;;;;;;;;;;;;;;
Otu3753;Bacteria;Bacillota_C;Negativicutes;Selenomonadales;Selenomonadaceae;Mitsuokella;Mitsuokella multacida;Otu3753;;;;;;;;;;;;;;;;;;
Otu3754;Bacteria;Bacillota_A;Clostridia;Oscillospirales;Ruminococcaceae;Faecalibacterium;Faecalibacterium sp900758465;Otu3754;;;;;;;;;;;;;;;;;;
Otu3756;Bacteria;Bacillota_A;Clostridia;Lachnospirales;Lachnospiraceae;Lachnospiraceae;Lachnospiraceae;Otu3756;;;;;;;;;;;;;;;;;;
Otu3763;Bacteria;Bacillota_A;Clostridia;Christensenellales;Aristaeellaceae;Aristaeellaceae;Aristaeellaceae;Otu3763;;;;;;;;;;;;;;;;;;
Otu3766;Bacteria;Bacillota_A;Clostridia;Oscillospirales;Acutalibacteraceae;Fimenecus;Fimenecus sp000432435;Otu3766;;;;;;;;;;;;;;;;;;
Otu3770;Bacteria;Bacillota_A;Clostridia;Lachnospirales;Lachnospiraceae;Enterocloster;Enterocloster;Otu3770;;;;;;;;;;;;;;;;;;
Otu3775;Bacteria;Bacillota_A;Clostridia;Lachnospirales;Lachnospiraceae;Blautia_A;Blautia_A hydrogenotrophica;Otu3775;;;;;;;;;;;;;;;;;;
Otu3780;Bacteria;Bacillota_A;Clostridia;Christensenellales;QALW01;UMGS1338;UMGS1338 sp900550805;Otu3780;;;;;;;;;;;;;;;;;;
Otu3785;Bacteria;Bacillota_I;Bacilli_A;RF39;UBA660;CAG-302;CAG-302 sp900543825;Otu3785;;;;;;;;;;;;;;;;;;
Otu3787;Bacteria;Bacillota_A;Clostridia;Lachnospirales;Lachnospiraceae;Blautia_A;Blautia_A caecimuris;Otu3787;;;;;;;;;;;;;;;;;;
Otu3792;Bacteria;Bacillota_A;Clostridia;Oscillospirales;Acutalibacteraceae;CAG-177;CAG-177 sp000431775;Otu3792;;;;;;;;;;;;;;;;;;
Otu3797;Bacteria;Bacillota_A;Clostridia;Lachnospirales;Lachnospiraceae;Eubacterium_I;Eubacterium_I ramulus_A;Otu3797;;;;;;;;;;;;;;;;;;
Otu3803;Bacteria;Bacillota_A;Clostridia;Oscillospirales;CAG-272;CAG-390;CAG-390;Otu3803;;;;;;;;;;;;;;;;;;
Otu3805;Bacteria;Bacillota_A;Clostridia;Oscillospirales;Acutalibacteraceae;Ruminococcus_E;Ruminococcus_E intestinalis;Otu3805;;;;;;;;;;;;;;;;;;
Otu3806;Bacteria;Bacillota_A;Clostridia;Lachnospirales;Lachnospiraceae;Lachnospiraceae;Lachnospiraceae;Otu3806;;;;;;;;;;;;;;;;;;
Otu3810;Bacteria;Bacillota_A;Clostridia;TANB77;CAG-508;CAG-245;CAG-245 sp000435175;Otu3810;;;;;;;;;;;;;;;;;;
Otu3816;Bacteria;Bacillota_A;Clostridia;Lachnospirales;Lachnospiraceae;Lachnospiraceae;Lachnospiraceae;Otu3816;;;;;;;;;;;;;;;;;;
Otu3826;Bacteria;Bacillota_A;Clostridia;Lachnospirales;Lachnospiraceae;Bariatricus;Bariatricus;Otu3826;;;;;;;;;;;;;;;;;;
Otu3831;Bacteria;Bacillota_A;Clostridia;Lachnospirales;Lachnospiraceae;Eubacterium_F;Eubacterium_F sp003491505;Otu3831;;;;;;;;;;;;;;;;;;
Otu3832;Bacteria;Bacillota_A;Clostridia;Lachnospirales;Lachnospiraceae;Blautia_A;Blautia_A;Otu3832;;;;;;;;;;;;;;;;;;
Otu3833;Bacteria;Bacillota_A;Clostridia;Lachnospirales;Lachnospiraceae;Blautia_A;Blautia_A difficilis;Otu3833;;;;;;;;;;;;;;;;;;
Otu3838;Bacteria;Bacillota_A;Clostridia;Oscillospirales;Ruminococcaceae;Hominimerdicola;Hominimerdicola aceti;Otu3838;;;;;;;;;;;;;;;;;;
Otu3839;Bacteria;Bacillota_A;Clostridia;Lachnospirales;Lachnospiraceae;Lachnospiraceae;Lachnospiraceae;Otu3839;;;;;;;;;;;;;;;;;;
Otu3841;Bacteria;Bacillota_A;Clostridia;Oscillospirales;Oscillospiraceae;Vescimonas;Vescimonas cirricatena;Otu3841;;;;;;;;;;;;;;;;;;
Otu3857;Bacteria;Bacillota_A;Clostridia;Oscillospirales;Oscillospiraceae;Vescimonas;Vescimonas;Otu3857;;;;;;;;;;;;;;;;;;
Otu3860;Bacteria;Bacillota_A;Clostridia;Lachnospirales;Lachnospiraceae;Lachnospiraceae;Lachnospiraceae;Otu3860;;;;;;;;;;;;;;;;;;
Otu3867;Bacteria;Bacillota_A;Clostridia;Lachnospirales;Lachnospiraceae;Lachnospiraceae;Lachnospiraceae;Otu3867;;;;;;;;;;;;;;;;;;
Otu3874;Bacteria;Bacillota_A;Clostridia;Lachnospirales;Lachnospiraceae;Acetatifactor;Acetatifactor;Otu3874;;;;;;;;;;;;;;;;;;
Otu3875;Bacteria;Bacteroidota;Bacteroidia;Bacteroidales;Bacteroidaceae;Phocaeicola;Phocaeicola;Otu3875;;;;;;;;;;;;;;;;;;
Otu3879;Bacteria;Bacillota_A;Clostridia;Lachnospirales;Lachnospiraceae;Roseburia;Roseburia inulinivorans;Otu3879;;;;;;;;;;;;;;;;;;
Otu3884;Bacteria;Bacillota_A;Clostridia;Oscillospirales;Ruminococcaceae;Hominimerdicola;Hominimerdicola aceti;Otu3884;;;;;;;;;;;;;;;;;;
Otu3885;Bacteria;Bacillota_A;Clostridia;Lachnospirales;Lachnospiraceae;Lachnospiraceae;Lachnospiraceae;Otu3885;;;;;;;;;;;;;;;;;;
Otu3886;Bacteria;Bacillota_A;Clostridia;Lachnospirales;Lachnospiraceae;Enterocloster;Enterocloster sp900541315;Otu3886;;;;;;;;;;;;;;;;;;
Otu3888;Bacteria;Bacteroidota;Bacteroidia;Bacteroidales;Bacteroidaceae;Phocaeicola;Phocaeicola plebeius_A;Otu3888;;;;;;;;;;;;;;;;;;
Otu3899;Bacteria;Bacillota_A;Clostridia;Lachnospirales;Lachnospiraceae;Lachnospiraceae;Lachnospiraceae;Otu3899;;;;;;;;;;;;;;;;;;
Otu3900;Bacteria;Pseudomonadota;Gammaproteobacteria;Enterobacterales;Enterobacteriaceae;Escherichia;Escherichia;Otu3900;;;;;;;;;;;;;;;;;;
Otu3906;Bacteria;Bacillota_A;Clostridia;Lachnospirales;Lachnospiraceae;Lachnospiraceae;Lachnospiraceae;Otu3906;;;;;;;;;;;;;;;;;;
Otu3907;Bacteria;Bacillota_A;Clostridia;Lachnospirales;Lachnospiraceae;Lachnospiraceae;Lachnospiraceae;Otu3907;;;;;;;;;;;;;;;;;;
Otu3908;Bacteria;Bacillota_A;Clostridia;Lachnospirales;Lachnospiraceae;Agathobacter;Agathobacter sp900543445;Otu3908;;;;;;;;;;;;;;;;;;
Otu3910;Bacteria;Bacillota_A;Clostridia;Lachnospirales;Lachnospiraceae;Lachnospiraceae;Lachnospiraceae;Otu3910;;;;;;;;;;;;;;;;;;
Otu3914;Bacteria;Bacillota_A;Clostridia;Oscillospirales;Ruminococcaceae;Faecalibacterium;Faecalibacterium;Otu3914;;;;;;;;;;;;;;;;;;
Otu3915;Bacteria;Bacteroidota;Bacteroidia;Bacteroidales;Bacteroidaceae;Bacteroides;Bacteroides;Otu3915;;;;;;;;;;;;;;;;;;
Otu3916;Bacteria;Bacillota_A;Clostridia;Lachnospirales;Lachnospiraceae;Lachnospiraceae;Lachnospiraceae;Otu3916;;;;;;;;;;;;;;;;;;
Otu3919;Bacteria;Bacteroidota;Bacteroidia;Bacteroidales;Bacteroidaceae;Bacteroides;Bacteroides;Otu3919;;;;;;;;;;;;;;;;;;
Otu3921;Bacteria;Bacillota_A;Clostridia;Oscillospirales;Ruminococcaceae;Merdimmobilis;Merdimmobilis hominis;Otu3921;;;;;;;;;;;;;;;;;;
Otu3924;Bacteria;Bacillota_A;Clostridia;Oscillospirales;Ruminococcaceae;Faecalibacterium;Faecalibacterium;Otu3924;;;;;;;;;;;;;;;;;;
Otu3937;Bacteria;Bacillota_A;Clostridia;Lachnospirales;Lachnospiraceae;Lachnospira;Lachnospira pectinoschiza_A;Otu3937;;;;;;;;;;;;;;;;;;
Otu3941;Bacteria;Bacillota_A;Clostridia;Peptostreptococcales;Peptostreptococcaceae;Peptostreptococcaceae;Peptostreptococcaceae;Otu3941;;;;;;;;;;;;;;;;;;
Otu3946;Bacteria;Bacillota_A;Clostridia;Oscillospirales;Ruminococcaceae;Faecalibacterium;Faecalibacterium;Otu3946;;;;;;;;;;;;;;;;;;
Otu3948;Bacteria;Bacteroidota;Bacteroidia;Bacteroidales;Bacteroidaceae;Prevotella;Prevotella hominis;Otu3948;;;;;;;;;;;;;;;;;;
Otu3955;Bacteria;Bacillota_A;Clostridia;Lachnospirales;Lachnospiraceae;Lachnospiraceae;Lachnospiraceae;Otu3955;;;;;;;;;;;;;;;;;;
Otu3957;Bacteria;Bacillota_C;Negativicutes;Acidaminococcales;Acidaminococcaceae;Acidaminococcus;Acidaminococcus intestini;Otu3957;;;;;;;;;;;;;;;;;;
Otu3958;Bacteria;Bacillota_A;Clostridia;Lachnospirales;Lachnospiraceae;Lachnospiraceae;Lachnospiraceae;Otu3958;;;;;;;;;;;;;;;;;;
Otu3961;Bacteria;Bacillota_A;Clostridia;Oscillospirales;Oscillospiraceae;Dysosmobacter;Dysosmobacter;Otu3961;;;;;;;;;;;;;;;;;;
Otu3966;Bacteria;Bacteroidota;Bacteroidia;Bacteroidales;Bacteroidaceae;Phocaeicola;Phocaeicola vulgatus;Otu3966;;;;;;;;;;;;;;;;;;
Otu3969;Bacteria;Bacillota_A;Clostridia;Oscillospirales;Oscillospiraceae;Dysosmobacter;Dysosmobacter;Otu3969;;;;;;;;;;;;;;;;;;
Otu3971;Bacteria;Bacillota_A;Clostridia;Oscillospirales;Oscillospiraceae;Faecousia;Faecousia sp900544945;Otu3971;;;;;;;;;;;;;;;;;;
Otu3973;Bacteria;Bacillota_A;Clostridia;Oscillospirales;Butyricicoccaceae;Butyricicoccus_A;Butyricicoccus_A intestinisimiae;Otu3973;;;;;;;;;;;;;;;;;;
Otu3980;Bacteria;Bacillota_A;Clostridia;Christensenellales;CAG-314;Fimimonas;Fimimonas;Otu3980;;;;;;;;;;;;;;;;;;
Otu3991;Bacteria;Bacillota_A;Clostridia;Lachnospirales;Lachnospiraceae;Lachnospiraceae;Lachnospiraceae;Otu3991;;;;;;;;;;;;;;;;;;
Otu4001;Bacteria;Bacillota_A;Clostridia;Lachnospirales;Lachnospiraceae;Lachnospiraceae;Lachnospiraceae;Otu4001;;;;;;;;;;;;;;;;;;
Otu4004;Bacteria;Bacillota_A;Clostridia;Lachnospirales;Lachnospiraceae;Lachnospiraceae;Lachnospiraceae;Otu4004;;;;;;;;;;;;;;;;;;
Otu4010;Bacteria;Desulfobacterota;Desulfovibrionia;Desulfovibrionales;Desulfovibrionaceae;Desulfovibrio;Desulfovibrio;Otu4010;;;;;;;;;;;;;;;;;;
Otu4012;Bacteria;Bacillota_A;Clostridia;Lachnospirales;Lachnospiraceae;Lachnospiraceae;Lachnospiraceae;Otu4012;;;;;;;;;;;;;;;;;;
Otu4013;Bacteria;Bacteroidota;Bacteroidia;Bacteroidales;Bacteroidaceae;Phocaeicola;Phocaeicola plebeius_A;Otu4013;;;;;;;;;;;;;;;;;;
Otu4020;Bacteria;Bacillota_A;Clostridia;Lachnospirales;Lachnospiraceae;Anaerobutyricum;Anaerobutyricum;Otu4020;;;;;;;;;;;;;;;;;;
Otu4021;Bacteria;Bacillota_A;Clostridia;Lachnospirales;Lachnospiraceae;Lachnospiraceae;Lachnospiraceae;Otu4021;;;;;;;;;;;;;;;;;;
Otu4029;Bacteria;Bacillota_A;Clostridia;TANB77;CAG-508;CAG-508;CAG-508;Otu4029;;;;;;;;;;;;;;;;;;
Otu4033;Bacteria;Bacillota_A;Clostridia;Clostridia;Clostridia;Clostridia;Clostridia;Otu4033;;;;;;;;;;;;;;;;;;
Otu4034;Bacteria;Bacillota_A;Clostridia;Oscillospirales;Acutalibacteraceae;CAG-177;CAG-177 sp000431775;Otu4034;;;;;;;;;;;;;;;;;;
Otu4036;Bacteria;Bacillota_A;Clostridia;Oscillospirales;Oscillospiraceae;Oscillospiraceae;Oscillospiraceae;Otu4036;;;;;;;;;;;;;;;;;;
Otu4037;Bacteria;Bacillota_A;Clostridia;Lachnospirales;Lachnospiraceae;Coprococcus_A;Coprococcus_A;Otu4037;;;;;;;;;;;;;;;;;;
Otu4043;Bacteria;Bacillota_A;Clostridia;Oscillospirales;Ruminococcaceae;Ruminococcus_C;Ruminococcus_C callidus;Otu4043;;;;;;;;;;;;;;;;;;
Otu4045;Bacteria;Bacillota_A;Clostridia;Oscillospirales;Ruminococcaceae;Ruminococcus_C;Ruminococcus_C callidus;Otu4045;;;;;;;;;;;;;;;;;;
Otu4047;Bacteria;Bacillota_A;Clostridia;Lachnospirales;Lachnospiraceae;Lachnospiraceae;Lachnospiraceae;Otu4047;;;;;;;;;;;;;;;;;;
Otu4050;Bacteria;Bacillota_A;Clostridia;Oscillospirales;Oscillospiraceae;Faecousia;Faecousia sp000434635;Otu4050;;;;;;;;;;;;;;;;;;
Otu4051;Bacteria;Bacillota_A;Clostridia;Lachnospirales;Anaerotignaceae;Fimicola;Fimicola cottocaccae;Otu4051;;;;;;;;;;;;;;;;;;
Otu4060;Bacteria;Bacillota_A;Clostridia;Oscillospirales;Ruminococcaceae;Ruminococcaceae;Ruminococcaceae;Otu4060;;;;;;;;;;;;;;;;;;
Otu4067;Bacteria;Bacillota_A;Clostridia;Lachnospirales;Lachnospiraceae;Anaerobutyricum;Anaerobutyricum soehngenii;Otu4067;;;;;;;;;;;;;;;;;;
Otu4068;Bacteria;Bacteroidota;Bacteroidia;Bacteroidales;Bacteroidaceae;Bacteroides;Bacteroides;Otu4068;;;;;;;;;;;;;;;;;;
Otu4070;Bacteria;Bacillota_A;Clostridia;Lachnospirales;Lachnospiraceae;Agathobacter;Agathobacter;Otu4070;;;;;;;;;;;;;;;;;;
Otu4071;Bacteria;Bacillota_A;Clostridia;Lachnospirales;Lachnospiraceae;Agathobacter;Agathobacter sp934365945;Otu4071;;;;;;;;;;;;;;;;;;
Otu4074;Bacteria;Bacillota_A;Clostridia;Lachnospirales;Lachnospiraceae;Lachnospiraceae;Lachnospiraceae;Otu4074;;;;;;;;;;;;;;;;;;
Otu4079;Bacteria;Bacillota_A;Clostridia;Lachnospirales;Lachnospiraceae;Lachnospiraceae;Lachnospiraceae;Otu4079;;;;;;;;;;;;;;;;;;
Otu4081;Bacteria;Bacillota_A;Clostridia;Lachnospirales;Lachnospiraceae;Lachnospiraceae;Lachnospiraceae;Otu4081;;;;;;;;;;;;;;;;;;
Otu4082;Bacteria;Bacillota_B;Bacillota_B;Bacillota_B;Bacillota_B;Bacillota_B;Bacillota_B;Otu4082;;;;;;;;;;;;;;;;;;
Otu4085;Bacteria;Bacillota_A;Clostridia;Lachnospirales;Lachnospiraceae;Oliverpabstia;Oliverpabstia;Otu4085;;;;;;;;;;;;;;;;;;
Otu4087;Bacteria;Bacillota_A;Clostridia;Oscillospirales;Oscillospiraceae;Oscillospiraceae;Oscillospiraceae;Otu4087;;;;;;;;;;;;;;;;;;
Otu4089;Bacteria;Bacillota_A;Clostridia;Lachnospirales;Lachnospiraceae;Lachnospiraceae;Lachnospiraceae;Otu4089;;;;;;;;;;;;;;;;;;
Otu4090;Bacteria;Bacillota_A;Clostridia;Oscillospirales;Ruminococcaceae;Ruminiclostridium_E;Ruminiclostridium_E siraeum;Otu4090;;;;;;;;;;;;;;;;;;
Otu4097;Bacteria;Bacillota_A;Clostridia;Oscillospirales;Acutalibacteraceae;Acutalibacteraceae;Acutalibacteraceae;Otu4097;;;;;;;;;;;;;;;;;;
Otu4099;Bacteria;Bacillota_A;Clostridia;Oscillospirales;Oscillospiraceae;Oscillospiraceae;Oscillospiraceae;Otu4099;;;;;;;;;;;;;;;;;;
Otu4100;Bacteria;Bacillota_A;Clostridia;Christensenellales;CAG-138;SFEL01;SFEL01 sp004557245;Otu4100;;;;;;;;;;;;;;;;;;
Otu4103;Bacteria;Bacillota_A;Clostridia;Oscillospirales;Ruminococcaceae;Anaerotruncus;Anaerotruncus massiliensis;Otu4103;;;;;;;;;;;;;;;;;;
Otu4104;Bacteria;Bacillota_A;Clostridia;Christensenellales;Aristaeellaceae;Ventricola;Ventricola sp900542395;Otu4104;;;;;;;;;;;;;;;;;;
Otu4105;Bacteria;Bacillota_A;Clostridia;Lachnospirales;Lachnospiraceae;Eubacterium_G;Eubacterium_G;Otu4105;;;;;;;;;;;;;;;;;;
Otu4108;Bacteria;Bacillota_A;Clostridia;Oscillospirales;Ruminococcaceae;Ruminococcaceae;Ruminococcaceae;Otu4108;;;;;;;;;;;;;;;;;;
Otu4112;Bacteria;Bacillota_A;Clostridia;Lachnospirales;Lachnospiraceae;Lachnospiraceae;Lachnospiraceae;Otu4112;;;;;;;;;;;;;;;;;;
Otu4113;Bacteria;Bacillota_A;Clostridia;Peptostreptococcales;Peptostreptococcaceae;Peptostreptococcaceae;Peptostreptococcaceae;Otu4113;;;;;;;;;;;;;;;;;;
Otu4116;Bacteria;Bacillota_A;Clostridia;Lachnospirales;Lachnospiraceae;Lachnospiraceae;Lachnospiraceae;Otu4116;;;;;;;;;;;;;;;;;;
Otu4121;Bacteria;Bacillota_A;Clostridia;Oscillospirales;Ruminococcaceae;Ruthenibacterium;Ruthenibacterium lactatiformans;Otu4121;;;;;;;;;;;;;;;;;;
Otu4124;Bacteria;Bacillota_I;Bacilli_A;RF39;UBA660;Onthocola_B;Onthocola_B sp000438075;Otu4124;;;;;;;;;;;;;;;;;;
Otu4127;Bacteria;Bacillota_A;Clostridia;Lachnospirales;Lachnospiraceae;Anaerobutyricum;Anaerobutyricum soehngenii;Otu4127;;;;;;;;;;;;;;;;;;
Otu4131;Bacteria;Bacillota_A;Clostridia;Lachnospirales;Lachnospiraceae;Lachnospiraceae;Lachnospiraceae;Otu4131;;;;;;;;;;;;;;;;;;
Otu4133;Bacteria;Bacillota_A;Clostridia;Oscillospirales;Acutalibacteraceae;Ruminococcus_E;Ruminococcus_E;Otu4133;;;;;;;;;;;;;;;;;;
Otu4134;Bacteria;Bacillota_I;Bacilli_A;RF39;UBA660;CAG-302;CAG-302 sp000431795;Otu4134;;;;;;;;;;;;;;;;;;
Otu4136;Bacteria;Bacillota_A;Clostridia;Oscillospirales;Oscillospiraceae;Vescimonas;Vescimonas sp000435555;Otu4136;;;;;;;;;;;;;;;;;;
Otu4138;Bacteria;Bacillota_A;Clostridia;Oscillospirales;Oscillospiraceae;Faecousia;Faecousia sp900544945;Otu4138;;;;;;;;;;;;;;;;;;
Otu4139;Bacteria;Bacillota_A;Clostridia;Oscillospirales;Acutalibacteraceae;Hominenteromicrobium;Hominenteromicrobium mulieris;Otu4139;;;;;;;;;;;;;;;;;;
Otu4140;Bacteria;Bacillota_A;Clostridia;Lachnospirales;Lachnospiraceae;Lachnospiraceae;Lachnospiraceae;Otu4140;;;;;;;;;;;;;;;;;;
Otu4144;Bacteria;Bacillota_A;Clostridia;Lachnospirales;Lachnospiraceae;Blautia_A;Blautia_A faecis;Otu4144;;;;;;;;;;;;;;;;;;
Otu4146;Bacteria;Bacillota_A;Clostridia;Christensenellales;UBA1750;Spyradocola;Spyradocola merdavium;Otu4146;;;;;;;;;;;;;;;;;;
Otu4147;Bacteria;Bacillota_A;Clostridia;Lachnospirales;Lachnospiraceae;Lachnospiraceae;Lachnospiraceae;Otu4147;;;;;;;;;;;;;;;;;;
Otu4153;Bacteria;Bacillota_A;Clostridia;Lachnospirales;Lachnospiraceae;Blautia_A;Blautia_A;Otu4153;;;;;;;;;;;;;;;;;;
Otu4158;Bacteria;Bacillota_A;Clostridia;Lachnospirales;Lachnospiraceae;F0428;F0428 sp003043955;Otu4158;;;;;;;;;;;;;;;;;;
Otu4161;Bacteria;Verrucomicrobiota;Verrucomicrobiae;Verrucomicrobiales;Akkermansiaceae;Akkermansia;Akkermansia muciniphila_E;Otu4161;;;;;;;;;;;;;;;;;;
Otu4162;Bacteria;Bacteroidota;Bacteroidia;Bacteroidales;Marinifilaceae;Butyricimonas;Butyricimonas faecalis;Otu4162;;;;;;;;;;;;;;;;;;
Otu4164;Bacteria;Bacillota_A;Clostridia;Oscillospirales;Butyricicoccaceae;Agathobaculum;Agathobaculum butyriciproducens;Otu4164;;;;;;;;;;;;;;;;;;
Otu4165;Bacteria;Bacillota_A;Clostridia;Oscillospirales;Oscillospiraceae;Vescimonas;Vescimonas;Otu4165;;;;;;;;;;;;;;;;;;
Otu4171;Bacteria;Bacteria;Bacteria;Bacteria;Bacteria;Bacteria;Bacteria;Otu4171;;;;;;;;;;;;;;;;;;
Otu4177;Bacteria;Bacillota_A;Clostridia;Oscillospirales;Oscillospiraceae;CAG-170;CAG-170 sp000432135;Otu4177;;;;;;;;;;;;;;;;;;
Otu4179;Bacteria;Bacillota_A;Clostridia;Lachnospirales;Lachnospiraceae;Lachnospira;Lachnospira;Otu4179;;;;;;;;;;;;;;;;;;
Otu4184;Bacteria;Bacillota_A;Clostridia;Oscillospirales;Oscillospirales;Oscillospirales;Oscillospirales;Otu4184;;;;;;;;;;;;;;;;;;
Otu4188;Bacteria;Bacillota_A;Clostridia;Oscillospirales;Ruminococcaceae;Gemmiger;Gemmiger;Otu4188;;;;;;;;;;;;;;;;;;
Otu4189;Bacteria;Bacillota_A;Clostridia;Lachnospirales;Lachnospiraceae;Lachnospiraceae;Lachnospiraceae;Otu4189;;;;;;;;;;;;;;;;;;
Otu4191;Bacteria;Bacillota_C;Negativicutes;Veillonellales;Dialisteraceae;Allisonella;Allisonella histaminiformans;Otu4191;;;;;;;;;;;;;;;;;;
Otu4193;Bacteria;Actinomycetota;Coriobacteriia;Coriobacteriales;Atopobiaceae;Tractidigestivibacter;Tractidigestivibacter sp000752675;Otu4193;;;;;;;;;;;;;;;;;;
Otu4194;Bacteria;Bacillota_A;Clostridia;Oscillospirales;Ruminococcaceae;Ruminococcaceae;Ruminococcaceae;Otu4194;;;;;;;;;;;;;;;;;;
Otu4197;Bacteria;Bacillota_C;Negativicutes;Acidaminococcales;Acidaminococcaceae;Acidaminococcus;Acidaminococcus;Otu4197;;;;;;;;;;;;;;;;;;
Otu4202;Bacteria;Bacillota_A;Clostridia;Oscillospirales;Ruminococcaceae;Negativibacillus;Negativibacillus sp905197685;Otu4202;;;;;;;;;;;;;;;;;;
Otu4203;Bacteria;Bacillota_C;Negativicutes;Veillonellales;Dialisteraceae;Dialister;Dialister;Otu4203;;;;;;;;;;;;;;;;;;
Otu4206;Bacteria;Bacillota_A;Clostridia;Lachnospirales;Lachnospiraceae;Lachnospiraceae;Lachnospiraceae;Otu4206;;;;;;;;;;;;;;;;;;
Otu4208;Bacteria;Bacteroidota;Bacteroidia;Bacteroidales;Bacteroidaceae;Prevotella;Prevotella hominis;Otu4208;;;;;;;;;;;;;;;;;;
Otu4210;Bacteria;Bacillota_A;Clostridia;Oscillospirales;Acutalibacteraceae;Hominenteromicrobium;Hominenteromicrobium;Otu4210;;;;;;;;;;;;;;;;;;
Otu4212;Bacteria;Bacillota_A;Clostridia;Oscillospirales;Oscillospirales;Oscillospirales;Oscillospirales;Otu4212;;;;;;;;;;;;;;;;;;
Otu4217;Bacteria;Bacillota_A;Clostridia;Clostridia;Clostridia;Clostridia;Clostridia;Otu4217;;;;;;;;;;;;;;;;;;
Otu4218;Bacteria;Bacillota_A;Clostridia;Lachnospirales;Lachnospiraceae;Eubacterium_G;Eubacterium_G sp000435815;Otu4218;;;;;;;;;;;;;;;;;;
Otu4224;Bacteria;Bacillota_A;Clostridia;Lachnospirales;Lachnospiraceae;Lachnospiraceae;Lachnospiraceae;Otu4224;;;;;;;;;;;;;;;;;;
Otu4227;Bacteria;Bacillota_A;Clostridia;Lachnospirales;Lachnospiraceae;Butyrivibrio_A;Butyrivibrio_A crossotus;Otu4227;;;;;;;;;;;;;;;;;;
Otu4236;Bacteria;Bacteroidota;Bacteroidia;Bacteroidales;Barnesiellaceae;UMGS27;UMGS27 sp900538555;Otu4236;;;;;;;;;;;;;;;;;;
Otu4239;Bacteria;Bacillota_A;Clostridia;Oscillospirales;Ruminococcaceae;Ruminococcaceae;Ruminococcaceae;Otu4239;;;;;;;;;;;;;;;;;;
Otu4240;Bacteria;Bacillota_A;Clostridia;Lachnospirales;Lachnospiraceae;Lachnospiraceae;Lachnospiraceae;Otu4240;;;;;;;;;;;;;;;;;;
Otu4242;Bacteria;Bacteroidota;Bacteroidia;Bacteroidales;Bacteroidaceae;Phocaeicola;Phocaeicola plebeius;Otu4242;;;;;;;;;;;;;;;;;;
Otu4244;Bacteria;Bacillota_A;Clostridia;Christensenellales;Aristaeellaceae;Aristaeella;Aristaeella;Otu4244;;;;;;;;;;;;;;;;;;
Otu4245;Bacteria;Bacillota_A;Clostridia;Oscillospirales;Ruminococcaceae;Ruminiclostridium_E;Ruminiclostridium_E siraeum;Otu4245;;;;;;;;;;;;;;;;;;
Otu4247;Bacteria;Bacillota_A;Clostridia;Lachnospirales;Lachnospiraceae;Lachnospiraceae;Lachnospiraceae;Otu4247;;;;;;;;;;;;;;;;;;
Otu4248;Bacteria;Bacillota_A;Clostridia;Lachnospirales;Lachnospiraceae;Lachnospiraceae;Lachnospiraceae;Otu4248;;;;;;;;;;;;;;;;;;
Otu4256;Bacteria;Bacillota_A;Clostridia;Oscillospirales;Oscillospiraceae;Oscillospiraceae;Oscillospiraceae;Otu4256;;;;;;;;;;;;;;;;;;
Otu4263;Bacteria;Bacillota_A;Clostridia;Lachnospirales;Lachnospiraceae;Lachnospiraceae;Lachnospiraceae;Otu4263;;;;;;;;;;;;;;;;;;
Otu4273;Bacteria;Bacillota_A;Clostridia;Clostridia;Clostridia;Clostridia;Clostridia;Otu4273;;;;;;;;;;;;;;;;;;
Otu4277;Bacteria;Bacillota_A;Clostridia;Lachnospirales;Lachnospiraceae;Fusicatenibacter;Fusicatenibacter saccharivorans;Otu4277;;;;;;;;;;;;;;;;;;
Otu4278;Bacteria;Bacillota_A;Clostridia;Lachnospirales;Lachnospiraceae;Lachnospiraceae;Lachnospiraceae;Otu4278;;;;;;;;;;;;;;;;;;
Otu4285;Bacteria;Bacillota_A;Clostridia;Christensenellales;Borkfalkiaceae;Scatosoma;Scatosoma sp900542935;Otu4285;;;;;;;;;;;;;;;;;;
Otu4286;Bacteria;Bacillota_A;Clostridia;Oscillospirales;Ruminococcaceae;Faecalibacterium;Faecalibacterium;Otu4286;;;;;;;;;;;;;;;;;;
Otu4288;Bacteria;Bacteroidota;Bacteroidia;Bacteroidales;Coprobacteraceae;Coprobacter;Coprobacter fastidiosus;Otu4288;;;;;;;;;;;;;;;;;;
Otu4293;Bacteria;Bacillota_A;Clostridia;Lachnospirales;Lachnospiraceae;Lachnospiraceae;Lachnospiraceae;Otu4293;;;;;;;;;;;;;;;;;;
Otu4295;Bacteria;Bacillota_A;Clostridia;Oscillospirales;Oscillospiraceae;CAG-170;CAG-170;Otu4295;;;;;;;;;;;;;;;;;;
Otu4296;Bacteria;Bacillota_A;Clostridia;Lachnospirales;Lachnospiraceae;Lachnospiraceae;Lachnospiraceae;Otu4296;;;;;;;;;;;;;;;;;;
Otu4297;Bacteria;Bacillota_A;Clostridia;Christensenellales;Aristaeellaceae;Aristaeella;Aristaeella;Otu4297;;;;;;;;;;;;;;;;;;
Otu4300;Bacteria;Bacillota_A;Clostridia;Oscillospirales;Acutalibacteraceae;Hominenteromicrobium;Hominenteromicrobium mulieris;Otu4300;;;;;;;;;;;;;;;;;;
Otu4302;Bacteria;Bacillota_A;Clostridia;Lachnospirales;Lachnospiraceae;Lachnospiraceae;Lachnospiraceae;Otu4302;;;;;;;;;;;;;;;;;;
Otu4303;Bacteria;Bacillota_A;Clostridia;Oscillospirales;Butyricicoccaceae;Butyricicoccus_A;Butyricicoccus_A intestinisimiae;Otu4303;;;;;;;;;;;;;;;;;;
Otu4304;Bacteria;Bacillota_A;Clostridia;Christensenellales;CAG-917;CAG-349;CAG-349 sp003539515;Otu4304;;;;;;;;;;;;;;;;;;
Otu4312;Bacteria;Bacteroidota;Bacteroidia;Bacteroidales;Bacteroidales;Bacteroidales;Bacteroidales;Otu4312;;;;;;;;;;;;;;;;;;
Otu4314;Bacteria;Bacillota_A;Clostridia;Lachnospirales;Lachnospiraceae;Lachnospiraceae;Lachnospiraceae;Otu4314;;;;;;;;;;;;;;;;;;
Otu4315;Bacteria;Bacillota_A;Clostridia;Lachnospirales;Lachnospiraceae;Lachnospiraceae;Lachnospiraceae;Otu4315;;;;;;;;;;;;;;;;;;
Otu4318;Bacteria;Bacillota_A;Clostridia;Oscillospirales;Oscillospirales;Oscillospirales;Oscillospirales;Otu4318;;;;;;;;;;;;;;;;;;
Otu4327;Bacteria;Bacillota_A;Clostridia;Lachnospirales;Anaerotignaceae;Anaerotignum;Anaerotignum faecicola;Otu4327;;;;;;;;;;;;;;;;;;
Otu4328;Bacteria;Bacillota_A;Clostridia;Lachnospirales;Lachnospiraceae;Lachnospiraceae;Lachnospiraceae;Otu4328;;;;;;;;;;;;;;;;;;
Otu4329;Bacteria;Bacillota_A;Clostridia;Lachnospirales;Lachnospiraceae;Lachnospiraceae;Lachnospiraceae;Otu4329;;;;;;;;;;;;;;;;;;
Otu4334;Bacteria;Bacillota_A;Clostridia;Oscillospirales;Ruminococcaceae;Faecalibacterium;Faecalibacterium;Otu4334;;;;;;;;;;;;;;;;;;
Otu4335;Bacteria;Bacillota_A;Clostridia;Clostridia;Clostridia;Clostridia;Clostridia;Otu4335;;;;;;;;;;;;;;;;;;
Otu4341;Bacteria;Bacteroidota;Bacteroidia;Flavobacteriales;UBA1820;Merdimorpha;Merdimorpha sp002314265;Otu4341;;;;;;;;;;;;;;;;;;
Otu4346;Bacteria;Bacillota_A;Clostridia;Lachnospirales;Lachnospiraceae;Lachnospiraceae;Lachnospiraceae;Otu4346;;;;;;;;;;;;;;;;;;
Otu4352;Bacteria;Bacillota_A;Clostridia;Lachnospirales;Lachnospiraceae;Lachnospiraceae;Lachnospiraceae;Otu4352;;;;;;;;;;;;;;;;;;
Otu4353;Bacteria;Bacillota_A;Clostridia;Christensenellales;Aristaeellaceae;Ventricola;Ventricola sp900542395;Otu4353;;;;;;;;;;;;;;;;;;
Otu4354;Bacteria;Bacillota_A;Clostridia;Lachnospirales;Lachnospiraceae;Lachnospiraceae;Lachnospiraceae;Otu4354;;;;;;;;;;;;;;;;;;
Otu4356;Bacteria;Bacillota_A;Clostridia;TANB77;CAG-508;CAG-273;CAG-273 sp000435755;Otu4356;;;;;;;;;;;;;;;;;;
Otu4358;Bacteria;Bacillota_A;Clostridia;Oscillospirales;Oscillospiraceae;F23-B02;F23-B02 sp001916715;Otu4358;;;;;;;;;;;;;;;;;;
Otu4360;Bacteria;Bacillota_A;Clostridia;Lachnospirales;Lachnospiraceae;Gallintestinimicrobium;Gallintestinimicrobium propionicum;Otu4360;;;;;;;;;;;;;;;;;;
Otu4361;Bacteria;Bacillota_A;Clostridia;Lachnospirales;Lachnospiraceae;Roseburia;Roseburia inulinivorans;Otu4361;;;;;;;;;;;;;;;;;;
Otu4362;Bacteria;Bacillota_A;Clostridia;Clostridia;Clostridia;Clostridia;Clostridia;Otu4362;;;;;;;;;;;;;;;;;;
Otu4377;Bacteria;Bacillota_A;Clostridia;Oscillospirales;Oscillospiraceae;Hominicoprocola;Hominicoprocola;Otu4377;;;;;;;;;;;;;;;;;;
Otu4380;Bacteria;Bacillota_A;Clostridia;Christensenellales;Christensenellaceae;Christensenellaceae;Christensenellaceae;Otu4380;;;;;;;;;;;;;;;;;;
Otu4389;Bacteria;Bacillota_A;Clostridia;Lachnospirales;Lachnospiraceae;Lachnospiraceae;Lachnospiraceae;Otu4389;;;;;;;;;;;;;;;;;;
Otu4392;Bacteria;Bacteroidota;Bacteroidia;Bacteroidales;Bacteroidaceae;Bacteroides;Bacteroides eggerthii;Otu4392;;;;;;;;;;;;;;;;;;
Otu4393;Bacteria;Bacillota_A;Clostridia;Lachnospirales;Lachnospiraceae;Lachnospiraceae;Lachnospiraceae;Otu4393;;;;;;;;;;;;;;;;;;
Otu4396;Bacteria;Bacillota_I;Bacilli_A;Erysipelotrichales;Erysipelotrichaceae;Merdibacter;Merdibacter merdigallinarum;Otu4396;;;;;;;;;;;;;;;;;;
Otu4397;Bacteria;Bacteroidota;Bacteroidia;Bacteroidales;Bacteroidaceae;Bacteroides;Bacteroides;Otu4397;;;;;;;;;;;;;;;;;;
Otu4403;Bacteria;Bacillota_A;Clostridia;Oscillospirales;Acutalibacteraceae;Acutalibacteraceae;Acutalibacteraceae;Otu4403;;;;;;;;;;;;;;;;;;
Otu4404;Bacteria;Bacteroidota;Bacteroidia;Bacteroidales;Tannerellaceae;Parabacteroides;Parabacteroides;Otu4404;;;;;;;;;;;;;;;;;;
Otu4406;Bacteria;Bacillota_A;Clostridia;Oscillospirales;Oscillospirales;Oscillospirales;Oscillospirales;Otu4406;;;;;;;;;;;;;;;;;;
Otu4408;Bacteria;Bacillota_A;Clostridia;Lachnospirales;Lachnospiraceae;Lachnospiraceae;Lachnospiraceae;Otu4408;;;;;;;;;;;;;;;;;;
Otu4410;Bacteria;Bacillota_A;Clostridia;Oscillospirales;Oscillospiraceae;Oscillospiraceae;Oscillospiraceae;Otu4410;;;;;;;;;;;;;;;;;;
Otu4414;Bacteria;Bacteroidota;Bacteroidia;Bacteroidales;Bacteroidaceae;Bacteroides;Bacteroides sp900765785;Otu4414;;;;;;;;;;;;;;;;;;
Otu4421;Bacteria;Bacillota_A;Clostridia;Lachnospirales;Lachnospiraceae;Blautia_A;Blautia_A;Otu4421;;;;;;;;;;;;;;;;;;
Otu4424;Bacteria;Bacillota_A;Clostridia;Clostridia;Clostridia;Clostridia;Clostridia;Otu4424;;;;;;;;;;;;;;;;;;
Otu4425;Bacteria;Bacillota_A;Clostridia;Lachnospirales;Lachnospiraceae;Lachnospiraceae;Lachnospiraceae;Otu4425;;;;;;;;;;;;;;;;;;
Otu4434;Bacteria;Bacteroidota;Bacteroidia;Bacteroidales;Bacteroidaceae;Bacteroides;Bacteroides;Otu4434;;;;;;;;;;;;;;;;;;
Otu4437;Bacteria;Bacillota_A;Clostridia;Lachnospirales;Lachnospiraceae;Lachnospiraceae;Lachnospiraceae;Otu4437;;;;;;;;;;;;;;;;;;
Otu4439;Bacteria;Bacillota_A;Clostridia;Oscillospirales;Oscillospiraceae;Lawsonibacter;Lawsonibacter faecis;Otu4439;;;;;;;;;;;;;;;;;;
Otu4440;Bacteria;Bacillota_A;Clostridia;Lachnospirales;Lachnospiraceae;Lachnospiraceae;Lachnospiraceae;Otu4440;;;;;;;;;;;;;;;;;;
Otu4448;Bacteria;Bacillota_A;Clostridia;Lachnospirales;Lachnospiraceae;Lachnospira;Lachnospira;Otu4448;;;;;;;;;;;;;;;;;;
Otu4449;Bacteria;Bacillota_A;Clostridia;Lachnospirales;Lachnospiraceae;Coprococcus;Coprococcus aceti;Otu4449;;;;;;;;;;;;;;;;;;
Otu4452;Bacteria;Bacillota_C;Negativicutes;Selenomonadales;Selenomonadaceae;Selenomonadaceae;Selenomonadaceae;Otu4452;;;;;;;;;;;;;;;;;;
Otu4456;Bacteria;Bacillota_B;Dehalobacteriia;Dehalobacteriia;Dehalobacteriia;Dehalobacteriia;Dehalobacteriia;Otu4456;;;;;;;;;;;;;;;;;;
Otu4457;Bacteria;Bacillota_A;Clostridia;Lachnospirales;Lachnospiraceae;Petralouisia;Petralouisia sp001940225;Otu4457;;;;;;;;;;;;;;;;;;
Otu4459;Bacteria;Bacillota_A;Clostridia;Lachnospirales;Lachnospiraceae;Hominiventricola;Hominiventricola filiformis;Otu4459;;;;;;;;;;;;;;;;;;
Otu4468;Bacteria;Bacillota_A;Clostridia;Oscillospirales;Oscillospiraceae;Dysosmobacter;Dysosmobacter;Otu4468;;;;;;;;;;;;;;;;;;
Otu4470;Bacteria;Bacillota_A;Clostridia;Lachnospirales;Lachnospiraceae;Lachnospiraceae;Lachnospiraceae;Otu4470;;;;;;;;;;;;;;;;;;
Otu4472;Bacteria;Bacillota_A;Clostridia;Lachnospirales;Lachnospiraceae;Lachnospiraceae;Lachnospiraceae;Otu4472;;;;;;;;;;;;;;;;;;
Otu4474;Bacteria;Bacillota_A;Clostridia;Lachnospirales;Lachnospiraceae;Mediterraneibacter;Mediterraneibacter;Otu4474;;;;;;;;;;;;;;;;;;
Otu4475;Bacteria;Bacillota_A;Clostridia;Lachnospirales;Lachnospiraceae;Eubacterium_Q;Eubacterium_Q sp000703065;Otu4475;;;;;;;;;;;;;;;;;;
Otu4480;Bacteria;Bacillota_A;Clostridia;Oscillospirales;Ruminococcaceae;Ruminococcaceae;Ruminococcaceae;Otu4480;;;;;;;;;;;;;;;;;;
Otu4481;Bacteria;Bacillota_A;Clostridia;Oscillospirales;Oscillospirales;Oscillospirales;Oscillospirales;Otu4481;;;;;;;;;;;;;;;;;;
Otu4486;Bacteria;Bacteroidota;Bacteroidia;Bacteroidales;Bacteroidaceae;Phocaeicola;Phocaeicola vulgatus;Otu4486;;;;;;;;;;;;;;;;;;
Otu4488;Bacteria;Bacillota_A;Clostridia;Lachnospirales;Lachnospiraceae;Lachnospiraceae;Lachnospiraceae;Otu4488;;;;;;;;;;;;;;;;;;
Otu4490;Bacteria;Bacillota_A;Clostridia;Lachnospirales;Lachnospiraceae;Lachnospiraceae;Lachnospiraceae;Otu4490;;;;;;;;;;;;;;;;;;
Otu4491;Bacteria;Bacillota_A;Clostridia;Lachnospirales;Lachnospiraceae;Fusicatenibacter;Fusicatenibacter saccharivorans;Otu4491;;;;;;;;;;;;;;;;;;
Otu4493;Bacteria;Bacillota_A;Clostridia;Christensenellales;Aristaeellaceae;Aristaeellaceae;Aristaeellaceae;Otu4493;;;;;;;;;;;;;;;;;;
Otu4496;Bacteria;Bacillota_A;Clostridia;Lachnospirales;Lachnospiraceae;Wujia;Wujia chipingensis;Otu4496;;;;;;;;;;;;;;;;;;
Otu4498;Bacteria;Bacillota_A;Clostridia;Christensenellales;CAG-138;SFEL01;SFEL01 sp004557245;Otu4498;;;;;;;;;;;;;;;;;;
Otu4500;Bacteria;Bacteroidota;Bacteroidia;Bacteroidales;Bacteroidaceae;Bacteroides;Bacteroides stercoris_A;Otu4500;;;;;;;;;;;;;;;;;;
Otu4515;Bacteria;Bacillota_A;Clostridia;Oscillospirales;Oscillospiraceae;Faecousia;Faecousia sp000434635;Otu4515;;;;;;;;;;;;;;;;;;
Otu4517;Bacteria;Bacillota_A;Clostridia;Oscillospirales;Acutalibacteraceae;Ruminococcus_E;Ruminococcus_E;Otu4517;;;;;;;;;;;;;;;;;;
Otu4518;Bacteria;Bacillota_A;Clostridia;Oscillospirales;Ruminococcaceae;Ruminococcaceae;Ruminococcaceae;Otu4518;;;;;;;;;;;;;;;;;;
Otu4519;Bacteria;Bacillota_A;Clostridia;Lachnospirales;Lachnospiraceae;Lachnospiraceae;Lachnospiraceae;Otu4519;;;;;;;;;;;;;;;;;;
Otu4525;Bacteria;Bacillota_A;Clostridia;Lachnospirales;Lachnospiraceae;Lachnospiraceae;Lachnospiraceae;Otu4525;;;;;;;;;;;;;;;;;;
Otu4527;Bacteria;Bacillota_A;Clostridia;Lachnospirales;Lachnospiraceae;Anaerobutyricum;Anaerobutyricum soehngenii;Otu4527;;;;;;;;;;;;;;;;;;
Otu4533;Bacteria;Bacillota_A;Clostridia;Oscillospirales;Ruminococcaceae;Bittarella;Bittarella massiliensis_A;Otu4533;;;;;;;;;;;;;;;;;;
Otu4536;Bacteria;Verrucomicrobiota;Verrucomicrobiae;Opitutales;CAG-312;Merdousia;Merdousia;Otu4536;;;;;;;;;;;;;;;;;;
Otu4548;Bacteria;Bacillota_A;Clostridia;Oscillospirales;Ruminococcaceae;Ruminococcus_C;Ruminococcus_C;Otu4548;;;;;;;;;;;;;;;;;;
Otu4551;Bacteria;Bacillota_A;Clostridia;Lachnospirales;Lachnospiraceae;Agathobacter;Agathobacter;Otu4551;;;;;;;;;;;;;;;;;;
Otu4554;Bacteria;Bacillota_A;Clostridia;Clostridia;Clostridia;Clostridia;Clostridia;Otu4554;;;;;;;;;;;;;;;;;;
Otu4555;Bacteria;Bacillota_A;Clostridia;Lachnospirales;Bianqueaceae;Bianquea;Bianquea renquensis;Otu4555;;;;;;;;;;;;;;;;;;
Otu4556;Bacteria;Bacillota_A;Clostridia;Lachnospirales;Lachnospiraceae;Lachnospiraceae;Lachnospiraceae;Otu4556;;;;;;;;;;;;;;;;;;
Otu4558;Bacteria;Bacillota_A;Clostridia;Oscillospirales;Acutalibacteraceae;CAG-177;CAG-177;Otu4558;;;;;;;;;;;;;;;;;;
Otu4564;Bacteria;Actinomycetota;Actinomycetes;Mycobacteriales;Geodermatophilaceae;Klenkia;Klenkia;Otu4564;;;;;;;;;;;;;;;;;;
Otu4567;Bacteria;Bacillota_A;Clostridia;Oscillospirales;Oscillospiraceae;Hominicoprocola;Hominicoprocola;Otu4567;;;;;;;;;;;;;;;;;;
Otu4574;Bacteria;Bacteroidota;Bacteroidia;Bacteroidales;Bacteroidales;Bacteroidales;Bacteroidales;Otu4574;;;;;;;;;;;;;;;;;;
Otu4594;Bacteria;Bacillota_A;Clostridia;Oscillospirales;Ruminococcaceae;Negativibacillus;Negativibacillus sp905197685;Otu4594;;;;;;;;;;;;;;;;;;
Otu4599;Bacteria;Bacillota_A;Clostridia;Lachnospirales;Lachnospiraceae;Blautia_A;Blautia_A;Otu4599;;;;;;;;;;;;;;;;;;
Otu4602;Bacteria;Bacillota;Bacilli;Lactobacillales;Lactobacillaceae;Weissella;Weissella confusa_B;Otu4602;;;;;;;;;;;;;;;;;;
Otu4604;Bacteria;Verrucomicrobiota;Verrucomicrobiae;Opitutales;CAG-312;Merdousia;Merdousia;Otu4604;;;;;;;;;;;;;;;;;;
Otu4605;Bacteria;Bacteroidota;Bacteroidia;Bacteroidales;Bacteroidaceae;Prevotella;Prevotella ruminicola;Otu4605;;;;;;;;;;;;;;;;;;
Otu4616;Bacteria;Bacillota_A;Clostridia;Clostridia;Clostridia;Clostridia;Clostridia;Otu4616;;;;;;;;;;;;;;;;;;
Otu4618;Bacteria;Bacillota_A;Clostridia;Clostridia;Clostridia;Clostridia;Clostridia;Otu4618;;;;;;;;;;;;;;;;;;
Otu4626;Bacteria;Bacillota_A;Clostridia;Lachnospirales;Lachnospiraceae;Lachnospiraceae;Lachnospiraceae;Otu4626;;;;;;;;;;;;;;;;;;
Otu4629;Bacteria;Bacillota_A;Clostridia;Lachnospirales;Lachnospiraceae;Blautia_A;Blautia_A difficilis;Otu4629;;;;;;;;;;;;;;;;;;
Otu4633;Bacteria;Bacteroidota;Bacteroidia;Bacteroidales;Bacteroidaceae;Prevotella;Prevotella ruminicola_A;Otu4633;;;;;;;;;;;;;;;;;;
Otu4637;Bacteria;Bacillota_A;Clostridia;Lachnospirales;Lachnospiraceae;Wujia;Wujia chipingensis;Otu4637;;;;;;;;;;;;;;;;;;
Otu4638;Bacteria;Bacteroidota;Bacteroidia;Bacteroidales;G3-4614;Caccoplasma_A;Caccoplasma_A merdipullorum;Otu4638;;;;;;;;;;;;;;;;;;
Otu4642;Bacteria;Pseudomonadota;Gammaproteobacteria;Enterobacterales;Succinivibrionaceae;Succinivibrio;Succinivibrio sp000431835;Otu4642;;;;;;;;;;;;;;;;;;
Otu4647;Bacteria;Bacillota_A;Clostridia;Lachnospirales;Lachnospiraceae;Lachnospiraceae;Lachnospiraceae;Otu4647;;;;;;;;;;;;;;;;;;
Otu4651;Bacteria;Bacillota_A;Clostridia;Oscillospirales;Acutalibacteraceae;Avimonas;Avimonas sp012839705;Otu4651;;;;;;;;;;;;;;;;;;
Otu4652;Bacteria;Bacillota_A;Clostridia;Lachnospirales;Lachnospiraceae;Lachnospiraceae;Lachnospiraceae;Otu4652;;;;;;;;;;;;;;;;;;
Otu4655;Bacteria;Bacillota_A;Clostridia;Oscillospirales;Oscillospiraceae;F23-B02;F23-B02 sp001916715;Otu4655;;;;;;;;;;;;;;;;;;
Otu4656;Bacteria;Bacillota_A;Clostridia;Oscillospirales;Ruminococcaceae;Faecalibacterium;Faecalibacterium;Otu4656;;;;;;;;;;;;;;;;;;
Otu4657;Bacteria;Bacillota_A;Clostridia;Oscillospirales;Ruminococcaceae;Faecalibacterium;Faecalibacterium;Otu4657;;;;;;;;;;;;;;;;;;
Otu4658;Bacteria;Desulfobacterota;Desulfovibrionia;Desulfovibrionales;Desulfovibrionaceae;Cupidesulfovibrio;Cupidesulfovibrio;Otu4658;;;;;;;;;;;;;;;;;;
Otu4661;Bacteria;Bacillota_A;Clostridia;Lachnospirales;Lachnospiraceae;Lachnospiraceae;Lachnospiraceae;Otu4661;;;;;;;;;;;;;;;;;;
Otu4662;Bacteria;Bacteroidota;Bacteroidia;Bacteroidales;Muribaculaceae;UBA7173;UBA7173 sp001689685;Otu4662;;;;;;;;;;;;;;;;;;
Otu4666;Bacteria;Bacteroidota;Bacteroidia;Bacteroidales;Bacteroidaceae;Phocaeicola;Phocaeicola;Otu4666;;;;;;;;;;;;;;;;;;
Otu4668;Bacteria;Pseudomonadota;Gammaproteobacteria;Burkholderiales;Burkholderiaceae;Sutterella;Sutterella wadsworthensis_A;Otu4668;;;;;;;;;;;;;;;;;;
Otu4674;Bacteria;Bacillota_A;Clostridia;Lachnospirales;Lachnospiraceae;Lachnospiraceae;Lachnospiraceae;Otu4674;;;;;;;;;;;;;;;;;;
Otu4675;Bacteria;Bacillota_A;Clostridia;Oscillospirales;Ruminococcaceae;Faecalibacterium;Faecalibacterium longum;Otu4675;;;;;;;;;;;;;;;;;;
Otu4679;Bacteria;Bacillota_A;Clostridia;Lachnospirales;Lachnospiraceae;Lachnospiraceae;Lachnospiraceae;Otu4679;;;;;;;;;;;;;;;;;;
Otu4680;Bacteria;Bacillota_A;Clostridia;Oscillospirales;Acutalibacteraceae;CAG-488;CAG-488 sp000434915;Otu4680;;;;;;;;;;;;;;;;;;
Otu4683;Bacteria;Bacillota_A;Clostridia;Clostridia;Clostridia;Clostridia;Clostridia;Otu4683;;;;;;;;;;;;;;;;;;
Otu4685;Bacteria;Bacillota_A;Clostridia;Lachnospirales;Lachnospiraceae;Lachnospiraceae;Lachnospiraceae;Otu4685;;;;;;;;;;;;;;;;;;
Otu4687;Bacteria;Bacillota_A;Clostridia;Clostridia;Clostridia;Clostridia;Clostridia;Otu4687;;;;;;;;;;;;;;;;;;
Otu4688;Bacteria;Bacillota_I;Bacilli_A;RF39;UBA660;CAG-433;CAG-433 sp019423565;Otu4688;;;;;;;;;;;;;;;;;;
Otu4695;Bacteria;Bacteroidota;Bacteroidia;Bacteroidales;Bacteroidaceae;Paraprevotella;Paraprevotella clara;Otu4695;;;;;;;;;;;;;;;;;;
Otu4716;Bacteria;Bacillota_A;Clostridia;Lachnospirales;Lachnospiraceae;Lachnospiraceae;Lachnospiraceae;Otu4716;;;;;;;;;;;;;;;;;;
Otu4737;Bacteria;Bacillota_A;Clostridia;Oscillospirales;Acutalibacteraceae;Ruminococcus_E;Ruminococcus_E;Otu4737;;;;;;;;;;;;;;;;;;
Otu4738;Bacteria;Bacillota_A;Clostridia;Peptostreptococcales;Anaerovoracaceae;CAG-238;CAG-238 sp900542245;Otu4738;;;;;;;;;;;;;;;;;;
Otu4741;Bacteria;Bacillota_A;Clostridia;Oscillospirales;Acutalibacteraceae;Ruminococcus_E;Ruminococcus_E;Otu4741;;;;;;;;;;;;;;;;;;
Otu4742;Bacteria;Bacillota_A;Clostridia;Oscillospirales;Oscillospiraceae;Hominicoprocola;Hominicoprocola fusiformis;Otu4742;;;;;;;;;;;;;;;;;;
Otu4743;Bacteria;Bacillota_A;Clostridia;Lachnospirales;Lachnospiraceae;Roseburia;Roseburia;Otu4743;;;;;;;;;;;;;;;;;;
Otu4746;Bacteria;Bacillota_A;Clostridia;TANB77;CAG-508;CAG-452;CAG-452 sp000434035;Otu4746;;;;;;;;;;;;;;;;;;
Otu4748;Bacteria;Bacillota_A;Clostridia;Oscillospirales;CAG-272;CAG-272;CAG-272;Otu4748;;;;;;;;;;;;;;;;;;
Otu4751;Bacteria;Bacillota_A;Clostridia;Oscillospirales;Oscillospiraceae;CAG-170;CAG-170 sp900549635;Otu4751;;;;;;;;;;;;;;;;;;
Otu4759;Bacteria;Bacillota_A;Clostridia;Lachnospirales;Lachnospiraceae;Bariatricus;Bariatricus comes_A;Otu4759;;;;;;;;;;;;;;;;;;
Otu4765;Bacteria;Bacillota_A;Clostridia;Lachnospirales;Lachnospiraceae;Lachnospiraceae;Lachnospiraceae;Otu4765;;;;;;;;;;;;;;;;;;
Otu4775;Bacteria;Bacillota_A;Clostridia;Lachnospirales;Lachnospiraceae;Lachnospiraceae;Lachnospiraceae;Otu4775;;;;;;;;;;;;;;;;;;
Otu4777;Bacteria;Bacillota_B;Syntrophomonadia;Syntrophomonadales;Syntrophomonadaceae;Syntrophomonas_B;Syntrophomonas_B zehnderi;Otu4777;;;;;;;;;;;;;;;;;;
Otu4782;Bacteria;Bacillota_A;Clostridia;Lachnospirales;Lachnospiraceae;Otoolea;Otoolea;Otu4782;;;;;;;;;;;;;;;;;;
Otu4784;Bacteria;Bacillota_A;Clostridia;Lachnospirales;Lachnospiraceae;Bariatricus;Bariatricus;Otu4784;;;;;;;;;;;;;;;;;;
Otu4789;Bacteria;Bacteroidota;Bacteroidia;Bacteroidales;Bacteroidaceae;Prevotella;Prevotella;Otu4789;;;;;;;;;;;;;;;;;;
Otu4791;Bacteria;Bacillota_A;Clostridia;Oscillospirales;Oscillospiraceae;Faecousia;Faecousia sp003525905;Otu4791;;;;;;;;;;;;;;;;;;
Otu4794;Bacteria;Bacillota_A;Clostridia;Oscillospirales;Oscillospiraceae;CAG-170;CAG-170 sp000432135;Otu4794;;;;;;;;;;;;;;;;;;
Otu4795;Bacteria;Bacillota_A;Clostridia;Lachnospirales;Lachnospiraceae;Lachnospiraceae;Lachnospiraceae;Otu4795;;;;;;;;;;;;;;;;;;
Otu4799;Bacteria;Actinomycetota;Actinomycetes;Actinomycetales;Bifidobacteriaceae;Bifidobacterium;Bifidobacterium;Otu4799;;;;;;;;;;;;;;;;;;
Otu4805;Bacteria;Bacillota_A;Clostridia;Oscillospirales;Oscillospiraceae;Oscillospiraceae;Oscillospiraceae;Otu4805;;;;;;;;;;;;;;;;;;
Otu4809;Bacteria;Actinomycetota;Coriobacteriia;Coriobacteriales;Eggerthellaceae;Anaerotardibacter;Anaerotardibacter sp000436075;Otu4809;;;;;;;;;;;;;;;;;;
Otu4810;Bacteria;Bacillota;Bacilli;Lactobacillales;Lactobacillaceae;Ligilactobacillus;Ligilactobacillus salivarius;Otu4810;;;;;;;;;;;;;;;;;;
Otu4813;Bacteria;Bacillota_A;Clostridia;Christensenellales;Aristaeellaceae;Aristaeellaceae;Aristaeellaceae;Otu4813;;;;;;;;;;;;;;;;;;
Otu4818;Bacteria;Bacillota_A;Clostridia;Lachnospirales;Lachnospiraceae;Lachnospiraceae;Lachnospiraceae;Otu4818;;;;;;;;;;;;;;;;;;
Otu4819;Bacteria;Bacillota_A;Clostridia;Oscillospirales;Oscillospiraceae;Vescimonas;Vescimonas sp000435555;Otu4819;;;;;;;;;;;;;;;;;;
Otu4821;Bacteria;Bacillota_I;Bacilli_A;Erysipelotrichales;Erysipelotrichaceae;Dielma;Dielma fastidiosa;Otu4821;;;;;;;;;;;;;;;;;;
Otu4829;Bacteria;Bacillota_A;Clostridia;Oscillospirales;Ruminococcaceae;Faecalibacterium;Faecalibacterium sp900758465;Otu4829;;;;;;;;;;;;;;;;;;
Otu4830;Bacteria;Bacillota_A;Clostridia;Clostridia;Clostridia;Clostridia;Clostridia;Otu4830;;;;;;;;;;;;;;;;;;
Otu4831;Bacteria;Pseudomonadota;Gammaproteobacteria;Enterobacterales;Enterobacteriaceae;Enterobacteriaceae;Enterobacteriaceae;Otu4831;;;;;;;;;;;;;;;;;;
Otu4833;Bacteria;Bacteroidota;Bacteroidia;Bacteroidales;Bacteroidaceae;Prevotella;Prevotella sp002265625;Otu4833;;;;;;;;;;;;;;;;;;
Otu4835;Bacteria;Bacillota_A;Clostridia;Christensenellales;Aristaeellaceae;Aristaeella;Aristaeella;Otu4835;;;;;;;;;;;;;;;;;;
Otu4837;Bacteria;Actinomycetota;Coriobacteriia;Coriobacteriales;Eggerthellaceae;Ellagibacter;Ellagibacter isourolithinifaciens;Otu4837;;;;;;;;;;;;;;;;;;
Otu4838;Bacteria;Verrucomicrobiota;Lentisphaeria;Victivallales;UBA1829;UBA1829;UBA1829;Otu4838;;;;;;;;;;;;;;;;;;
Otu4839;Bacteria;Bacteroidota;Bacteroidia;Bacteroidales;Bacteroidaceae;Phocaeicola;Phocaeicola coprophilus;Otu4839;;;;;;;;;;;;;;;;;;
Otu4841;Bacteria;Bacteria;Bacteria;Bacteria;Bacteria;Bacteria;Bacteria;Otu4841;;;;;;;;;;;;;;;;;;
Otu4843;Bacteria;Pseudomonadota;Gammaproteobacteria;Pseudomonadales;Pseudomonadaceae;Pseudomonas_E;Pseudomonas_E;Otu4843;;;;;;;;;;;;;;;;;;
Otu4845;Bacteria;Bacillota_A;Clostridia;Lachnospirales;Lachnospiraceae;Oliverpabstia;Oliverpabstia intestinalis;Otu4845;;;;;;;;;;;;;;;;;;
Otu4849;Bacteria;Bacillota_C;Negativicutes;Veillonellales;Dialisteraceae;Dialister;Dialister sp900765565;Otu4849;;;;;;;;;;;;;;;;;;
Otu4850;Bacteria;Bacillota_A;Clostridia;Lachnospirales;Lachnospiraceae;Lachnospira;Lachnospira;Otu4850;;;;;;;;;;;;;;;;;;
Otu4855;Bacteria;Bacillota_A;Clostridia;Lachnospirales;Lachnospiraceae;Lachnospiraceae;Lachnospiraceae;Otu4855;;;;;;;;;;;;;;;;;;
Otu4856;Bacteria;Bacteroidota;Bacteroidia;Bacteroidales;Coprobacteraceae;Coprobacter;Coprobacter fastidiosus;Otu4856;;;;;;;;;;;;;;;;;;
Otu4863;Bacteria;Bacillota_A;Clostridia;Lachnospirales;Lachnospiraceae;Lachnospiraceae;Lachnospiraceae;Otu4863;;;;;;;;;;;;;;;;;;
Otu4864;Bacteria;Bacillota_A;Clostridia;TANB77;CAG-508;CAG-508;CAG-508;Otu4864;;;;;;;;;;;;;;;;;;
Otu4869;Bacteria;Bacillota_C;Negativicutes;Acidaminococcales;Acidaminococcaceae;Acidaminococcus;Acidaminococcus;Otu4869;;;;;;;;;;;;;;;;;;
Otu4881;Bacteria;Bacteroidota;Bacteroidia;Bacteroidales;Bacteroidaceae;Phocaeicola;Phocaeicola vulgatus;Otu4881;;;;;;;;;;;;;;;;;;
Otu4884;Bacteria;Bacteroidota;Bacteroidia;Bacteroidales;Bacteroidaceae;Bacteroides;Bacteroides stercoris_A;Otu4884;;;;;;;;;;;;;;;;;;
Otu4886;Bacteria;Bacillota_A;Clostridia;Lachnospirales;Lachnospiraceae;Lachnospiraceae;Lachnospiraceae;Otu4886;;;;;;;;;;;;;;;;;;
Otu4892;Bacteria;Bacillota_A;Clostridia;Lachnospirales;Lachnospiraceae;Lachnospiraceae;Lachnospiraceae;Otu4892;;;;;;;;;;;;;;;;;;
Otu4896;Bacteria;Bacillota_C;Negativicutes;Acidaminococcales;Acidaminococcaceae;Phascolarctobacterium;Phascolarctobacterium faecium;Otu4896;;;;;;;;;;;;;;;;;;
Otu4898;Bacteria;Bacillota_A;Clostridia;Lachnospirales;Lachnospiraceae;Lachnospiraceae;Lachnospiraceae;Otu4898;;;;;;;;;;;;;;;;;;
Otu4903;Bacteria;Bacillota_A;Clostridia;Christensenellales;Maliibacteriaceae;Maliibacterium;Maliibacterium massiliense;Otu4903;;;;;;;;;;;;;;;;;;
Otu4904;Bacteria;Bacillota_A;Clostridia;Lachnospirales;Lachnospiraceae;Lachnospiraceae;Lachnospiraceae;Otu4904;;;;;;;;;;;;;;;;;;
Otu4906;Bacteria;Bacillota_A;Clostridia;Lachnospirales;Lachnospiraceae;Lachnospiraceae;Lachnospiraceae;Otu4906;;;;;;;;;;;;;;;;;;
Otu4913;Bacteria;Bacillota_A;Clostridia;Lachnospirales;Lachnospiraceae;Lachnospiraceae;Lachnospiraceae;Otu4913;;;;;;;;;;;;;;;;;;
Otu4918;Bacteria;Bacillota_A;Clostridia;Lachnospirales;Lachnospiraceae;Lachnospiraceae;Lachnospiraceae;Otu4918;;;;;;;;;;;;;;;;;;
Otu4922;Bacteria;Bacteria;Bacteria;Bacteria;Bacteria;Bacteria;Bacteria;Otu4922;;;;;;;;;;;;;;;;;;
Otu4925;Bacteria;Bacillota_A;Clostridia;Lachnospirales;Lachnospiraceae;Alitiscatomonas;Alitiscatomonas sp900541255;Otu4925;;;;;;;;;;;;;;;;;;
Otu4932;Bacteria;Bacillota_A;Clostridia;Lachnospirales;Lachnospiraceae;Lachnospiraceae;Lachnospiraceae;Otu4932;;;;;;;;;;;;;;;;;;
Otu4936;Bacteria;Bacillota_A;Clostridia;Oscillospirales;Acutalibacteraceae;CAG-177;CAG-177 sp000431775;Otu4936;;;;;;;;;;;;;;;;;;
Otu4938;Bacteria;Bacillota_A;Clostridia;Lachnospirales;Lachnospiraceae;Lachnospiraceae;Lachnospiraceae;Otu4938;;;;;;;;;;;;;;;;;;
Otu4939;Bacteria;Pseudomonadota;Gammaproteobacteria;Enterobacterales;Succinivibrionaceae;Succinimonas;Succinimonas amylolytica;Otu4939;;;;;;;;;;;;;;;;;;
Otu4942;Bacteria;Bacillota_A;Clostridia;Oscillospirales;Ruminococcaceae;Ruminococcaceae;Ruminococcaceae;Otu4942;;;;;;;;;;;;;;;;;;
Otu4943;Bacteria;Bacillota_A;Clostridia;Oscillospirales;Oscillospiraceae;Oscillospiraceae;Oscillospiraceae;Otu4943;;;;;;;;;;;;;;;;;;
Otu4944;Bacteria;Bacteroidota;Bacteroidia;Bacteroidales;Bacteroidaceae;Prevotella;Prevotella ruminicola_A;Otu4944;;;;;;;;;;;;;;;;;;
Otu4948;Bacteria;Bacillota_A;Clostridia;Lachnospirales;Lachnospiraceae;Lachnospiraceae;Lachnospiraceae;Otu4948;;;;;;;;;;;;;;;;;;
Otu4949;Bacteria;Bacillota_A;Clostridia;Oscillospirales;Acutalibacteraceae;Ruminococcus_E;Ruminococcus_E;Otu4949;;;;;;;;;;;;;;;;;;
Otu4950;Bacteria;Bacillota_A;Clostridia;Lachnospirales;Lachnospiraceae;Lachnospiraceae;Lachnospiraceae;Otu4950;;;;;;;;;;;;;;;;;;
Otu4952;Bacteria;Bacillota_A;Clostridia;Lachnospirales;Lachnospiraceae;Lachnospiraceae;Lachnospiraceae;Otu4952;;;;;;;;;;;;;;;;;;
Otu4956;Bacteria;Bacillota_A;Clostridia;Oscillospirales;Ruminococcaceae;Gemmiger;Gemmiger;Otu4956;;;;;;;;;;;;;;;;;;
Otu4959;Bacteria;Bacillota_A;Clostridia;Tissierellales;Peptoniphilaceae;Fenollaria;Fenollaria timonensis;Otu4959;;;;;;;;;;;;;;;;;;
Otu4961;Bacteria;Bacteroidota;Bacteroidia;Bacteroidales;Bacteroidaceae;Paraprevotella;Paraprevotella clara;Otu4961;;;;;;;;;;;;;;;;;;
Otu4962;Bacteria;Bacillota_A;Clostridia;Lachnospirales;Lachnospiraceae;Agathobacter;Agathobacter;Otu4962;;;;;;;;;;;;;;;;;;
Otu4964;Bacteria;Bacillota_A;Clostridia;Lachnospirales;Lachnospiraceae;Lachnospira;Lachnospira;Otu4964;;;;;;;;;;;;;;;;;;
Otu4965;Bacteria;Bacillota_A;Clostridia;Lachnospirales;Lachnospiraceae;Brotaphodocola;Brotaphodocola sp003478505;Otu4965;;;;;;;;;;;;;;;;;;
Otu4966;Bacteria;Bacillota_A;Clostridia;Oscillospirales;Oscillospiraceae;Oscillospiraceae;Oscillospiraceae;Otu4966;;;;;;;;;;;;;;;;;;
Otu4967;Bacteria;Bacillota_A;Clostridia;Oscillospirales;Ruminococcaceae;Faecalibacterium;Faecalibacterium sp900758465;Otu4967;;;;;;;;;;;;;;;;;;
Otu4973;Bacteria;Bacteroidota;Bacteroidia;Bacteroidales;Bacteroidaceae;Bacteroides;Bacteroides;Otu4973;;;;;;;;;;;;;;;;;;
Otu4981;Bacteria;Bacillota_A;Clostridia;Oscillospirales;Acutalibacteraceae;CAG-177;CAG-177 sp000431775;Otu4981;;;;;;;;;;;;;;;;;;
Otu4983;Bacteria;Bacillota_A;Clostridia;Oscillospirales;Acutalibacteraceae;Ruminococcus_E;Ruminococcus_E;Otu4983;;;;;;;;;;;;;;;;;;
Otu4985;Bacteria;Bacillota_A;Clostridia;Lachnospirales;Lachnospiraceae;Anthropogastromicrobium;Anthropogastromicrobium aceti;Otu4985;;;;;;;;;;;;;;;;;;
Otu4988;Bacteria;Pseudomonadota;Gammaproteobacteria;Burkholderiales;Burkholderiaceae;Burkholderiaceae;Burkholderiaceae;Otu4988;;;;;;;;;;;;;;;;;;
Otu4993;Bacteria;Bacillota_A;Clostridia;Lachnospirales;Lachnospiraceae;Lachnospiraceae;Lachnospiraceae;Otu4993;;;;;;;;;;;;;;;;;;
Otu4995;Bacteria;Bacillota_A;Clostridia;Lachnospirales;Lachnospiraceae;UBA9414;UBA9414 sp003458885;Otu4995;;;;;;;;;;;;;;;;;;
Otu4996;Bacteria;Bacillota_A;Clostridia;Oscillospirales;Ruminococcaceae;Bittarella;Bittarella massiliensis_A;Otu4996;;;;;;;;;;;;;;;;;;
Otu5002;Bacteria;Pseudomonadota;Alphaproteobacteria;Sphingomonadales;Sphingomonadaceae;Sphingomicrobium;Sphingomicrobium luteum;Otu5002;;;;;;;;;;;;;;;;;;
Otu5006;Bacteria;Bacillota_A;Clostridia;Oscillospirales;Oscillospiraceae;Oscillospiraceae;Oscillospiraceae;Otu5006;;;;;;;;;;;;;;;;;;
Otu5009;Bacteria;Bacteroidota;Bacteroidia;Bacteroidales;Bacteroidaceae;Bacteroides;Bacteroides;Otu5009;;;;;;;;;;;;;;;;;;
Otu5010;Bacteria;Bacillota_A;Clostridia;Oscillospirales;UBA644;HGM12619;HGM12619 sp015067305;Otu5010;;;;;;;;;;;;;;;;;;
Otu5011;Bacteria;Bacillota_A;Clostridia;Oscillospirales;Ruminococcaceae;Gemmiger;Gemmiger formicilis;Otu5011;;;;;;;;;;;;;;;;;;
Otu5012;Bacteria;Bacillota_A;Clostridia;Lachnospirales;Lachnospiraceae;Lachnospiraceae;Lachnospiraceae;Otu5012;;;;;;;;;;;;;;;;;;
Otu5016;Bacteria;Bacillota_A;Clostridia;Oscillospirales;Ruminococcaceae;Soleaferrea;Soleaferrea massiliensis;Otu5016;;;;;;;;;;;;;;;;;;
Otu5017;Bacteria;Bacillota_A;Clostridia;Oscillospirales;Oscillospirales;Oscillospirales;Oscillospirales;Otu5017;;;;;;;;;;;;;;;;;;
Otu5019;Bacteria;Bacillota_A;Clostridia;Lachnospirales;Lachnospiraceae;Lachnospiraceae;Lachnospiraceae;Otu5019;;;;;;;;;;;;;;;;;;
Otu5021;Bacteria;Bacillota_I;Bacilli_A;RF39;UBA660;Onthocola_B;Onthocola_B sp000438075;Otu5021;;;;;;;;;;;;;;;;;;
Otu5024;Bacteria;Bacteroidota;Bacteroidia;Bacteroidales;Bacteroidaceae;Prevotella;Prevotella sp002251385;Otu5024;;;;;;;;;;;;;;;;;;
Otu5026;Bacteria;Bacillota_I;Bacilli_A;RF39;UBA660;Aphodocola;Aphodocola sp900547225;Otu5026;;;;;;;;;;;;;;;;;;
Otu5030;Bacteria;Bacillota_A;Clostridia;Lachnospirales;Lachnospiraceae;Lachnospiraceae;Lachnospiraceae;Otu5030;;;;;;;;;;;;;;;;;;
Otu5036;Bacteria;Bacillota_I;Bacilli_A;RF39;UBA660;CALVVN01;CALVVN01 sp944350305;Otu5036;;;;;;;;;;;;;;;;;;
Otu5038;Bacteria;Bacillota_A;Clostridia;Oscillospirales;Ruminococcaceae;Ruminococcaceae;Ruminococcaceae;Otu5038;;;;;;;;;;;;;;;;;;
Otu5045;Bacteria;Bacillota_A;Clostridia;Lachnospirales;Lachnospiraceae;Lachnospiraceae;Lachnospiraceae;Otu5045;;;;;;;;;;;;;;;;;;
Otu5047;Bacteria;Bacillota_A;Clostridia;Oscillospirales;Ruminococcaceae;Anaerotruncus;Anaerotruncus massiliensis;Otu5047;;;;;;;;;;;;;;;;;;
Otu5052;Bacteria;Bacillota_A;Clostridia;Christensenellales;Christensenellaceae;Christensenella;Christensenella minuta;Otu5052;;;;;;;;;;;;;;;;;;
Otu5056;Bacteria;Bacillota_A;Clostridia;Oscillospirales;CAG-272;RUG13077;RUG13077 sp902785485;Otu5056;;;;;;;;;;;;;;;;;;
Otu5058;Bacteria;Bacillota_A;Clostridia;Lachnospirales;Lachnospiraceae;Lachnospira;Lachnospira;Otu5058;;;;;;;;;;;;;;;;;;
Otu5063;Bacteria;Bacillota_A;Clostridia;Eubacteriales;Anaerofustaceae;Anaerofustis;Anaerofustis stercorihominis;Otu5063;;;;;;;;;;;;;;;;;;
Otu5069;Bacteria;Bacillota_A;Clostridia;Clostridia;Clostridia;Clostridia;Clostridia;Otu5069;;;;;;;;;;;;;;;;;;
Otu5073;Bacteria;Actinomycetota;Actinomycetes;Actinomycetales;Actinomycetaceae;Actinomyces;Actinomyces vulturis;Otu5073;;;;;;;;;;;;;;;;;;
Otu5077;Bacteria;Bacillota_A;Clostridia;Lachnospirales;Lachnospiraceae;Lachnospiraceae;Lachnospiraceae;Otu5077;;;;;;;;;;;;;;;;;;
Otu5086;Bacteria;Bacillota_A;Clostridia;Clostridia;Clostridia;Clostridia;Clostridia;Otu5086;;;;;;;;;;;;;;;;;;
Otu5088;Bacteria;Bacillota_A;Clostridia;Oscillospirales;Ruminococcaceae;Faecalibacterium;Faecalibacterium;Otu5088;;;;;;;;;;;;;;;;;;
Otu5098;Bacteria;Bacillota_A;Clostridia;Oscillospirales;Ruminococcaceae;Gemmiger;Gemmiger;Otu5098;;;;;;;;;;;;;;;;;;
Otu5099;Bacteria;Bacillota_A;Clostridia;Lachnospirales;Lachnospiraceae;Lachnospiraceae;Lachnospiraceae;Otu5099;;;;;;;;;;;;;;;;;;
Otu5100;Bacteria;Bacillota_A;Clostridia;Christensenellales;Borkfalkiaceae;UBA10281;UBA10281 sp900767815;Otu5100;;;;;;;;;;;;;;;;;;
Otu5103;Bacteria;Bacillota_A;Clostridia;Oscillospirales;Oscillospirales;Oscillospirales;Oscillospirales;Otu5103;;;;;;;;;;;;;;;;;;
Otu5104;Bacteria;Bacillota_A;Clostridia;Lachnospirales;Lachnospiraceae;Lachnospiraceae;Lachnospiraceae;Otu5104;;;;;;;;;;;;;;;;;;
Otu5107;Bacteria;Bacillota_A;Clostridia;Oscillospirales;Oscillospiraceae;Hominicoprocola;Hominicoprocola fusiformis;Otu5107;;;;;;;;;;;;;;;;;;
Otu5111;Bacteria;Bacillota_A;Clostridia;Lachnospirales;Lachnospiraceae;Ruminococcus_B;Ruminococcus_B gnavus;Otu5111;;;;;;;;;;;;;;;;;;
Otu5125;Bacteria;Bacteroidota;Bacteroidia;Bacteroidales;Rikenellaceae;Alistipes_A;Alistipes_A indistinctus;Otu5125;;;;;;;;;;;;;;;;;;
Otu5129;Bacteria;Patescibacteria;JAEDAM01;Absconditabacterales;Absconditicoccaceae;UBA3291;UBA3291;Otu5129;;;;;;;;;;;;;;;;;;
Otu5135;Bacteria;Bacillota_A;Clostridia;Oscillospirales;Oscillospiraceae;Hominicoprocola;Hominicoprocola sp900317525;Otu5135;;;;;;;;;;;;;;;;;;
Otu5136;Bacteria;Bacteroidota;Bacteroidia;Bacteroidales;Bacteroidaceae;Prevotella;Prevotella corporis;Otu5136;;;;;;;;;;;;;;;;;;
Otu5140;Bacteria;Bacillota_A;Clostridia;TANB77;CAG-508;CAG-508;CAG-508;Otu5140;;;;;;;;;;;;;;;;;;
Otu5143;Bacteria;Bacillota_A;Clostridia;Clostridia;Clostridia;Clostridia;Clostridia;Otu5143;;;;;;;;;;;;;;;;;;
Otu5145;Bacteria;Bacillota_A;Clostridia;Lachnospirales;Anaerotignaceae;Anaerotignum;Anaerotignum faecicola;Otu5145;;;;;;;;;;;;;;;;;;
Otu5150;Bacteria;Bacteroidota;Bacteroidia;Bacteroidales;Bacteroidaceae;Bacteroides;Bacteroides stercoris_A;Otu5150;;;;;;;;;;;;;;;;;;
Otu5152;Bacteria;Bacillota_A;Clostridia;Lachnospirales;Lachnospiraceae;Lachnospiraceae;Lachnospiraceae;Otu5152;;;;;;;;;;;;;;;;;;
Otu5156;Bacteria;Bacillota_A;Clostridia;Lachnospirales;Lachnospiraceae;Blautia;Blautia;Otu5156;;;;;;;;;;;;;;;;;;
Otu5157;Bacteria;Bacillota_A;Clostridia;Lachnospirales;Lachnospiraceae;Coprococcus;Coprococcus sp000154245;Otu5157;;;;;;;;;;;;;;;;;;
Otu5160;Bacteria;Bacillota_A;Clostridia;Lachnospirales;Lachnospiraceae;Blautia_A;Blautia_A;Otu5160;;;;;;;;;;;;;;;;;;
Otu5162;Bacteria;Bacillota_C;Negativicutes;Negativicutes;Negativicutes;Negativicutes;Negativicutes;Otu5162;;;;;;;;;;;;;;;;;;
Otu5163;Bacteria;Bacillota_A;Clostridia;Oscillospirales;Ruminococcaceae;Faecalibacterium;Faecalibacterium;Otu5163;;;;;;;;;;;;;;;;;;
Otu5166;Bacteria;Bacteroidota;Bacteroidia;Bacteroidales;Bacteroidaceae;Bacteroides;Bacteroides;Otu5166;;;;;;;;;;;;;;;;;;
Otu5174;Bacteria;Bacillota_A;Clostridia;Oscillospirales;Oscillospiraceae;Hominicoprocola;Hominicoprocola;Otu5174;;;;;;;;;;;;;;;;;;
Otu5175;Bacteria;Bacillota_A;Clostridia;Clostridia;Clostridia;Clostridia;Clostridia;Otu5175;;;;;;;;;;;;;;;;;;
Otu5178;Bacteria;Bacillota_A;Clostridia;Lachnospirales;Lachnospiraceae;Anaerobutyricum;Anaerobutyricum;Otu5178;;;;;;;;;;;;;;;;;;
Otu5179;Bacteria;Bacillota_A;Clostridia;Oscillospirales;Ruminococcaceae;Faecalibacterium;Faecalibacterium hattorii;Otu5179;;;;;;;;;;;;;;;;;;
Otu5180;Bacteria;Bacillota_A;Clostridia;Lachnospirales;Lachnospiraceae;Anaerostipes;Anaerostipes;Otu5180;;;;;;;;;;;;;;;;;;
Otu5183;Bacteria;Bacillota_A;Clostridia;Lachnospirales;Lachnospiraceae;Lachnospiraceae;Lachnospiraceae;Otu5183;;;;;;;;;;;;;;;;;;
Otu5184;Bacteria;Bacillota_A;Clostridia;Oscillospirales;Ruminococcaceae;Faecalibacterium;Faecalibacterium prausnitzii_I;Otu5184;;;;;;;;;;;;;;;;;;
Otu5187;Bacteria;Bacteroidota;Bacteroidia;Bacteroidales;Muribaculaceae;Lepagella;Lepagella;Otu5187;;;;;;;;;;;;;;;;;;
Otu5191;Bacteria;Bacillota_A;Clostridia;Christensenellales;Christensenellaceae;QANA01;QANA01 sp017439085;Otu5191;;;;;;;;;;;;;;;;;;
Otu5192;Bacteria;Bacillota_A;Clostridia;Oscillospirales;Oscillospiraceae;Oscillospiraceae;Oscillospiraceae;Otu5192;;;;;;;;;;;;;;;;;;
Otu5195;Bacteria;Bacillota_A;Clostridia;Christensenellales;Borkfalkiaceae;Scatosoma;Scatosoma sp900542935;Otu5195;;;;;;;;;;;;;;;;;;
Otu5196;Bacteria;Bacillota_A;Clostridia;Lachnospirales;Lachnospiraceae;Blautia_A;Blautia_A;Otu5196;;;;;;;;;;;;;;;;;;
Otu5200;Bacteria;Bacillota_A;Clostridia;Oscillospirales;Butyricicoccaceae;Agathobaculum;Agathobaculum hominis;Otu5200;;;;;;;;;;;;;;;;;;
Otu5202;Bacteria;Bacillota_A;Clostridia;Clostridia;Clostridia;Clostridia;Clostridia;Otu5202;;;;;;;;;;;;;;;;;;
Otu5203;Bacteria;Bacillota_A;Clostridia;Oscillospirales;Oscillospiraceae;Oscillospiraceae;Oscillospiraceae;Otu5203;;;;;;;;;;;;;;;;;;
Otu5204;Bacteria;Chlamydiota;Chlamydiia;Chlamydiales;Rhabdochlamydiaceae;Rhabdochlamydia;Rhabdochlamydia porcellionis;Otu5204;;;;;;;;;;;;;;;;;;
Otu5209;Bacteria;Bacteroidota;Bacteroidia;Bacteroidales;Bacteroidales;Bacteroidales;Bacteroidales;Otu5209;;;;;;;;;;;;;;;;;;
Otu5212;Bacteria;Bacillota_A;Clostridia;Lachnospirales;Lachnospiraceae;Hominisplanchenecus;Hominisplanchenecus;Otu5212;;;;;;;;;;;;;;;;;;
Otu5214;Bacteria;Bacillota_A;Clostridia;Oscillospirales;Oscillospiraceae;CAG-103;CAG-103;Otu5214;;;;;;;;;;;;;;;;;;
Otu5216;Bacteria;Bacillota_A;Clostridia;Oscillospirales;Acutalibacteraceae;Ruminococcus_E;Ruminococcus_E;Otu5216;;;;;;;;;;;;;;;;;;
Otu5218;Bacteria;Bacillota_A;Clostridia;Oscillospirales;Oscillospiraceae;CAG-170;CAG-170 sp900549635;Otu5218;;;;;;;;;;;;;;;;;;
Otu5219;Bacteria;Bacillota_A;Clostridia;Oscillospirales;Butyricicoccaceae;Butyricicoccus;Butyricicoccus sp900604335;Otu5219;;;;;;;;;;;;;;;;;;
Otu5221;Bacteria;Bacillota_A;Clostridia;Oscillospirales;Ruminococcaceae;Faecalibacterium;Faecalibacterium;Otu5221;;;;;;;;;;;;;;;;;;
Otu5222;Bacteria;Bacillota_A;Clostridia;Lachnospirales;Lachnospiraceae;Lachnospiraceae;Lachnospiraceae;Otu5222;;;;;;;;;;;;;;;;;;
Otu5228;Bacteria;Bacillota_A;Clostridia;Oscillospirales;Acutalibacteraceae;Hominenteromicrobium;Hominenteromicrobium;Otu5228;;;;;;;;;;;;;;;;;;
Otu5234;Bacteria;Bacillota_A;Clostridia;Christensenellales;Aristaeellaceae;Ventricola;Ventricola sp900542395;Otu5234;;;;;;;;;;;;;;;;;;
Otu5235;Bacteria;Bacillota_A;Clostridia;Oscillospirales;Acutalibacteraceae;CAG-217;CAG-217 sp000436335;Otu5235;;;;;;;;;;;;;;;;;;
Otu5239;Bacteria;Bacillota_A;Clostridia;Lachnospirales;Lachnospiraceae;Lachnospiraceae;Lachnospiraceae;Otu5239;;;;;;;;;;;;;;;;;;
Otu5240;Bacteria;Bacillota_A;Clostridia;Clostridia;Clostridia;Clostridia;Clostridia;Otu5240;;;;;;;;;;;;;;;;;;
Otu5241;Bacteria;Bacillota_A;Clostridia;Lachnospirales;Lachnospiraceae;Lachnospiraceae;Lachnospiraceae;Otu5241;;;;;;;;;;;;;;;;;;
Otu5252;Bacteria;Bacteroidota;Bacteroidia;Bacteroidales;Muribaculaceae;CAG-873;CAG-873 sp009775225;Otu5252;;;;;;;;;;;;;;;;;;
Otu5254;Bacteria;Bacillota_A;Clostridia;Lachnospirales;Lachnospiraceae;Limivivens;Limivivens sp900066135;Otu5254;;;;;;;;;;;;;;;;;;
Otu5256;Bacteria;Bacillota_A;Clostridia;Oscillospirales;Oscillospiraceae;CAG-170;CAG-170 sp900549635;Otu5256;;;;;;;;;;;;;;;;;;
Otu5260;Bacteria;Bacillota_A;Clostridia;Oscillospirales;Ruminococcaceae;Fimivivens;Fimivivens sp900113995;Otu5260;;;;;;;;;;;;;;;;;;
Otu5262;Bacteria;Bacillota_A;Clostridia;Lachnospirales;Lachnospiraceae;Lachnospiraceae;Lachnospiraceae;Otu5262;;;;;;;;;;;;;;;;;;
Otu5263;Bacteria;Bacillota_A;Clostridia;Lachnospirales;Lachnospiraceae;Agathobacter;Agathobacter sp934365945;Otu5263;;;;;;;;;;;;;;;;;;
Otu5265;Bacteria;Bacillota_A;Clostridia;Lachnospirales;Lachnospiraceae;Lachnospiraceae;Lachnospiraceae;Otu5265;;;;;;;;;;;;;;;;;;
Otu5266;Bacteria;Bacillota_A;Clostridia;Oscillospirales;Acutalibacteraceae;Ruminococcus_E;Ruminococcus_E bromii;Otu5266;;;;;;;;;;;;;;;;;;
Otu5269;Bacteria;Bacillota;Bacilli;Lactobacillales;Lactobacillaceae;Weissella;Weissella;Otu5269;;;;;;;;;;;;;;;;;;
Otu5270;Bacteria;Actinomycetota;Coriobacteriia;Coriobacteriales;Eggerthellaceae;Adlercreutzia;Adlercreutzia;Otu5270;;;;;;;;;;;;;;;;;;
Otu5271;Bacteria;Bacillota_A;Clostridia;Lachnospirales;Lachnospiraceae;Lachnospiraceae;Lachnospiraceae;Otu5271;;;;;;;;;;;;;;;;;;
Otu5273;Bacteria;Bacillota_A;Clostridia;Lachnospirales;Lachnospiraceae;Lachnospiraceae;Lachnospiraceae;Otu5273;;;;;;;;;;;;;;;;;;
Otu5277;Bacteria;Bacillota_A;Clostridia;Christensenellales;Aristaeellaceae;UBA11524;UBA11524 sp000437595;Otu5277;;;;;;;;;;;;;;;;;;
Otu5280;Bacteria;Bacillota_A;Clostridia;Clostridia;Clostridia;Clostridia;Clostridia;Otu5280;;;;;;;;;;;;;;;;;;
Otu5288;Bacteria;Bacillota_A;Clostridia;Lachnospirales;Lachnospiraceae;Lachnospiraceae;Lachnospiraceae;Otu5288;;;;;;;;;;;;;;;;;;
Otu5295;Bacteria;Bacteroidota;Bacteroidia;Bacteroidales;Bacteroidaceae;Bacteroides;Bacteroides clarus;Otu5295;;;;;;;;;;;;;;;;;;
Otu5298;Bacteria;Actinomycetota;Coriobacteriia;Coriobacteriales;Eggerthellaceae;Slackia;Slackia isoflavoniconvertens;Otu5298;;;;;;;;;;;;;;;;;;
Otu5305;Bacteria;Bacillota_A;Clostridia;Lachnospirales;Lachnospiraceae;Lachnospiraceae;Lachnospiraceae;Otu5305;;;;;;;;;;;;;;;;;;
Otu5306;Bacteria;Bacillota_A;Clostridia;Clostridia;Clostridia;Clostridia;Clostridia;Otu5306;;;;;;;;;;;;;;;;;;
Otu5312;Bacteria;Bacillota_A;Clostridia;Lachnospirales;Lachnospiraceae;Lachnospiraceae;Lachnospiraceae;Otu5312;;;;;;;;;;;;;;;;;;
Otu5323;Bacteria;Bacillota_A;Clostridia;Oscillospirales;Oscillospirales;Oscillospirales;Oscillospirales;Otu5323;;;;;;;;;;;;;;;;;;
Otu5324;Bacteria;Bacillota_A;Clostridia;Lachnospirales;Lachnospiraceae;Wujia;Wujia;Otu5324;;;;;;;;;;;;;;;;;;
Otu5325;Bacteria;Bacillota_A;Clostridia;Clostridia;Clostridia;Clostridia;Clostridia;Otu5325;;;;;;;;;;;;;;;;;;
Otu5327;Bacteria;Bacillota_I;Bacilli_A;Erysipelotrichales;Erysipelotrichaceae;Erysipelotrichaceae;Erysipelotrichaceae;Otu5327;;;;;;;;;;;;;;;;;;
Otu5330;Bacteria;Bacillota_A;Clostridia;Lachnospirales;Lachnospiraceae;Blautia_A;Blautia_A sp900548245;Otu5330;;;;;;;;;;;;;;;;;;
Otu5331;Bacteria;Bacillota_A;Clostridia;Oscillospirales;Oscillospiraceae;Hominicoprocola;Hominicoprocola fusiformis;Otu5331;;;;;;;;;;;;;;;;;;
Otu5332;Bacteria;Bacillota_A;Clostridia;Lachnospirales;Lachnospiraceae;Laedolimicola;Laedolimicola ammoniilytica;Otu5332;;;;;;;;;;;;;;;;;;
Otu5336;Bacteria;Bacillota_A;Clostridia;Oscillospirales;Oscillospiraceae;Dysosmobacter;Dysosmobacter segnis;Otu5336;;;;;;;;;;;;;;;;;;
Otu5337;Bacteria;Bacteroidota;Bacteroidia;Bacteroidales;Bacteroidaceae;Bacteroides;Bacteroides;Otu5337;;;;;;;;;;;;;;;;;;
Otu5341;Bacteria;Bacillota_A;Clostridia;Lachnospirales;Lachnospiraceae;Agathobacter;Agathobacter;Otu5341;;;;;;;;;;;;;;;;;;
Otu5342;Bacteria;Bacillota_A;Clostridia;Oscillospirales;Oscillospiraceae;Oscillospiraceae;Oscillospiraceae;Otu5342;;;;;;;;;;;;;;;;;;
Otu5344;Bacteria;Bacteroidota;Bacteroidia;Bacteroidales;Bacteroidaceae;Bacteroides;Bacteroides;Otu5344;;;;;;;;;;;;;;;;;;
Otu5349;Bacteria;Bacillota_A;Clostridia;Lachnospirales;Lachnospiraceae;Lachnospira;Lachnospira;Otu5349;;;;;;;;;;;;;;;;;;
Otu5351;Bacteria;Bacillota_A;Clostridia;Oscillospirales;Oscillospiraceae;Vescimonas;Vescimonas;Otu5351;;;;;;;;;;;;;;;;;;
Otu5358;Bacteria;Bacillota_A;Clostridia;Lachnospirales;Lachnospiraceae;Acetatifactor;Acetatifactor;Otu5358;;;;;;;;;;;;;;;;;;
Otu5360;Bacteria;Bacillota_A;Clostridia;Lachnospirales;Lachnospiraceae;Agathobacter;Agathobacter;Otu5360;;;;;;;;;;;;;;;;;;
Otu5363;Bacteria;Bacillota_A;Clostridia;Clostridiales;Clostridiaceae;Clostridium;Clostridium lentum;Otu5363;;;;;;;;;;;;;;;;;;
Otu5364;Bacteria;Bacillota_A;Clostridia;Oscillospirales;Oscillospiraceae;CAG-170;CAG-170;Otu5364;;;;;;;;;;;;;;;;;;
Otu5372;Bacteria;Bacillota_A;Clostridia;Lachnospirales;Lachnospiraceae;Lachnospiraceae;Lachnospiraceae;Otu5372;;;;;;;;;;;;;;;;;;
Otu5373;Bacteria;Bacillota_A;Clostridia;Lachnospirales;Lachnospiraceae;Lachnospiraceae;Lachnospiraceae;Otu5373;;;;;;;;;;;;;;;;;;
Otu5374;Bacteria;Bacillota_A;Clostridia;Christensenellales;Aristaeellaceae;Aristaeella;Aristaeella;Otu5374;;;;;;;;;;;;;;;;;;
Otu5388;Bacteria;Bacillota_A;Clostridia;Oscillospirales;Acutalibacteraceae;CAG-217;CAG-217 sp000436335;Otu5388;;;;;;;;;;;;;;;;;;
Otu5390;Bacteria;Bacillota_A;Clostridia;Lachnospirales;Lachnospiraceae;Lachnospiraceae;Lachnospiraceae;Otu5390;;;;;;;;;;;;;;;;;;
Otu5392;Bacteria;Bacillota_A;Clostridia;Oscillospirales;Acutalibacteraceae;Ruminococcus_E;Ruminococcus_E;Otu5392;;;;;;;;;;;;;;;;;;
Otu5396;Bacteria;Bacillota_A;Clostridia;Lachnospirales;Lachnospiraceae;Oliverpabstia;Oliverpabstia;Otu5396;;;;;;;;;;;;;;;;;;
Otu5398;Bacteria;Bacillota_A;Clostridia;Peptostreptococcales;Peptostreptococcaceae;Peptostreptococcaceae;Peptostreptococcaceae;Otu5398;;;;;;;;;;;;;;;;;;
Otu5411;Bacteria;Bacillota_A;Clostridia;Lachnospirales;Lachnospiraceae;Lachnospira;Lachnospira pectinoschiza_A;Otu5411;;;;;;;;;;;;;;;;;;
Otu5412;Bacteria;Bacillota_A;Clostridia;Oscillospirales;Acutalibacteraceae;CAG-217;CAG-217 sp000436335;Otu5412;;;;;;;;;;;;;;;;;;
Otu5413;Bacteria;Bacillota_A;Clostridia;Clostridiales;Clostridiaceae;Clostridium;Clostridium lentum;Otu5413;;;;;;;;;;;;;;;;;;
Otu5416;Bacteria;Bacillota_A;Clostridia;Lachnospirales;Lachnospiraceae;Lachnoclostridium_B;Lachnoclostridium_B ammoniilytica;Otu5416;;;;;;;;;;;;;;;;;;
Otu5418;Bacteria;Bacillota_A;Clostridia;Oscillospirales;Ruminococcaceae;Faecalibacterium;Faecalibacterium sp900758465;Otu5418;;;;;;;;;;;;;;;;;;
Otu5420;Bacteria;Bacillota_A;Clostridia;Lachnospirales;Lachnospiraceae;Lachnospiraceae;Lachnospiraceae;Otu5420;;;;;;;;;;;;;;;;;;
Otu5425;Bacteria;Bacillota_A;Clostridia;Oscillospirales;Acutalibacteraceae;Fimenecus;Fimenecus sp000432435;Otu5425;;;;;;;;;;;;;;;;;;
Otu5430;Bacteria;Bacteroidota;Bacteroidia;Bacteroidales;Bacteroidaceae;Bacteroides;Bacteroides stercoris_A;Otu5430;;;;;;;;;;;;;;;;;;
Otu5432;Bacteria;Bacillota_I;Bacilli_A;Erysipelotrichales;Coprobacillaceae;Faecalibacillus;Faecalibacillus intestinalis;Otu5432;;;;;;;;;;;;;;;;;;
Otu5436;Bacteria;Bacillota_A;Clostridia;Lachnospirales;Lachnospiraceae;Roseburia;Roseburia hominis;Otu5436;;;;;;;;;;;;;;;;;;
Otu5445;Bacteria;Bacillota_A;Clostridia;Oscillospirales;Oscillospiraceae;CAG-170;CAG-170;Otu5445;;;;;;;;;;;;;;;;;;
Otu5451;Bacteria;Bacillota_A;Clostridia;Lachnospirales;Lachnospiraceae;Jutongia;Jutongia huaianensis;Otu5451;;;;;;;;;;;;;;;;;;
Otu5454;Bacteria;Bacteroidota;Bacteroidia;Bacteroidales;Bacteroidaceae;Prevotella;Prevotella;Otu5454;;;;;;;;;;;;;;;;;;
Otu5455;Bacteria;Bacillota_A;Clostridia;Christensenellales;QALW01;UMGS1338;UMGS1338 sp900550805;Otu5455;;;;;;;;;;;;;;;;;;
Otu5480;Bacteria;Bacteroidota;Bacteroidia;Bacteroidales;Bacteroidaceae;Phocaeicola;Phocaeicola plebeius_A;Otu5480;;;;;;;;;;;;;;;;;;
Otu5485;Bacteria;Bacillota_A;Clostridia;Lachnospirales;Lachnospiraceae;Choladousia;Choladousia sp902363665;Otu5485;;;;;;;;;;;;;;;;;;
Otu5486;Bacteria;Bacillota_A;Clostridia;Oscillospirales;Acutalibacteraceae;Hominenteromicrobium;Hominenteromicrobium mulieris;Otu5486;;;;;;;;;;;;;;;;;;
Otu5487;Bacteria;Bacteroidota;Bacteroidia;Bacteroidales;Bacteroidaceae;Phocaeicola;Phocaeicola massiliensis;Otu5487;;;;;;;;;;;;;;;;;;
Otu5489;Bacteria;Bacillota_A;Clostridia;Lachnospirales;Lachnospiraceae;Eubacterium_F;Eubacterium_F;Otu5489;;;;;;;;;;;;;;;;;;
Otu5492;Bacteria;Bacillota_A;Clostridia;Lachnospirales;Lachnospiraceae;Agathobacter;Agathobacter;Otu5492;;;;;;;;;;;;;;;;;;
Otu5497;Bacteria;Bacillota_A;Clostridia;Oscillospirales;Butyricicoccaceae;Agathobaculum;Agathobaculum hominis;Otu5497;;;;;;;;;;;;;;;;;;
Otu5499;Bacteria;Bacillota_A;Clostridia;Lachnospirales;Lachnospiraceae;UBA4285;UBA4285 sp902775895;Otu5499;;;;;;;;;;;;;;;;;;
Otu5501;Bacteria;Bacillota_A;Clostridia;Lachnospirales;Lachnospiraceae;Enterocloster;Enterocloster sp000431375;Otu5501;;;;;;;;;;;;;;;;;;
Otu5502;Bacteria;Bacillota_A;Clostridia;Lachnospirales;Lachnospiraceae;Lachnospiraceae;Lachnospiraceae;Otu5502;;;;;;;;;;;;;;;;;;
Otu5503;Bacteria;Bacteroidota;Bacteroidia;Bacteroidales;Bacteroidaceae;Bacteroides;Bacteroides;Otu5503;;;;;;;;;;;;;;;;;;
Otu5510;Bacteria;Bacillota_A;Clostridia;Lachnospirales;Lachnospiraceae;Lachnospiraceae;Lachnospiraceae;Otu5510;;;;;;;;;;;;;;;;;;
Otu5511;Bacteria;Bacillota_I;Bacilli_A;Erysipelotrichales;Erysipelotrichaceae;Bulleidia;Bulleidia massiliensis;Otu5511;;;;;;;;;;;;;;;;;;
Otu5516;Bacteria;Bacillota_A;Clostridia;Oscillospirales;Ruminococcaceae;Ruminococcaceae;Ruminococcaceae;Otu5516;;;;;;;;;;;;;;;;;;
Otu5522;Bacteria;Bacillota_A;Clostridia;TANB77;CAG-508;CAG-269;CAG-269 sp003525075;Otu5522;;;;;;;;;;;;;;;;;;
Otu5523;Bacteria;Actinomycetota;Coriobacteriia;Coriobacteriales;QAMH01;CACZQA01;CACZQA01 sp902783175;Otu5523;;;;;;;;;;;;;;;;;;
Otu5528;Bacteria;Bacillota_A;Clostridia;Oscillospirales;Oscillospirales;Oscillospirales;Oscillospirales;Otu5528;;;;;;;;;;;;;;;;;;
Otu5531;Bacteria;Bacillota_A;Clostridia;Christensenellales;CAG-138;SFEL01;SFEL01 sp004557245;Otu5531;;;;;;;;;;;;;;;;;;
Otu5537;Bacteria;Bacillota_A;Clostridia;Oscillospirales;Acutalibacteraceae;Acutalibacteraceae;Acutalibacteraceae;Otu5537;;;;;;;;;;;;;;;;;;
Otu5538;Bacteria;Bacillota_A;Clostridia;Lachnospirales;Lachnospiraceae;Suilimivivens;Suilimivivens sp021628825;Otu5538;;;;;;;;;;;;;;;;;;
Otu5542;Bacteria;Bacillota_A;Clostridia;Peptostreptococcales;Anaerovoracaceae;Anaerovoracaceae;Anaerovoracaceae;Otu5542;;;;;;;;;;;;;;;;;;
Otu5543;Bacteria;Bacillota_A;Clostridia;Lachnospirales;Lachnospiraceae;Lachnospiraceae;Lachnospiraceae;Otu5543;;;;;;;;;;;;;;;;;;
Otu5553;Bacteria;Bacillota_A;Clostridia;Oscillospirales;Acutalibacteraceae;CAG-177;CAG-177;Otu5553;;;;;;;;;;;;;;;;;;
Otu5556;Bacteria;Bacillota_A;Clostridia;Lachnospirales;Lachnospiraceae;Lachnospiraceae;Lachnospiraceae;Otu5556;;;;;;;;;;;;;;;;;;
Otu5562;Bacteria;Bacillota_A;Clostridia;Clostridia;Clostridia;Clostridia;Clostridia;Otu5562;;;;;;;;;;;;;;;;;;
Otu5565;Bacteria;Bacteroidota;Bacteroidia;Bacteroidales;Bacteroidaceae;Ga6A1;Ga6A1 sp900102385;Otu5565;;;;;;;;;;;;;;;;;;
Otu5568;Bacteria;Bacillota_A;Clostridia;Clostridia;Clostridia;Clostridia;Clostridia;Otu5568;;;;;;;;;;;;;;;;;;
Otu5575;Bacteria;Bacillota_A;Clostridia;Lachnospirales;Lachnospiraceae;Coprococcus;Coprococcus sp000433075;Otu5575;;;;;;;;;;;;;;;;;;
Otu5576;Bacteria;Bacillota_A;Clostridia;Oscillospirales;Acutalibacteraceae;CAG-177;CAG-177;Otu5576;;;;;;;;;;;;;;;;;;
Otu5579;Bacteria;Bacillota_A;Clostridia;Oscillospirales;Oscillospiraceae;CAG-170;CAG-170 sp900549635;Otu5579;;;;;;;;;;;;;;;;;;
Otu5581;Bacteria;Bacillota_A;Clostridia;Oscillospirales;Oscillospiraceae;Oscillospiraceae;Oscillospiraceae;Otu5581;;;;;;;;;;;;;;;;;;
Otu5583;Bacteria;Bacillota_A;Clostridia;Oscillospirales;Oscillospiraceae;Faecousia;Faecousia sp000435995;Otu5583;;;;;;;;;;;;;;;;;;
Otu5588;Bacteria;Bacillota_A;Clostridia;Oscillospirales;Ruminococcaceae;Gemmiger;Gemmiger;Otu5588;;;;;;;;;;;;;;;;;;
Otu5592;Bacteria;Bacillota_A;Clostridia;Oscillospirales;Oscillospiraceae;Vescimonas;Vescimonas;Otu5592;;;;;;;;;;;;;;;;;;
Otu5609;Bacteria;Bacillota_A;Clostridia;Christensenellales;CAG-138;SFEL01;SFEL01 sp004557245;Otu5609;;;;;;;;;;;;;;;;;;
Otu5611;Bacteria;Bacillota_A;Clostridia;Oscillospirales;Oscillospirales;Oscillospirales;Oscillospirales;Otu5611;;;;;;;;;;;;;;;;;;
Otu5615;Bacteria;Bacillota_A;Clostridia;Lachnospirales;Lachnospiraceae;Eubacterium_F;Eubacterium_F;Otu5615;;;;;;;;;;;;;;;;;;
Otu5616;Bacteria;Bacillota_A;Clostridia;Lachnospirales;Lachnospiraceae;Anthropogastromicrobium;Anthropogastromicrobium aceti;Otu5616;;;;;;;;;;;;;;;;;;
Otu5617;Bacteria;Bacillota_A;Clostridia;Oscillospirales;Oscillospiraceae;Limivicinus;Limivicinus sp002320035;Otu5617;;;;;;;;;;;;;;;;;;
Otu5623;Bacteria;Bacillota_A;Clostridia;Lachnospirales;Lachnospiraceae;Jutongia;Jutongia huaianensis;Otu5623;;;;;;;;;;;;;;;;;;
Otu5626;Bacteria;Pseudomonadota;Gammaproteobacteria;Enterobacterales;Succinivibrionaceae;Succinivibrio;Succinivibrio;Otu5626;;;;;;;;;;;;;;;;;;
Otu5629;Bacteria;Bacillota_A;Clostridia;Lachnospirales;Lachnospiraceae;Lachnospira;Lachnospira;Otu5629;;;;;;;;;;;;;;;;;;
Otu5630;Bacteria;Cyanobacteriota;Vampirovibrionia;Gastranaerophilales;Gastranaerophilaceae;UMGS1477;UMGS1477 sp900552205;Otu5630;;;;;;;;;;;;;;;;;;
Otu5632;Bacteria;Bacillota_A;Clostridia;Lachnospirales;Lachnospiraceae;Lachnospiraceae;Lachnospiraceae;Otu5632;;;;;;;;;;;;;;;;;;
Otu5638;Bacteria;Bacillota_A;Clostridia;Lachnospirales;Lachnospiraceae;Lachnospiraceae;Lachnospiraceae;Otu5638;;;;;;;;;;;;;;;;;;
Otu5639;Bacteria;Bacillota_A;Clostridia;Oscillospirales;Acutalibacteraceae;Ruminococcus_E;Ruminococcus_E;Otu5639;;;;;;;;;;;;;;;;;;
Otu5645;Bacteria;Bacillota_A;Clostridia;Lachnospirales;Lachnospiraceae;Lachnospiraceae;Lachnospiraceae;Otu5645;;;;;;;;;;;;;;;;;;
Otu5648;Bacteria;Bacillota_A;Clostridia;Lachnospirales;Lachnospiraceae;Lachnospiraceae;Lachnospiraceae;Otu5648;;;;;;;;;;;;;;;;;;
Otu5662;Bacteria;Bacillota_A;Clostridia;Lachnospirales;Lachnospiraceae;Lachnospiraceae;Lachnospiraceae;Otu5662;;;;;;;;;;;;;;;;;;
Otu5666;Bacteria;Verrucomicrobiota;Lentisphaeria;Victivallales;UBA1829;UBA11452;UBA11452;Otu5666;;;;;;;;;;;;;;;;;;
Otu5668;Bacteria;Bacillota_A;Clostridia;Lachnospirales;Lachnospiraceae;Lachnospiraceae;Lachnospiraceae;Otu5668;;;;;;;;;;;;;;;;;;
Otu5670;Bacteria;Bacteroidota;Bacteroidia;Bacteroidales;Rikenellaceae;Alistipes;Alistipes putredinis;Otu5670;;;;;;;;;;;;;;;;;;
Otu5672;Bacteria;Bacillota_A;Clostridia;Lachnospirales;Lachnospiraceae;Mediterraneibacter;Mediterraneibacter torques;Otu5672;;;;;;;;;;;;;;;;;;
Otu5675;Bacteria;Bacillota_A;Clostridia;Lachnospirales;Lachnospiraceae;Lachnospiraceae;Lachnospiraceae;Otu5675;;;;;;;;;;;;;;;;;;
Otu5676;Bacteria;Bacteroidota;Bacteroidia;Bacteroidales;Bacteroidaceae;Paraprevotella;Paraprevotella clara;Otu5676;;;;;;;;;;;;;;;;;;
Otu5681;Bacteria;Bacillota_A;Clostridia;Lachnospirales;Lachnospiraceae;Alitiscatomonas;Alitiscatomonas sp900066055;Otu5681;;;;;;;;;;;;;;;;;;
Otu5684;Bacteria;Pseudomonadota;Gammaproteobacteria;Enterobacterales;Succinivibrionaceae;Succinivibrio;Succinivibrio sp000431835;Otu5684;;;;;;;;;;;;;;;;;;
Otu5685;Bacteria;Bacillota_A;Clostridia;Lachnospirales;Lachnospiraceae;Roseburia;Roseburia inulinivorans;Otu5685;;;;;;;;;;;;;;;;;;
Otu5686;Bacteria;Bacillota_A;Clostridia;Oscillospirales;Acutalibacteraceae;Ruminococcus_E;Ruminococcus_E;Otu5686;;;;;;;;;;;;;;;;;;
Otu5687;Bacteria;Bacteroidota;Bacteroidia;Bacteroidales;Bacteroidaceae;Phocaeicola;Phocaeicola vulgatus;Otu5687;;;;;;;;;;;;;;;;;;
Otu5691;Bacteria;Bacillota_A;Clostridia;Lachnospirales;Lachnospiraceae;Blautia_A;Blautia_A;Otu5691;;;;;;;;;;;;;;;;;;
Otu5693;Bacteria;Bacillota_A;Clostridia;Lachnospirales;Lachnospiraceae;Mediterraneibacter;Mediterraneibacter sp934309345;Otu5693;;;;;;;;;;;;;;;;;;
Otu5699;Bacteria;Bacillota_A;Clostridia;Lachnospirales;Lachnospiraceae;Blautia_A;Blautia_A;Otu5699;;;;;;;;;;;;;;;;;;
Otu5704;Bacteria;Bacteroidota;Bacteroidia;Bacteroidales;Bacteroidaceae;Prevotella;Prevotella sp002251385;Otu5704;;;;;;;;;;;;;;;;;;
Otu5706;Bacteria;Bacillota_A;Clostridia;TANB77;CAG-508;CAG-269;CAG-269 sp003525075;Otu5706;;;;;;;;;;;;;;;;;;
Otu5708;Bacteria;Bacteroidota;Bacteroidia;Bacteroidales;Bacteroidaceae;Phocaeicola;Phocaeicola;Otu5708;;;;;;;;;;;;;;;;;;
Otu5713;Bacteria;Bacillota_A;Clostridia;Oscillospirales;Ruminococcaceae;Faecalibacterium;Faecalibacterium sp900758465;Otu5713;;;;;;;;;;;;;;;;;;
Otu5714;Bacteria;Bacillota_A;Clostridia;Lachnospirales;Lachnospiraceae;Blautia_A;Blautia_A sp900548245;Otu5714;;;;;;;;;;;;;;;;;;
Otu5718;Bacteria;Bacillota_A;Clostridia;Lachnospirales;Lachnospiraceae;Fusicatenibacter;Fusicatenibacter saccharivorans;Otu5718;;;;;;;;;;;;;;;;;;
Otu5719;Bacteria;Bacillota_I;Bacilli_A;Erysipelotrichales;Coprobacillaceae;Coprobacillaceae;Coprobacillaceae;Otu5719;;;;;;;;;;;;;;;;;;
Otu5726;Bacteria;Bacillota_A;Clostridia;Oscillospirales;Ruminococcaceae;Ruthenibacterium;Ruthenibacterium lactatiformans;Otu5726;;;;;;;;;;;;;;;;;;
Otu5732;Bacteria;Bacillota_A;Clostridia;Lachnospirales;Lachnospiraceae;Roseburia_C;Roseburia_C amylophila;Otu5732;;;;;;;;;;;;;;;;;;
Otu5736;Bacteria;Bacillota_A;Clostridia;Oscillospirales;Acutalibacteraceae;Ruminococcus_E;Ruminococcus_E;Otu5736;;;;;;;;;;;;;;;;;;
Otu5739;Bacteria;Bacillota_A;Clostridia;Oscillospirales;Ruminococcaceae;Faecalibacterium;Faecalibacterium;Otu5739;;;;;;;;;;;;;;;;;;
Otu5747;Bacteria;Bacillota_A;Clostridia;Lachnospirales;Lachnospiraceae;Lachnospiraceae;Lachnospiraceae;Otu5747;;;;;;;;;;;;;;;;;;
Otu5749;Bacteria;Bacillota_A;Clostridia;Peptostreptococcales;Anaerovoracaceae;Anaerovoracaceae;Anaerovoracaceae;Otu5749;;;;;;;;;;;;;;;;;;
Otu5755;Bacteria;Bacillota_A;Clostridia;Lachnospirales;Lachnospiraceae;Blautia_A;Blautia_A;Otu5755;;;;;;;;;;;;;;;;;;
Otu5762;Bacteria;Bacillota_A;Clostridia;Lachnospirales;Lachnospiraceae;Oliverpabstia;Oliverpabstia tarda;Otu5762;;;;;;;;;;;;;;;;;;
Otu5763;Bacteria;Bacteroidota;Bacteroidia;Bacteroidales;Bacteroidaceae;Prevotella;Prevotella sp900551275;Otu5763;;;;;;;;;;;;;;;;;;
Otu5764;Bacteria;Bacteroidota;Bacteroidia;Bacteroidales;Bacteroidaceae;Bacteroides;Bacteroides;Otu5764;;;;;;;;;;;;;;;;;;
Otu5767;Bacteria;Actinomycetota;Actinomycetes;Actinomycetales;Bifidobacteriaceae;Bifidobacterium;Bifidobacterium;Otu5767;;;;;;;;;;;;;;;;;;
Otu5774;Bacteria;Bacillota_A;Clostridia;Lachnospirales;Lachnospiraceae;Anaerostipes;Anaerostipes amylophilus;Otu5774;;;;;;;;;;;;;;;;;;
Otu5783;Bacteria;Bacillota_A;Clostridia;Oscillospirales;Ruminococcaceae;Ruminococcaceae;Ruminococcaceae;Otu5783;;;;;;;;;;;;;;;;;;
Otu5789;Bacteria;Pseudomonadota;Gammaproteobacteria;Burkholderiales;Burkholderiaceae;Parasutterella;Parasutterella excrementihominis;Otu5789;;;;;;;;;;;;;;;;;;
Otu5791;Bacteria;Bacteroidota;Bacteroidia;Bacteroidales;Bacteroidaceae;Phocaeicola;Phocaeicola;Otu5791;;;;;;;;;;;;;;;;;;
Otu5798;Bacteria;Bacteroidota;Bacteroidia;Bacteroidales;Bacteroidaceae;Bacteroides;Bacteroides;Otu5798;;;;;;;;;;;;;;;;;;
Otu5799;Bacteria;Bacillota_A;Clostridia;Lachnospirales;Lachnospiraceae;Anthropogastromicrobium;Anthropogastromicrobium aceti;Otu5799;;;;;;;;;;;;;;;;;;
Otu5804;Bacteria;Bacillota_A;Clostridia;Oscillospirales;Oscillospiraceae;Hominicoprocola;Hominicoprocola fusiformis;Otu5804;;;;;;;;;;;;;;;;;;
Otu5809;Bacteria;Bacteroidota;Bacteroidia;Bacteroidales;Bacteroidaceae;Bacteroidaceae;Bacteroidaceae;Otu5809;;;;;;;;;;;;;;;;;;
Otu5817;Bacteria;Bacillota_A;Clostridia;Lachnospirales;Lachnospiraceae;Lachnospiraceae;Lachnospiraceae;Otu5817;;;;;;;;;;;;;;;;;;
Otu5820;Bacteria;Bacillota_A;Clostridia;Lachnospirales;Lachnospiraceae;Lachnospiraceae;Lachnospiraceae;Otu5820;;;;;;;;;;;;;;;;;;
Otu5821;Bacteria;Bacteroidota;Bacteroidia;Bacteroidales;Bacteroidaceae;Bacteroides;Bacteroides caccae;Otu5821;;;;;;;;;;;;;;;;;;
Otu5823;Bacteria;Bacillota_A;Clostridia;Lachnospirales;Lachnospiraceae;Lachnospiraceae;Lachnospiraceae;Otu5823;;;;;;;;;;;;;;;;;;
Otu5824;Bacteria;Bacillota_A;Clostridia;Christensenellales;CAG-138;SFEL01;SFEL01 sp004557245;Otu5824;;;;;;;;;;;;;;;;;;
Otu5825;Bacteria;Bacillota_A;Clostridia;Lachnospirales;Lachnospiraceae;Suilimivivens;Suilimivivens sp021628825;Otu5825;;;;;;;;;;;;;;;;;;
Otu5826;Bacteria;Bacillota_A;Clostridia;Lachnospirales;Lachnospiraceae;Agathobacter;Agathobacter sp900543445;Otu5826;;;;;;;;;;;;;;;;;;
Otu5827;Bacteria;Bacteroidota;Bacteroidia;Bacteroidales;Bacteroidaceae;Phocaeicola;Phocaeicola vulgatus;Otu5827;;;;;;;;;;;;;;;;;;
Otu5830;Bacteria;Bacteroidota;Bacteroidia;Bacteroidales;Bacteroidaceae;Phocaeicola;Phocaeicola vulgatus;Otu5830;;;;;;;;;;;;;;;;;;
Otu5834;Bacteria;Bacteroidota;Bacteroidia;Bacteroidales;Bacteroidaceae;Phocaeicola;Phocaeicola vulgatus;Otu5834;;;;;;;;;;;;;;;;;;
Otu5840;Bacteria;Bacillota_A;Clostridia;Oscillospirales;Oscillospiraceae;Lawsonibacter;Lawsonibacter asaccharolyticus;Otu5840;;;;;;;;;;;;;;;;;;
Otu5841;Bacteria;Bacillota_A;Clostridia;Lachnospirales;Lachnospiraceae;Blautia_A;Blautia_A;Otu5841;;;;;;;;;;;;;;;;;;
Otu5842;Bacteria;Bacillota_A;Clostridia;Lachnospirales;Lachnospiraceae;Oliverpabstia;Oliverpabstia faecicola;Otu5842;;;;;;;;;;;;;;;;;;
Otu5843;Bacteria;Bacillota_A;Clostridia;Lachnospirales;Lachnospiraceae;Fusicatenibacter;Fusicatenibacter saccharivorans;Otu5843;;;;;;;;;;;;;;;;;;
Otu5847;Bacteria;Bacillota_A;Clostridia;Lachnospirales;Lachnospiraceae;Agathobacter;Agathobacter;Otu5847;;;;;;;;;;;;;;;;;;
Otu5849;Bacteria;Bacillota_A;Clostridia;Lachnospirales;Lachnospiraceae;Mediterraneibacter;Mediterraneibacter;Otu5849;;;;;;;;;;;;;;;;;;
Otu5850;Bacteria;Bacillota_C;Negativicutes;Selenomonadales;Selenomonadaceae;Megamonas;Megamonas funiformis;Otu5850;;;;;;;;;;;;;;;;;;
Otu5851;Bacteria;Bacillota_A;Clostridia;Oscillospirales;Acutalibacteraceae;CAG-488;CAG-488 sp000434915;Otu5851;;;;;;;;;;;;;;;;;;
Otu5854;Bacteria;Bacillota_A;Clostridia;Lachnospirales;Lachnospiraceae;Lachnospiraceae;Lachnospiraceae;Otu5854;;;;;;;;;;;;;;;;;;
Otu5868;Bacteria;Bacteroidota;Bacteroidia;Bacteroidales;Rikenellaceae;Alistipes;Alistipes finegoldii;Otu5868;;;;;;;;;;;;;;;;;;
Otu5870;Bacteria;Bacillota_A;Clostridia;Oscillospirales;Acutalibacteraceae;Ruminococcus_E;Ruminococcus_E;Otu5870;;;;;;;;;;;;;;;;;;
Otu5871;Bacteria;Bacteroidota;Bacteroidia;Bacteroidales;Bacteroidaceae;Bacteroides;Bacteroides;Otu5871;;;;;;;;;;;;;;;;;;
Otu5882;Bacteria;Bacillota_A;Clostridia;Lachnospirales;Lachnospiraceae;Mediterraneibacter;Mediterraneibacter faecis;Otu5882;;;;;;;;;;;;;;;;;;
Otu5884;Bacteria;Bacillota_A;Clostridia;Lachnospirales;Lachnospiraceae;Blautia_A;Blautia_A faecis;Otu5884;;;;;;;;;;;;;;;;;;
Otu5885;Bacteria;Bacillota_A;Clostridia;Lachnospirales;Lachnospiraceae;Agathobacter;Agathobacter;Otu5885;;;;;;;;;;;;;;;;;;
Otu5886;Bacteria;Bacillota_A;Clostridia;Oscillospirales;Acutalibacteraceae;Ruminococcus_E;Ruminococcus_E intestinalis;Otu5886;;;;;;;;;;;;;;;;;;
Otu5887;Bacteria;Bacillota_A;Clostridia;Oscillospirales;Oscillospiraceae;CAG-170;CAG-170 sp000432135;Otu5887;;;;;;;;;;;;;;;;;;
Otu5888;Bacteria;Bacillota_A;Clostridia;Lachnospirales;Lachnospiraceae;Dorea;Dorea formicigenerans;Otu5888;;;;;;;;;;;;;;;;;;
Otu5889;Bacteria;Bacillota_A;Clostridia;Lachnospirales;Lachnospiraceae;Blautia_A;Blautia_A;Otu5889;;;;;;;;;;;;;;;;;;
Otu5902;Bacteria;Bacillota_A;Clostridia;Lachnospirales;Lachnospiraceae;Muricoprocola;Muricoprocola aceti;Otu5902;;;;;;;;;;;;;;;;;;
Otu5906;Bacteria;Bacillota_A;Clostridia;Oscillospirales;Oscillospiraceae;Vescimonas;Vescimonas sp000435555;Otu5906;;;;;;;;;;;;;;;;;;
Otu5912;Bacteria;Bacillota_C;Negativicutes;Selenomonadales;Selenomonadaceae;Megamonas;Megamonas funiformis;Otu5912;;;;;;;;;;;;;;;;;;
Otu5915;Bacteria;Bacillota_A;Clostridia;Lachnospirales;Lachnospiraceae;Lachnospiraceae;Lachnospiraceae;Otu5915;;;;;;;;;;;;;;;;;;
Otu5923;Bacteria;Bacteroidota;Bacteroidia;Bacteroidales;Bacteroidaceae;Bacteroides;Bacteroides;Otu5923;;;;;;;;;;;;;;;;;;
Otu5924;Bacteria;Bacillota_A;Clostridia;Oscillospirales;Ruminococcaceae;Faecalibacterium;Faecalibacterium sp900758465;Otu5924;;;;;;;;;;;;;;;;;;
Otu5945;Bacteria;Bacillota_A;Clostridia;Oscillospirales;Ruminococcaceae;Faecalibacterium;Faecalibacterium prausnitzii_E;Otu5945;;;;;;;;;;;;;;;;;;
Otu5946;Bacteria;Bacillota_A;Clostridia;Lachnospirales;Lachnospiraceae;Coprococcus_A;Coprococcus_A catus;Otu5946;;;;;;;;;;;;;;;;;;
Otu5949;Bacteria;Bacillota_A;Clostridia;Lachnospirales;Lachnospiraceae;Blautia_A;Blautia_A difficilis;Otu5949;;;;;;;;;;;;;;;;;;
Otu5951;Bacteria;Bacillota_A;Clostridia;Oscillospirales;Oscillospiraceae;Oscillospiraceae;Oscillospiraceae;Otu5951;;;;;;;;;;;;;;;;;;
Otu5953;Bacteria;Bacillota_A;Clostridia;Oscillospirales;Acutalibacteraceae;CAG-177;CAG-177 sp003514385;Otu5953;;;;;;;;;;;;;;;;;;
Otu5956;Bacteria;Bacillota_A;Clostridia;Lachnospirales;Lachnospiraceae;Lachnospiraceae;Lachnospiraceae;Otu5956;;;;;;;;;;;;;;;;;;
Otu5957;Bacteria;Bacillota_A;Clostridia;Oscillospirales;Ruminococcaceae;Faecalibacterium;Faecalibacterium;Otu5957;;;;;;;;;;;;;;;;;;
Otu5959;Bacteria;Bacteroidota;Bacteroidia;Bacteroidales;Bacteroidaceae;Bacteroides;Bacteroides;Otu5959;;;;;;;;;;;;;;;;;;
Otu5963;Bacteria;Bacillota_A;Clostridia;Oscillospirales;Oscillospiraceae;Faecousia;Faecousia sp000434635;Otu5963;;;;;;;;;;;;;;;;;;
Otu5964;Bacteria;Bacillota_A;Clostridia;TANB77;CAG-508;CAG-508;CAG-508;Otu5964;;;;;;;;;;;;;;;;;;
Otu5965;Bacteria;Bacillota_A;Clostridia;Lachnospirales;Lachnospiraceae;Agathobacter;Agathobacter;Otu5965;;;;;;;;;;;;;;;;;;
Otu5975;Bacteria;Bacillota_A;Clostridia;Lachnospirales;Lachnospiraceae;Agathobacter;Agathobacter rectalis;Otu5975;;;;;;;;;;;;;;;;;;
Otu5981;Bacteria;Bacillota_A;Clostridia;Lachnospirales;Lachnospiraceae;Blautia_A;Blautia_A;Otu5981;;;;;;;;;;;;;;;;;;
Otu5983;Bacteria;Bacillota_A;Clostridia;Oscillospirales;Acutalibacteraceae;Ruminococcus_E;Ruminococcus_E intestinalis;Otu5983;;;;;;;;;;;;;;;;;;
Otu5986;Bacteria;Bacillota_A;Clostridia;Lachnospirales;Lachnospiraceae;Lachnospiraceae;Lachnospiraceae;Otu5986;;;;;;;;;;;;;;;;;;
Otu5990;Bacteria;Bacillota_A;Clostridia;Lachnospirales;Lachnospiraceae;Wujia;Wujia;Otu5990;;;;;;;;;;;;;;;;;;
Otu5995;Bacteria;Bacillota_A;Clostridia;Lachnospirales;Lachnospiraceae;Lachnospiraceae;Lachnospiraceae;Otu5995;;;;;;;;;;;;;;;;;;
Otu5997;Bacteria;Bacillota_A;Clostridia;Oscillospirales;Acutalibacteraceae;CAG-217;CAG-217 sp000436335;Otu5997;;;;;;;;;;;;;;;;;;
Otu6008;Bacteria;Bacteroidota;Bacteroidia;Bacteroidales;Bacteroidaceae;Bacteroides;Bacteroides;Otu6008;;;;;;;;;;;;;;;;;;
Otu6013;Bacteria;Bacillota_A;Clostridia;Lachnospirales;Lachnospiraceae;Roseburia;Roseburia inulinivorans;Otu6013;;;;;;;;;;;;;;;;;;
Otu6014;Bacteria;Bacillota_A;Clostridia;Lachnospirales;Lachnospiraceae;Blautia_A;Blautia_A;Otu6014;;;;;;;;;;;;;;;;;;
Otu6029;Bacteria;Bacillota_A;Clostridia;Oscillospirales;Ruminococcaceae;Ruminococcaceae;Ruminococcaceae;Otu6029;;;;;;;;;;;;;;;;;;
Otu6038;Bacteria;Bacillota_A;Clostridia;Lachnospirales;Lachnospiraceae;Lachnospiraceae;Lachnospiraceae;Otu6038;;;;;;;;;;;;;;;;;;
Otu6042;Bacteria;Bacillota_A;Clostridia;Monoglobales;Monoglobaceae;Ructibacterium;Ructibacterium gallinarum;Otu6042;;;;;;;;;;;;;;;;;;
Otu6046;Bacteria;Bacillota_A;Clostridia;Lachnospirales;Lachnospiraceae;Agathobacter;Agathobacter sp934365945;Otu6046;;;;;;;;;;;;;;;;;;
Otu6049;Bacteria;Bacillota_A;Clostridia;Peptostreptococcales;Anaerovoracaceae;Hominibacterium;Hominibacterium sp020558355;Otu6049;;;;;;;;;;;;;;;;;;
Otu6051;Bacteria;Bacillota_A;Clostridia;Oscillospirales;Oscillospiraceae;CAG-170;CAG-170 sp002404795;Otu6051;;;;;;;;;;;;;;;;;;
Otu6056;Bacteria;Bacillota_A;Clostridia;Christensenellales;Aristaeellaceae;UBA11524;UBA11524 sp000437595;Otu6056;;;;;;;;;;;;;;;;;;
Otu6059;Bacteria;Bacillota_A;Clostridia;Oscillospirales;Ruminococcaceae;Faecalibacterium;Faecalibacterium;Otu6059;;;;;;;;;;;;;;;;;;
Otu6066;Bacteria;Bacillota_A;Clostridia;Lachnospirales;Lachnospiraceae;Lachnospiraceae;Lachnospiraceae;Otu6066;;;;;;;;;;;;;;;;;;
Otu6081;Bacteria;Bacillota_A;Clostridia;Lachnospirales;Lachnospiraceae;Lachnospira;Lachnospira;Otu6081;;;;;;;;;;;;;;;;;;
Otu6089;Bacteria;Bacillota_A;Clostridia;Lachnospirales;Lachnospiraceae;Lachnospiraceae;Lachnospiraceae;Otu6089;;;;;;;;;;;;;;;;;;
Otu6094;Bacteria;Bacillota_A;Clostridia;Lachnospirales;Anaerotignaceae;Anaerotignaceae;Anaerotignaceae;Otu6094;;;;;;;;;;;;;;;;;;
Otu6101;Bacteria;Bacillota_A;Clostridia;Lachnospirales;Lachnospiraceae;Acetatifactor;Acetatifactor intestinalis;Otu6101;;;;;;;;;;;;;;;;;;
Otu6102;Bacteria;Bacillota_A;Clostridia;Lachnospirales;Lachnospiraceae;Oliverpabstia;Oliverpabstia faecicola;Otu6102;;;;;;;;;;;;;;;;;;
Otu6111;Bacteria;Pseudomonadota;Gammaproteobacteria;Burkholderiales;Burkholderiaceae;Parasutterella;Parasutterella gallistercoris;Otu6111;;;;;;;;;;;;;;;;;;
Otu6122;Bacteria;Bacillota_A;Clostridia;Christensenellales;Aristaeellaceae;UBA11524;UBA11524 sp000437595;Otu6122;;;;;;;;;;;;;;;;;;
Otu6130;Bacteria;Bacteroidota;Bacteroidia;Bacteroidales;Bacteroidaceae;Prevotella;Prevotella;Otu6130;;;;;;;;;;;;;;;;;;
Otu6131;Bacteria;Bacillota_A;Clostridia;Lachnospirales;Lachnospiraceae;Lachnospiraceae;Lachnospiraceae;Otu6131;;;;;;;;;;;;;;;;;;
Otu6134;Bacteria;Bacillota_A;Clostridia;Lachnospirales;Lachnospiraceae;Brotaphodocola;Brotaphodocola sp003478505;Otu6134;;;;;;;;;;;;;;;;;;
Otu6137;Bacteria;Bacillota_A;Clostridia;Christensenellales;Christensenellaceae;Guopingia;Guopingia tenuis;Otu6137;;;;;;;;;;;;;;;;;;
Otu6142;Bacteria;Bacillota_C;Negativicutes;Acidaminococcales;Acidaminococcaceae;Phascolarctobacterium;Phascolarctobacterium faecium;Otu6142;;;;;;;;;;;;;;;;;;
Otu6147;Bacteria;Bacillota_A;Clostridia;Lachnospirales;Lachnospiraceae;Roseburia;Roseburia inulinivorans;Otu6147;;;;;;;;;;;;;;;;;;
Otu6152;Bacteria;Bacillota_A;Clostridia;Lachnospirales;Lachnospiraceae;Mediterraneibacter;Mediterraneibacter;Otu6152;;;;;;;;;;;;;;;;;;
Otu6158;Bacteria;Bacillota_A;Clostridia;Oscillospirales;Ruminococcaceae;Ruminococcus_F;Ruminococcus_F champanellensis;Otu6158;;;;;;;;;;;;;;;;;;
Otu6159;Bacteria;Bacillota_A;Clostridia;Oscillospirales;Oscillospiraceae;Oscillospiraceae;Oscillospiraceae;Otu6159;;;;;;;;;;;;;;;;;;
Otu6160;Bacteria;Bacillota_A;Clostridia;Lachnospirales;Lachnospiraceae;Lachnospiraceae;Lachnospiraceae;Otu6160;;;;;;;;;;;;;;;;;;
Otu6173;Bacteria;Bacillota_A;Clostridia;Oscillospirales;Ruminococcaceae;Faecalibacterium;Faecalibacterium;Otu6173;;;;;;;;;;;;;;;;;;
Otu6179;Bacteria;Bacillota_A;Clostridia;Lachnospirales;Lachnospiraceae;Roseburia_C;Roseburia_C amylophila;Otu6179;;;;;;;;;;;;;;;;;;
Otu6185;Bacteria;Bacillota_A;Clostridia;Lachnospirales;Lachnospiraceae;Lachnospiraceae;Lachnospiraceae;Otu6185;;;;;;;;;;;;;;;;;;
Otu6187;Bacteria;Bacillota_A;Clostridia;Lachnospirales;Lachnospiraceae;Lachnospiraceae;Lachnospiraceae;Otu6187;;;;;;;;;;;;;;;;;;
Otu6188;Bacteria;Bacteroidota;Bacteroidia;Bacteroidales;Bacteroidaceae;Phocaeicola;Phocaeicola vulgatus;Otu6188;;;;;;;;;;;;;;;;;;
Otu6189;Bacteria;Bacillota_A;Clostridia;Oscillospirales;Ruminococcaceae;Faecalibacterium;Faecalibacterium;Otu6189;;;;;;;;;;;;;;;;;;
Otu6194;Bacteria;Bacillota_A;Clostridia;Oscillospirales;Acutalibacteraceae;Acutalibacteraceae;Acutalibacteraceae;Otu6194;;;;;;;;;;;;;;;;;;
Otu6202;Bacteria;Bacillota_A;Clostridia;Lachnospirales;Lachnospiraceae;Lachnospiraceae;Lachnospiraceae;Otu6202;;;;;;;;;;;;;;;;;;
Otu6204;Bacteria;Bacillota_A;Clostridia;Lachnospirales;Lachnospiraceae;Lachnospiraceae;Lachnospiraceae;Otu6204;;;;;;;;;;;;;;;;;;
Otu6207;Bacteria;Bacillota_A;Clostridia;Lachnospirales;Lachnospiraceae;Mediterraneibacter;Mediterraneibacter;Otu6207;;;;;;;;;;;;;;;;;;
Otu6212;Bacteria;Bacillota_A;Clostridia;Lachnospirales;Lachnospiraceae;Schaedlerella;Schaedlerella;Otu6212;;;;;;;;;;;;;;;;;;
Otu6217;Bacteria;Bacillota_A;Clostridia;Lachnospirales;Lachnospiraceae;Lachnospiraceae;Lachnospiraceae;Otu6217;;;;;;;;;;;;;;;;;;
Otu6220;Bacteria;Bacillota_A;Clostridia;Clostridia;Clostridia;Clostridia;Clostridia;Otu6220;;;;;;;;;;;;;;;;;;
Otu6221;Bacteria;Bacteroidota;Bacteroidia;Bacteroidales;Muribaculaceae;Muribaculaceae;Muribaculaceae;Otu6221;;;;;;;;;;;;;;;;;;
Otu6222;Bacteria;Bacteroidota;Bacteroidia;Bacteroidales;Bacteroidales;Bacteroidales;Bacteroidales;Otu6222;;;;;;;;;;;;;;;;;;
Otu6224;Bacteria;Bacillota_A;Clostridia;Oscillospirales;Oscillospiraceae;Oscillospiraceae;Oscillospiraceae;Otu6224;;;;;;;;;;;;;;;;;;
Otu6235;Bacteria;Bacillota_A;Clostridia;Oscillospirales;Oscillospiraceae;Vescimonas;Vescimonas fastidiosa;Otu6235;;;;;;;;;;;;;;;;;;
Otu6236;Bacteria;Bacillota_A;Clostridia;Monoglobales;Monoglobaceae;Monoglobus;Monoglobus pectinilyticus;Otu6236;;;;;;;;;;;;;;;;;;
Otu6237;Bacteria;Bacillota_A;Clostridia;Christensenellales;Christensenellales;Christensenellales;Christensenellales;Otu6237;;;;;;;;;;;;;;;;;;
Otu6239;Bacteria;Bacillota_A;Clostridia;Oscillospirales;Oscillospiraceae;Faecousia;Faecousia;Otu6239;;;;;;;;;;;;;;;;;;
Otu6240;Bacteria;Bacillota_A;Clostridia;Clostridia;Clostridia;Clostridia;Clostridia;Otu6240;;;;;;;;;;;;;;;;;;
Otu6241;Bacteria;Bacillota_A;Clostridia;Lachnospirales;Lachnospiraceae;Mediterraneibacter;Mediterraneibacter;Otu6241;;;;;;;;;;;;;;;;;;
Otu6244;Bacteria;Bacillota_A;Clostridia;Lachnospirales;Lachnospiraceae;Lachnospiraceae;Lachnospiraceae;Otu6244;;;;;;;;;;;;;;;;;;
Otu6246;Bacteria;Bacillota_I;Bacilli_A;RF39;UBA660;CALVVN01;CALVVN01 sp944350305;Otu6246;;;;;;;;;;;;;;;;;;
Otu6247;Bacteria;Bacillota_A;Clostridia;Oscillospirales;Acutalibacteraceae;Hominenteromicrobium;Hominenteromicrobium;Otu6247;;;;;;;;;;;;;;;;;;
Otu6249;Bacteria;Bacillota_A;Clostridia;Clostridia;Clostridia;Clostridia;Clostridia;Otu6249;;;;;;;;;;;;;;;;;;
Otu6253;Bacteria;Bacillota_A;Clostridia;Lachnospirales;Lachnospiraceae;Lachnospiraceae;Lachnospiraceae;Otu6253;;;;;;;;;;;;;;;;;;
Otu6255;Bacteria;Bacillota_A;Clostridia;Oscillospirales;Ruminococcaceae;Ruminococcus_C;Ruminococcus_C sp000433635;Otu6255;;;;;;;;;;;;;;;;;;
Otu6258;Bacteria;Bacillota_A;Clostridia;Clostridia;Clostridia;Clostridia;Clostridia;Otu6258;;;;;;;;;;;;;;;;;;
Otu6259;Bacteria;Bacillota_A;Clostridia;Oscillospirales;Acutalibacteraceae;Ruminococcus_E;Ruminococcus_E;Otu6259;;;;;;;;;;;;;;;;;;
Otu6266;Bacteria;Bacillota_A;Clostridia;Lachnospirales;Lachnospiraceae;Lachnospiraceae;Lachnospiraceae;Otu6266;;;;;;;;;;;;;;;;;;
Otu6268;Bacteria;Bacillota_A;Clostridia;Christensenellales;Aristaeellaceae;Aristaeellaceae;Aristaeellaceae;Otu6268;;;;;;;;;;;;;;;;;;
Otu6277;Bacteria;Bacillota_A;Clostridia;Lachnospirales;Lachnospiraceae;Lachnospiraceae;Lachnospiraceae;Otu6277;;;;;;;;;;;;;;;;;;
Otu6283;Bacteria;Bacillota_A;Clostridia;Oscillospirales;Oscillospiraceae;Limivicinus;Limivicinus sp002320035;Otu6283;;;;;;;;;;;;;;;;;;
Otu6290;Bacteria;Pseudomonadota;Gammaproteobacteria;Burkholderiales;Burkholderiaceae;Ralstonia;Ralstonia;Otu6290;;;;;;;;;;;;;;;;;;
Otu6292;Bacteria;Bacillota_I;Bacilli_A;RF39;UBA660;CAG-533;CAG-533 sp900551105;Otu6292;;;;;;;;;;;;;;;;;;
Otu6296;Bacteria;Bacteroidota;Bacteroidia;Bacteroidales;Barnesiellaceae;UMGS27;UMGS27 sp900538555;Otu6296;;;;;;;;;;;;;;;;;;
Otu6301;Bacteria;Bacillota_I;Bacilli_A;Erysipelotrichales;Erysipelotrichaceae;Merdibacter;Merdibacter merdipullorum;Otu6301;;;;;;;;;;;;;;;;;;
Otu6303;Bacteria;Bacteroidota;Bacteroidia;Bacteroidales;Bacteroidaceae;Bacteroides;Bacteroides;Otu6303;;;;;;;;;;;;;;;;;;
Otu6313;Bacteria;Bacillota_A;Clostridia;Oscillospirales;Acutalibacteraceae;Avimonas;Avimonas sp012839705;Otu6313;;;;;;;;;;;;;;;;;;
Otu6316;Bacteria;Bacillota_A;Clostridia;Lachnospirales;Lachnospirales;Lachnospirales;Lachnospirales;Otu6316;;;;;;;;;;;;;;;;;;
Otu6322;Bacteria;Bacillota_A;Clostridia;Clostridia;Clostridia;Clostridia;Clostridia;Otu6322;;;;;;;;;;;;;;;;;;
Otu6323;Bacteria;Bacillota_A;Clostridia;Oscillospirales;CAG-272;CAG-390;CAG-390 sp900753295;Otu6323;;;;;;;;;;;;;;;;;;
Otu6329;Bacteria;Bacillota_A;Clostridia;Lachnospirales;Lachnospiraceae;Lachnospiraceae;Lachnospiraceae;Otu6329;;;;;;;;;;;;;;;;;;
Otu6331;Bacteria;Bacillota_C;Negativicutes;Veillonellales;Dialisteraceae;Dialister;Dialister invisus;Otu6331;;;;;;;;;;;;;;;;;;
Otu6333;Bacteria;Bacillota_A;Clostridia;Lachnospirales;Lachnospiraceae;CAG-194;CAG-194 sp018917935;Otu6333;;;;;;;;;;;;;;;;;;
Otu6335;Bacteria;Bacillota_C;Negativicutes;Veillonellales;Megasphaeraceae;Megasphaera;Megasphaera;Otu6335;;;;;;;;;;;;;;;;;;
Otu6339;Bacteria;Bacillota_A;Clostridia;Clostridia;Clostridia;Clostridia;Clostridia;Otu6339;;;;;;;;;;;;;;;;;;
Otu6340;Bacteria;Bacillota_A;Clostridia;Oscillospirales;Ruminococcaceae;Negativibacillus;Negativibacillus;Otu6340;;;;;;;;;;;;;;;;;;
Otu6344;Bacteria;Bacillota_A;Clostridia;Oscillospirales;Acutalibacteraceae;CAG-177;CAG-177 sp003538135;Otu6344;;;;;;;;;;;;;;;;;;
Otu6347;Bacteria;Bacteroidota;Bacteroidia;Bacteroidales;Bacteroidaceae;Phocaeicola;Phocaeicola sp948566455;Otu6347;;;;;;;;;;;;;;;;;;
Otu6352;Bacteria;Bacillota_A;Clostridia;Lachnospirales;Lachnospiraceae;Gallintestinimicrobium;Gallintestinimicrobium propionicum;Otu6352;;;;;;;;;;;;;;;;;;
Otu6353;Bacteria;Bacillota_A;Clostridia;Peptostreptococcales;Peptostreptococcaceae;Peptostreptococcaceae;Peptostreptococcaceae;Otu6353;;;;;;;;;;;;;;;;;;
Otu6356;Bacteria;Bacillota_A;Clostridia;Oscillospirales;Ruminococcaceae;Ruminococcaceae;Ruminococcaceae;Otu6356;;;;;;;;;;;;;;;;;;
Otu6357;Bacteria;Bacillota_A;Clostridia;Clostridia;Clostridia;Clostridia;Clostridia;Otu6357;;;;;;;;;;;;;;;;;;
Otu6359;Bacteria;Bacillota_A;Clostridia;Lachnospirales;Anaerotignaceae;Anaerotignum;Anaerotignum faecicola;Otu6359;;;;;;;;;;;;;;;;;;
Otu6366;Bacteria;Bacillota_A;Clostridia;Oscillospirales;Oscillospiraceae;CAG-170;CAG-170;Otu6366;;;;;;;;;;;;;;;;;;
Otu6367;Bacteria;Bacillota_A;Clostridia;Lachnospirales;Lachnospiraceae;Lachnospiraceae;Lachnospiraceae;Otu6367;;;;;;;;;;;;;;;;;;
Otu6370;Bacteria;Bacillota_A;Clostridia;Clostridia;Clostridia;Clostridia;Clostridia;Otu6370;;;;;;;;;;;;;;;;;;
Otu6379;Bacteria;Bacillota_A;Clostridia;Oscillospirales;Acutalibacteraceae;Ruminococcus_E;Ruminococcus_E;Otu6379;;;;;;;;;;;;;;;;;;
Otu6380;Bacteria;Elusimicrobiota;Elusimicrobia;Elusimicrobiales;Elusimicrobiaceae;Avelusimicrobium;Avelusimicrobium;Otu6380;;;;;;;;;;;;;;;;;;
Otu6383;Bacteria;Bacillota_A;Clostridia;Lachnospirales;Lachnospiraceae;Acetatifactor;Acetatifactor;Otu6383;;;;;;;;;;;;;;;;;;
Otu6384;Bacteria;Bacillota_A;Clostridia;Oscillospirales;Acutalibacteraceae;Ruminococcus_E;Ruminococcus_E;Otu6384;;;;;;;;;;;;;;;;;;
Otu6385;Bacteria;Bacillota_A;Clostridia;Oscillospirales;Ruminococcaceae;Gemmiger;Gemmiger qucibialis;Otu6385;;;;;;;;;;;;;;;;;;
Otu6386;Bacteria;Bacillota_A;Clostridia;Christensenellales;Christensenellaceae;Guopingia;Guopingia tenuis;Otu6386;;;;;;;;;;;;;;;;;;
Otu6391;Bacteria;Bacteroidota;Bacteroidia;Bacteroidales;P3;UBA1711;UBA1711 sp900771365;Otu6391;;;;;;;;;;;;;;;;;;
Otu6393;Bacteria;Pseudomonadota;Gammaproteobacteria;Pseudomonadales;Pseudomonadaceae;Pseudomonas_E;Pseudomonas_E;Otu6393;;;;;;;;;;;;;;;;;;
Otu6400;Bacteria;Bacillota_A;Clostridia;Oscillospirales;Oscillospirales;Oscillospirales;Oscillospirales;Otu6400;;;;;;;;;;;;;;;;;;
Otu6411;Bacteria;Bacillota_A;Clostridia;Lachnospirales;Lachnospiraceae;UBA3402;UBA3402 sp003478355;Otu6411;;;;;;;;;;;;;;;;;;
Otu6413;Bacteria;Bacillota_A;Clostridia;Oscillospirales;Ruminococcaceae;Avimicrobium;Avimicrobium caecorum;Otu6413;;;;;;;;;;;;;;;;;;
Otu6414;Bacteria;Bacillota_A;Clostridia;Eubacteriales;Eubacteriaceae;Eubacterium;Eubacterium limosum;Otu6414;;;;;;;;;;;;;;;;;;
Otu6415;Bacteria;Bacillota_A;Clostridia;Lachnospirales;Lachnospiraceae;Lachnospiraceae;Lachnospiraceae;Otu6415;;;;;;;;;;;;;;;;;;
Otu6417;Bacteria;Bacillota_A;Clostridia;Lachnospirales;Lachnospiraceae;Butyrivibrio_A;Butyrivibrio_A crossotus;Otu6417;;;;;;;;;;;;;;;;;;
Otu6418;Bacteria;Bacteria;Bacteria;Bacteria;Bacteria;Bacteria;Bacteria;Otu6418;;;;;;;;;;;;;;;;;;
Otu6420;Bacteria;Bacillota_C;Negativicutes;Negativicutes;Negativicutes;Negativicutes;Negativicutes;Otu6420;;;;;;;;;;;;;;;;;;
Otu6423;Bacteria;Bacillota_A;Clostridia;Oscillospirales;Oscillospirales;Oscillospirales;Oscillospirales;Otu6423;;;;;;;;;;;;;;;;;;
Otu6424;Bacteria;Bacillota_A;Clostridia;Lachnospirales;Lachnospiraceae;Butyrivibrio;Butyrivibrio sp900112195;Otu6424;;;;;;;;;;;;;;;;;;
Otu6426;Bacteria;Bacillota_A;Clostridia;Lachnospirales;Lachnospiraceae;Anaerobutyricum;Anaerobutyricum soehngenii;Otu6426;;;;;;;;;;;;;;;;;;
Otu6430;Bacteria;Bacillota_A;Clostridia;Lachnospirales;Lachnospiraceae;Lachnospiraceae;Lachnospiraceae;Otu6430;;;;;;;;;;;;;;;;;;
Otu6439;Bacteria;Bacillota_A;Clostridia;Oscillospirales;Acutalibacteraceae;Anaeromassilibacillus;Anaeromassilibacillus sp001305115;Otu6439;;;;;;;;;;;;;;;;;;
Otu6440;Bacteria;Bacteroidota;Bacteroidia;Bacteroidales;Bacteroidales;Bacteroidales;Bacteroidales;Otu6440;;;;;;;;;;;;;;;;;;
Otu6442;Bacteria;Pseudomonadota;Gammaproteobacteria;Burkholderiales;Burkholderiaceae;Duodenibacillus;Duodenibacillus intestinigallinarum;Otu6442;;;;;;;;;;;;;;;;;;
Otu6444;Bacteria;Bacillota_A;Clostridia;Oscillospirales;Acutalibacteraceae;Acutalibacteraceae;Acutalibacteraceae;Otu6444;;;;;;;;;;;;;;;;;;
Otu6446;Bacteria;Bacillota_A;Clostridia;Lachnospirales;Lachnospiraceae;Lachnospiraceae;Lachnospiraceae;Otu6446;;;;;;;;;;;;;;;;;;
Otu6450;Bacteria;Bacillota_A;Clostridia;Oscillospirales;Ruminococcaceae;Huintestinicola;Huintestinicola butyrica;Otu6450;;;;;;;;;;;;;;;;;;
Otu6454;Bacteria;Bacillota_A;Clostridia;Oscillospirales;Oscillospiraceae;Dysosmobacter;Dysosmobacter segnis;Otu6454;;;;;;;;;;;;;;;;;;
Otu6457;Bacteria;Bacillota_A;Clostridia;Oscillospirales;Ruminococcaceae;Ruminococcaceae;Ruminococcaceae;Otu6457;;;;;;;;;;;;;;;;;;
Otu6460;Bacteria;Bacillota_A;Clostridia;Lachnospirales;Lachnospiraceae;Lachnospiraceae;Lachnospiraceae;Otu6460;;;;;;;;;;;;;;;;;;
Otu6463;Bacteria;Bacillota_A;Clostridia;Oscillospirales;Oscillospiraceae;Hominicoprocola;Hominicoprocola sp900317525;Otu6463;;;;;;;;;;;;;;;;;;
Otu6471;Bacteria;Bacillota_A;Clostridia;Lachnospirales;Lachnospiraceae;Lachnospiraceae;Lachnospiraceae;Otu6471;;;;;;;;;;;;;;;;;;
Otu6477;Bacteria;Bacillota_A;Clostridia;Lachnospirales;Lachnospiraceae;Oliverpabstia;Oliverpabstia tarda;Otu6477;;;;;;;;;;;;;;;;;;
Otu6492;Bacteria;Bacillota_A;Clostridia;Lachnospirales;Lachnospiraceae;Lachnospiraceae;Lachnospiraceae;Otu6492;;;;;;;;;;;;;;;;;;
Otu6500;Bacteria;Bacillota_A;Clostridia;Oscillospirales;Oscillospiraceae;CAG-170;CAG-170;Otu6500;;;;;;;;;;;;;;;;;;
Otu6501;Bacteria;Bacillota_A;Clostridia;Oscillospirales;Ruminococcaceae;Merdimmobilis;Merdimmobilis hominis;Otu6501;;;;;;;;;;;;;;;;;;
Otu6502;Bacteria;Bacillota_A;Clostridia;Oscillospirales;Oscillospiraceae;Oscillospiraceae;Oscillospiraceae;Otu6502;;;;;;;;;;;;;;;;;;
Otu6503;Bacteria;Bacteroidota;Bacteroidia;Bacteroidales;Bacteroidaceae;UBA4334;UBA4334;Otu6503;;;;;;;;;;;;;;;;;;
Otu6504;Bacteria;Bacteroidota;Bacteroidia;Bacteroidales;Bacteroidaceae;Bacteroides;Bacteroides;Otu6504;;;;;;;;;;;;;;;;;;
Otu6505;Bacteria;Spirochaetota;Spirochaetia;Treponematales;Treponemataceae;Treponema_D;Treponema_D bryantii_A;Otu6505;;;;;;;;;;;;;;;;;;
Otu6518;Bacteria;Bacillota_A;Clostridia;Oscillospirales;Oscillospiraceae;Oscillospiraceae;Oscillospiraceae;Otu6518;;;;;;;;;;;;;;;;;;
Otu6519;Bacteria;Bacillota_A;Clostridia;Lachnospirales;Lachnospiraceae;Lientehia;Lientehia dongpingensis;Otu6519;;;;;;;;;;;;;;;;;;
Otu6521;Bacteria;Bacillota_A;Clostridia;Lachnospirales;Lachnospiraceae;Coprococcus_A;Coprococcus_A catus;Otu6521;;;;;;;;;;;;;;;;;;
Otu6522;Bacteria;Bacillota_A;Clostridia;Lachnospirales;Lachnospiraceae;Lachnospiraceae;Lachnospiraceae;Otu6522;;;;;;;;;;;;;;;;;;
Otu6523;Bacteria;Pseudomonadota;Alphaproteobacteria;Sphingomonadales;Sphingomonadaceae;Sphingomonas;Sphingomonas desiccabilis;Otu6523;;;;;;;;;;;;;;;;;;
Otu6525;Bacteria;Bacillota;Bacilli;Lactobacillales;Aerococcaceae;Abiotrophia;Abiotrophia defectiva;Otu6525;;;;;;;;;;;;;;;;;;
Otu6532;Bacteria;Bacillota_A;Clostridia;Oscillospirales;CAG-272;UMGS1696;UMGS1696 sp900753285;Otu6532;;;;;;;;;;;;;;;;;;
Otu6533;Bacteria;Bacteroidota;Bacteroidia;Bacteroidales;Bacteroidaceae;Phocaeicola;Phocaeicola vulgatus;Otu6533;;;;;;;;;;;;;;;;;;
Otu6535;Bacteria;Bacillota_A;Clostridia;Christensenellales;UMGS416;CALWDW01;CALWDW01 sp944376795;Otu6535;;;;;;;;;;;;;;;;;;
Otu6536;Bacteria;Bacillota_A;Clostridia;Oscillospirales;Oscillospiraceae;Vescimonas;Vescimonas;Otu6536;;;;;;;;;;;;;;;;;;
Otu6542;Bacteria;Bacteroidota;Bacteroidia;Bacteroidales;Bacteroidaceae;Phocaeicola;Phocaeicola vulgatus;Otu6542;;;;;;;;;;;;;;;;;;
Otu6544;Bacteria;Bacillota_A;Clostridia;Oscillospirales;Ruminococcaceae;Faecalibacterium;Faecalibacterium sp900758465;Otu6544;;;;;;;;;;;;;;;;;;
Otu6545;Bacteria;Bacteroidota;Bacteroidia;Bacteroidales;Bacteroidaceae;Bacteroides;Bacteroides;Otu6545;;;;;;;;;;;;;;;;;;
Otu6546;Bacteria;Bacillota_A;Clostridia;Lachnospirales;Lachnospiraceae;Blautia_A;Blautia_A difficilis;Otu6546;;;;;;;;;;;;;;;;;;
Otu6549;Bacteria;Bacillota_A;Clostridia;Lachnospirales;Lachnospiraceae;Mediterraneibacter;Mediterraneibacter;Otu6549;;;;;;;;;;;;;;;;;;
Otu6552;Bacteria;Bacillota_A;Clostridia;Lachnospirales;Lachnospiraceae;Lachnospiraceae;Lachnospiraceae;Otu6552;;;;;;;;;;;;;;;;;;
Otu6558;Bacteria;Bacillota_A;Clostridia;Lachnospirales;Lachnospiraceae;Lachnospiraceae;Lachnospiraceae;Otu6558;;;;;;;;;;;;;;;;;;
Otu6565;Bacteria;Bacillota_A;Clostridia;Oscillospirales;Acutalibacteraceae;CAG-217;CAG-217 sp000436335;Otu6565;;;;;;;;;;;;;;;;;;
Otu6571;Bacteria;Actinomycetota;Actinomycetes;Propionibacteriales;Kribbellaceae;Kribbella;Kribbella;Otu6571;;;;;;;;;;;;;;;;;;
Otu6574;Bacteria;Bacteroidota;Bacteroidia;Bacteroidales;Bacteroidaceae;Prevotella;Prevotella;Otu6574;;;;;;;;;;;;;;;;;;
Otu6577;Bacteria;Bacillota_A;Clostridia;Lachnospirales;Lachnospiraceae;Lachnospiraceae;Lachnospiraceae;Otu6577;;;;;;;;;;;;;;;;;;
Otu6582;Bacteria;Bacillota_A;Clostridia;Lachnospirales;Lachnospiraceae;Lachnospiraceae;Lachnospiraceae;Otu6582;;;;;;;;;;;;;;;;;;
Otu6583;Bacteria;Bacillota_C;Negativicutes;Veillonellales;Megasphaeraceae;Megasphaera;Megasphaera;Otu6583;;;;;;;;;;;;;;;;;;
Otu6588;Bacteria;Bacillota_A;Clostridia;Oscillospirales;Oscillospiraceae;Hominicoprocola;Hominicoprocola sp900317525;Otu6588;;;;;;;;;;;;;;;;;;
Otu6594;Bacteria;Bacillota_A;Clostridia;Lachnospirales;Lachnospiraceae;Lachnospiraceae;Lachnospiraceae;Otu6594;;;;;;;;;;;;;;;;;;
Otu6598;Bacteria;Bacillota_A;Clostridia;Oscillospirales;Butyricicoccaceae;Agathobaculum;Agathobaculum butyriciproducens;Otu6598;;;;;;;;;;;;;;;;;;
Otu6599;Bacteria;Bacillota_A;Clostridia;Oscillospirales;Oscillospiraceae;Faecousia;Faecousia sp000435995;Otu6599;;;;;;;;;;;;;;;;;;
Otu6601;Bacteria;Bacillota_A;Clostridia;Oscillospirales;Oscillospiraceae;Dysosmobacter;Dysosmobacter segnis;Otu6601;;;;;;;;;;;;;;;;;;
Otu6606;Bacteria;Bacillota_I;Bacilli_A;RF39;UBA660;UBA660;UBA660;Otu6606;;;;;;;;;;;;;;;;;;
Otu6609;Bacteria;Bacillota_A;Clostridia;Lachnospirales;Lachnospiraceae;Lachnospiraceae;Lachnospiraceae;Otu6609;;;;;;;;;;;;;;;;;;
Otu6611;Bacteria;Bacillota_A;Clostridia;Christensenellales;Pumilibacteraceae;UBA10677;UBA10677 sp003533505;Otu6611;;;;;;;;;;;;;;;;;;
Otu6615;Bacteria;Bacillota_A;Clostridia;Lachnospirales;Lachnospiraceae;Alitiscatomonas;Alitiscatomonas sp900066785;Otu6615;;;;;;;;;;;;;;;;;;
Otu6616;Bacteria;Bacillota_A;Clostridia;Lachnospirales;Lachnospiraceae;Lachnospiraceae;Lachnospiraceae;Otu6616;;;;;;;;;;;;;;;;;;
Otu6626;Bacteria;Bacillota_A;Clostridia;Peptostreptococcales;Peptostreptococcaceae;Peptostreptococcaceae;Peptostreptococcaceae;Otu6626;;;;;;;;;;;;;;;;;;
Otu6630;Bacteria;Bacteria;Bacteria;Bacteria;Bacteria;Bacteria;Bacteria;Otu6630;;;;;;;;;;;;;;;;;;
Otu6636;Bacteria;Bacillota_A;Clostridia;Lachnospirales;Lachnospiraceae;Blautia_A;Blautia_A caecimuris;Otu6636;;;;;;;;;;;;;;;;;;
Otu6638;Bacteria;Bacteroidota;Bacteroidia;Bacteroidales;Bacteroidaceae;Phocaeicola;Phocaeicola vulgatus;Otu6638;;;;;;;;;;;;;;;;;;
Otu6639;Bacteria;Bacillota_A;Clostridia;Christensenellales;CAG-138;PeH17;PeH17 sp000435055;Otu6639;;;;;;;;;;;;;;;;;;
Otu6640;Bacteria;Bacteroidota;Bacteroidia;Bacteroidales;Bacteroidaceae;Phocaeicola;Phocaeicola vulgatus;Otu6640;;;;;;;;;;;;;;;;;;
Otu6641;Bacteria;Bacillota_A;Clostridia;Oscillospirales;Oscillospiraceae;Vescimonas;Vescimonas coprocola;Otu6641;;;;;;;;;;;;;;;;;;
Otu6645;Bacteria;Bacillota_A;Clostridia;Lachnospirales;Lachnospiraceae;Otoolea;Otoolea symbiosa;Otu6645;;;;;;;;;;;;;;;;;;
Otu6648;Bacteria;Bacillota_A;Clostridia;Lachnospirales;Lachnospiraceae;Lachnospiraceae;Lachnospiraceae;Otu6648;;;;;;;;;;;;;;;;;;
Otu6654;Bacteria;Bacillota_A;Clostridia;Lachnospirales;Lachnospiraceae;Lachnospiraceae;Lachnospiraceae;Otu6654;;;;;;;;;;;;;;;;;;
Otu6658;Bacteria;Bacillota_A;Clostridia;Oscillospirales;Oscillospiraceae;Oscillospiraceae;Oscillospiraceae;Otu6658;;;;;;;;;;;;;;;;;;
Otu6661;Bacteria;Bacillota_A;Clostridia;Lachnospirales;Lachnospiraceae;Lachnospiraceae;Lachnospiraceae;Otu6661;;;;;;;;;;;;;;;;;;
Otu6665;Bacteria;Bacillota_A;Clostridia;Oscillospirales;Oscillospiraceae;Papillibacter;Papillibacter cinnamivorans;Otu6665;;;;;;;;;;;;;;;;;;
Otu6667;Bacteria;Bacillota_A;Clostridia;Lachnospirales;Lachnospiraceae;Lachnospiraceae;Lachnospiraceae;Otu6667;;;;;;;;;;;;;;;;;;
Otu6671;Bacteria;Bacteroidota;Bacteroidia;Bacteroidales;Bacteroidaceae;Bacteroides;Bacteroides;Otu6671;;;;;;;;;;;;;;;;;;
Otu6675;Bacteria;Bacillota_A;Clostridia;Lachnospirales;Lachnospiraceae;Lachnospiraceae;Lachnospiraceae;Otu6675;;;;;;;;;;;;;;;;;;
Otu6676;Bacteria;Bacillota_A;Clostridia;Lachnospirales;Lachnospiraceae;Lachnospiraceae;Lachnospiraceae;Otu6676;;;;;;;;;;;;;;;;;;
Otu6678;Bacteria;Bacillota_A;Clostridia;Oscillospirales;Oscillospiraceae;Oscillospiraceae;Oscillospiraceae;Otu6678;;;;;;;;;;;;;;;;;;
Otu6680;Bacteria;Bacillota_A;Clostridia;Oscillospirales;Ruminococcaceae;Gemmiger;Gemmiger qucibialis;Otu6680;;;;;;;;;;;;;;;;;;
Otu6684;Bacteria;Bacillota_C;Negativicutes;Veillonellales;Dialisteraceae;Dialister;Dialister;Otu6684;;;;;;;;;;;;;;;;;;
Otu6686;Bacteria;Bacillota_A;Clostridia;Clostridia;Clostridia;Clostridia;Clostridia;Otu6686;;;;;;;;;;;;;;;;;;
Otu6688;Bacteria;Bacillota_A;Clostridia;Clostridia;Clostridia;Clostridia;Clostridia;Otu6688;;;;;;;;;;;;;;;;;;
Otu6694;Bacteria;Bacillota_A;Clostridia;Oscillospirales;Oscillospiraceae;Faecousia;Faecousia;Otu6694;;;;;;;;;;;;;;;;;;
Otu6695;Bacteria;Cyanobacteriota;Vampirovibrionia;Gastranaerophilales;Gastranaerophilaceae;UMGS1477;UMGS1477 sp900552205;Otu6695;;;;;;;;;;;;;;;;;;
Otu6699;Bacteria;Bacillota_A;Clostridia;Lachnospirales;Lachnospiraceae;Lachnospiraceae;Lachnospiraceae;Otu6699;;;;;;;;;;;;;;;;;;
Otu6704;Bacteria;Bacillota_A;Clostridia;Lachnospirales;Lachnospiraceae;Lachnospiraceae;Lachnospiraceae;Otu6704;;;;;;;;;;;;;;;;;;
Otu6707;Bacteria;Bacillota_A;Clostridia;Lachnospirales;Lachnospiraceae;Lachnospiraceae;Lachnospiraceae;Otu6707;;;;;;;;;;;;;;;;;;
Otu6710;Bacteria;Bacillota_A;Clostridia;Lachnospirales;Lachnospiraceae;Jutongia;Jutongia;Otu6710;;;;;;;;;;;;;;;;;;
Otu6711;Bacteria;Bacillota_A;Clostridia;Oscillospirales;Ruminococcaceae;Faecalibacterium;Faecalibacterium;Otu6711;;;;;;;;;;;;;;;;;;
Otu6712;Bacteria;Bacillota_A;Clostridia;Oscillospirales;Ruminococcaceae;Faecalibacterium;Faecalibacterium prausnitzii_A;Otu6712;;;;;;;;;;;;;;;;;;
Otu6714;Bacteria;Bacillota_A;Clostridia;Clostridiales;Clostridiaceae;Clostridium;Clostridium lentum;Otu6714;;;;;;;;;;;;;;;;;;
Otu6715;Bacteria;Bacillota_A;Clostridia;Lachnospirales;Lachnospiraceae;Oliverpabstia;Oliverpabstia;Otu6715;;;;;;;;;;;;;;;;;;
